line	raw_symbol	status	owner	member	demangled
100401	_init_proc	todo	(free function)	_init_proc	_init_proc
100434	sub_521718	todo	(free function)	sub_521718	sub_521718
103700	_ZNSbIwSt11char_traitsIwESaIwEE4_Rep26_M_set_length_and_sharableEm_part_6	todo	std::basic_string<wchar_t, std::char_traits<wchar_t>, std::allocator<wchar_t> >::_Rep	_M_set_length_and_sharable	std::basic_string<wchar_t, std::char_traits<wchar_t>, std::allocator<wchar_t> >::_Rep::_M_set_length_and_sharable(unsigned long)
104791	get_ucp	todo	(free function)	get_ucp	get_ucp
104919	add_not_list_to_class	todo	(free function)	add_not_list_to_class	add_not_list_to_class
104995	emit_restore_flags	todo	(free function)	emit_restore_flags	emit_restore_flags
105036	emit_save_flags	todo	(free function)	emit_save_flags	emit_save_flags
106297	New_Profile	todo	(free function)	New_Profile	New_Profile
106382	End_Profile	todo	(free function)	End_Profile	End_Profile
106444	Insert_Y_Turn	todo	(free function)	Insert_Y_Turn	Insert_Y_Turn
106530	Bezier_Up	todo	(free function)	Bezier_Up	Bezier_Up
106702	Bezier_Down	todo	(free function)	Bezier_Down	Bezier_Down
106747	Conic_To	todo	(free function)	Conic_To	Conic_To
106916	Cubic_To	todo	(free function)	Cubic_To	Cubic_To
107102	Sort	todo	(free function)	Sort	Sort
107169	Line_Up	todo	(free function)	Line_Up	Line_Up
107366	Line_To	todo	(free function)	Line_To	Line_To
107568	Render_Single_Pass	todo	(free function)	Render_Single_Pass	Render_Single_Pass
108621	gray_hline	todo	(free function)	gray_hline	gray_hline
108745	gray_convert_glyph_inner	todo	(free function)	gray_convert_glyph_inner	gray_convert_glyph_inner
108837	gray_convert_glyph	todo	(free function)	gray_convert_glyph	gray_convert_glyph
109636	t42_is_space	todo	(free function)	t42_is_space	t42_is_space
109668	_Z4CrapIN8hb_set_t6page_tEERT_v	todo	(free function)	Crap<hb_set_t::page_t>	hb_set_t::page_t& Crap<hb_set_t::page_t>()
109688	_ZNK8SupplierIN2OT7IntTypeItLj2EEEEixEj_part_27	todo	Supplier<OT::IntType<unsigned short, 2u> >	operator[]	Supplier<OT::IntType<unsigned short, 2u> >::operator[](unsigned int) const
109702	_ZL40arabic_fallback_synthesize_lookup_singlePK18hb_ot_shape_plan_tP9hb_font_tj_isra_51	todo	(free function)	arabic_fallback_synthesize_lookup_single	arabic_fallback_synthesize_lookup_single(hb_ot_shape_plan_t const*, hb_font_t*, unsigned int)
110772	_ZL42arabic_fallback_synthesize_lookup_ligaturePK18hb_ot_shape_plan_tP9hb_font_t_isra_47	todo	(free function)	arabic_fallback_synthesize_lookup_ligature	arabic_fallback_synthesize_lookup_ligature(hb_ot_shape_plan_t const*, hb_font_t*)
111203	_Z4CrapIN8hb_set_t6page_tEERT_v_0	todo	(free function)	Crap<hb_set_t::page_t>	hb_set_t::page_t& Crap<hb_set_t::page_t>()
111221	_Z4CrapIN8hb_set_t6page_tEERT_v_1	todo	(free function)	Crap<hb_set_t::page_t>	hb_set_t::page_t& Crap<hb_set_t::page_t>()
111290	_ZL14apply_backwardPN2OT21hb_ot_apply_context_tERK33hb_ot_layout_lookup_accelerator_tRK9hb_auto_tI11hb_vector_tIN26hb_get_subtables_context_t15hb_applicable_tELj8EEE	todo	(free function)	apply_backward	apply_backward(OT::hb_ot_apply_context_t*, hb_ot_layout_lookup_accelerator_t const&, hb_auto_t<hb_vector_t<hb_get_subtables_context_t::hb_applicable_t, 8u> > const&)
111476	_ZNK18ExceptionSwallowerI8aiReturnEclEv_isra_10	todo	ExceptionSwallower<aiReturn>	operator	ExceptionSwallower<aiReturn>::operator()() const
112304	err_syntax	todo	(free function)	err_syntax	err_syntax
112320	err_limit_isra_26	todo	(free function)	err_limit_isra_26	err_limit_isra_26
112348	strscan_double	todo	(free function)	strscan_double	strscan_double
112404	strscan_dec	todo	(free function)	strscan_dec	strscan_dec
112945	mcode_protfail	todo	(free function)	mcode_protfail	mcode_protfail
112984	cconv_err_initov_isra_6	todo	(free function)	cconv_err_initov_isra_6	cconv_err_initov_isra_6
113008	clib_error_	todo	(free function)	clib_error_	clib_error_
113114	expect100	todo	(free function)	expect100	expect100
113177	setup_range	todo	(free function)	setup_range	setup_range
113239	fix_hostname_isra_4	todo	(free function)	fix_hostname_isra_4	fix_hostname_isra_4
113288	IsPipeliningPossible_isra_5	todo	(free function)	IsPipeliningPossible_isra_5	IsPipeliningPossible_isra_5
113343	start	todo	(free function)	start	start
113365	call_gmon_start	todo	(free function)	call_gmon_start	call_gmon_start
113384	deregister_tm_clones	todo	(free function)	deregister_tm_clones	deregister_tm_clones
113413	register_tm_clones	todo	(free function)	register_tm_clones	register_tm_clones
113447	__do_global_dtors_aux	todo	(free function)	__do_global_dtors_aux	__do_global_dtors_aux
113467	frame_dummy	todo	(free function)	frame_dummy	frame_dummy
113495	_ZN8THObjectD2Ev	todo	THObject	~THObject	THObject::~THObject()
113580	_ZN8THObjectD0Ev	todo	THObject	~THObject	THObject::~THObject()
113667	_ZN8THObject18RegisterConditionsER10TVisObjRefR6TVList	todo	THObject	RegisterConditions	THObject::RegisterConditions(TVisObjRef&, TVList&)
114213	_ZN8THObject7OnEventE10TEventEnumiP17TVisionaireObject	todo	THObject	OnEvent	THObject::OnEvent(TEventEnum, int, TVisionaireObject*)
114600	_ZThn800_N8THObject7OnEventE10TEventEnumiP17TVisionaireObject	todo	THObject	OnEvent	non-virtual thunk to THObject::OnEvent(TEventEnum, int, TVisionaireObject*)
114617	_ZN8THObjectC2ERK10TVisObjRef	todo	THObject	THObject	THObject::THObject(TVisObjRef const&)
114721	_ZN8THObject20UnRegisterConditionsEv	todo	THObject	UnRegisterConditions	THObject::UnRegisterConditions()
114803	_Z34ix86_override_options_after_changev	todo	(free function)	ix86_override_options_after_change	ix86_override_options_after_change()
114826	_ZN13TGPlaceHolderD2Ev	todo	TGPlaceHolder	~TGPlaceHolder	TGPlaceHolder::~TGPlaceHolder()
114844	_ZN13TGPlaceHolderD0Ev	todo	TGPlaceHolder	~TGPlaceHolder	TGPlaceHolder::~TGPlaceHolder()
114867	_ZN13TGPlaceHolderC2ERK10TVisObjRefP11TGInterface	todo	TGPlaceHolder	TGPlaceHolder	TGPlaceHolder::TGPlaceHolder(TVisObjRef const&, TGInterface*)
114890	_ZN14TManagedObject18DrawSnoopAnimationEv	todo	TManagedObject	DrawSnoopAnimation	TManagedObject::DrawSnoopAnimation()
114906	_Z34ix86_override_options_after_changev_0	todo	(free function)	ix86_override_options_after_change	ix86_override_options_after_change()
114929	_ZN8THButtonD2Ev	todo	THButton	~THButton	THButton::~THButton()
115014	_ZN8THButtonD0Ev	todo	THButton	~THButton	THButton::~THButton()
115101	_ZN8THButton18RegisterConditionsER10TVisObjRefR6TVList	todo	THButton	RegisterConditions	THButton::RegisterConditions(TVisObjRef&, TVList&)
115647	_ZN8THButton7OnEventE10TEventEnumiP17TVisionaireObject	todo	THButton	OnEvent	THButton::OnEvent(TEventEnum, int, TVisionaireObject*)
115884	_ZThn648_N8THButton7OnEventE10TEventEnumiP17TVisionaireObject	todo	THButton	OnEvent	non-virtual thunk to THButton::OnEvent(TEventEnum, int, TVisionaireObject*)
115901	_ZN8THButtonC2ERK10TVisObjRefP11TGInterface	todo	THButton	THButton	THButton::THButton(TVisObjRef const&, TGInterface*)
116008	_ZN8THButton20UnRegisterConditionsEv	todo	THButton	UnRegisterConditions	THButton::UnRegisterConditions()
116049	_Z34ix86_override_options_after_changev_1	todo	(free function)	ix86_override_options_after_change	ix86_override_options_after_change()
116072	_ZN8TMObject8SetAlphaEv	todo	TMObject	SetAlpha	TMObject::SetAlpha()
116093	_ZNK8TMObject13GetActionListER6TVList	todo	TMObject	GetActionList	TMObject::GetActionList(TVList&) const
116112	_ZN8TMObject9SetActiveEb	todo	TMObject	SetActive	TMObject::SetActive(bool)
116275	_ZN8TMObjectD2Ev	todo	TMObject	~TMObject	TMObject::~TMObject()
116315	_ZNK8TMObject15GetLanguageNameEv	todo	TMObject	GetLanguageName	TMObject::GetLanguageName() const
116382	_ZN8TMObjectD0Ev	todo	TMObject	~TMObject	TMObject::~TMObject()
116424	_ZN8TMObjectC2ERK10TVisObjRefb	todo	TMObject	TMObject	TMObject::TMObject(TVisObjRef const&, bool)
116572	_Z34ix86_override_options_after_changev_2	todo	(free function)	ix86_override_options_after_change	ix86_override_options_after_change()
116593	sendraw	todo	(free function)	sendraw	sendraw
116670	_Z10HashStringIcEmPKT_	todo	(free function)	HashString<char>	unsigned long HashString<char>(char const*)
117671	recvraw	todo	(free function)	recvraw	recvraw
119586	_Z10SampleTimeR8timespec	todo	(free function)	SampleTime	SampleTime(timespec&)
119602	_Z10Difference8timespec	todo	(free function)	Difference	Difference(timespec)
119631	_Z12LuaDebugNamePKc	todo	(free function)	LuaDebugName	LuaDebugName(char const*)
119647	_Z12SortSubnodesP13CallstackData	todo	(free function)	SortSubnodes	SortSubnodes(CallstackData*)
119981	_Z13AddUpSubnodesP13CallstackData	todo	(free function)	AddUpSubnodes	AddUpSubnodes(CallstackData*)
120362	_Z12profileCleanv	todo	(free function)	profileClean	profileClean()
120400	_ZN17TCPDebuggerServerC2Ev	todo	TCPDebuggerServer	TCPDebuggerServer	TCPDebuggerServer::TCPDebuggerServer()
120439	_ZN17TCPDebuggerServerD2Ev	todo	TCPDebuggerServer	~TCPDebuggerServer	TCPDebuggerServer::~TCPDebuggerServer()
120478	_ZN17TCPDebuggerClientC2Ev	todo	TCPDebuggerClient	TCPDebuggerClient	TCPDebuggerClient::TCPDebuggerClient()
120534	_ZN17TCPDebuggerClient7ProfileEv	todo	TCPDebuggerClient	Profile	TCPDebuggerClient::Profile()
120558	_ZN17TCPDebuggerClient8PrintPosEv	todo	TCPDebuggerClient	PrintPos	TCPDebuggerClient::PrintPos()
120582	_ZN17TCPDebuggerClient7EndAreaENS_11ProfileAreaEi	todo	TCPDebuggerClient	EndArea	TCPDebuggerClient::EndArea(TCPDebuggerClient::ProfileArea, int)
120671	_Z14swapEndiannessRi	todo	(free function)	swapEndianness	swapEndianness(int&)
120693	_ZN17TCPDebuggerClient4SendEiPKcm	todo	TCPDebuggerClient	Send	TCPDebuggerClient::Send(int, char const*, unsigned long)
120785	_ZN17TCPDebuggerServer4BindEPKci	todo	TCPDebuggerServer	Bind	TCPDebuggerServer::Bind(char const*, int)
120877	_ZN17TCPDebuggerServer11GetClientIPEv	todo	TCPDebuggerServer	GetClientIP	TCPDebuggerServer::GetClientIP()
121018	_ZN17TCPDebuggerServer6UpdateEv	todo	TCPDebuggerServer	Update	TCPDebuggerServer::Update()
121153	_ZN17TCPDebuggerServer14GetNextMessageERSs	todo	TCPDebuggerServer	GetNextMessage	TCPDebuggerServer::GetNextMessage(std::basic_string<char, std::char_traits<char>, std::allocator<char> >&)
122770	_ZN17TCPDebuggerClient6UpdateEv	todo	TCPDebuggerClient	Update	TCPDebuggerClient::Update()
122841	_ZN17TCPDebuggerClient14GetNextMessageERSs	todo	TCPDebuggerClient	GetNextMessage	TCPDebuggerClient::GetNextMessage(std::basic_string<char, std::char_traits<char>, std::allocator<char> >&)
122979	_ZN17TCPDebuggerClient4SendEiSs	todo	TCPDebuggerClient	Send	TCPDebuggerClient::Send(int, std::basic_string<char, std::char_traits<char>, std::allocator<char> >)
123098	_ZN17TCPDebuggerClient4SendEi	todo	TCPDebuggerClient	Send	TCPDebuggerClient::Send(int)
123204	_ZN17TCPDebuggerServer4SendEiPKcm	todo	TCPDebuggerServer	Send	TCPDebuggerServer::Send(int, char const*, unsigned long)
123305	_ZN17TCPDebuggerServer4SendEiSs	todo	TCPDebuggerServer	Send	TCPDebuggerServer::Send(int, std::basic_string<char, std::char_traits<char>, std::allocator<char> >)
123408	_ZN17TCPDebuggerServer4SendEi	todo	TCPDebuggerServer	Send	TCPDebuggerServer::Send(int)
123502	_ZN17TCPDebuggerClient7ConnectEPKci	todo	TCPDebuggerClient	Connect	TCPDebuggerClient::Connect(char const*, int)
123638	_Z13PrintSubnodesP13CallstackDataRSs	todo	(free function)	PrintSubnodes	PrintSubnodes(CallstackData*, std::basic_string<char, std::char_traits<char>, std::allocator<char> >&)
123887	_Z9serializeRSsRSt6vectorIP13ProfileResultSaIS2_EE	todo	(free function)	serialize	serialize(std::basic_string<char, std::char_traits<char>, std::allocator<char> >&, std::vector<ProfileResult*, std::allocator<ProfileResult*> >&)
124363	_Z9serializeRSsP13CallstackData	todo	(free function)	serialize	serialize(std::basic_string<char, std::char_traits<char>, std::allocator<char> >&, CallstackData*)
124954	_Z14SerizalizeTypeib_constprop_186	todo	(free function)	SerizalizeType	SerizalizeType(int, bool)
125479	_Z14SerizalizeTypeib	todo	(free function)	SerizalizeType	SerizalizeType(int, bool)
126029	_ZN17TCPDebuggerClient9BeginAreaENS_11ProfileAreaERKSsi	todo	TCPDebuggerClient	BeginArea	TCPDebuggerClient::BeginArea(TCPDebuggerClient::ProfileArea, std::basic_string<char, std::char_traits<char>, std::allocator<char> > const&, int)
126189	_Z18collectProfileDatav	todo	(free function)	collectProfileData	collectProfileData()
127253	_ZN7HashMapIiSt6vectorIiSaIiEE11IntegerHashIiEEixERKi_constprop_191	todo	HashMap<int, std::vector<int, std::allocator<int> >, IntegerHash<int> >	operator[]	HashMap<int, std::vector<int, std::allocator<int> >, IntegerHash<int> >::operator[](int const&)
127363	_Z12debugTCPLoopP9lua_DebugPKc	todo	(free function)	debugTCPLoop	debugTCPLoop(lua_Debug*, char const*)
129833	_ZN17TCPDebuggerClient8ActivateEPKci	todo	TCPDebuggerClient	Activate	TCPDebuggerClient::Activate(char const*, int)
130392	_Z15mainloopTCPLoopv	todo	(free function)	mainloopTCPLoop	mainloopTCPLoop()
132226	_Z16serializeThreadsRSsRSt6vectorIP13ProfileResultSaIS2_EE	todo	(free function)	serializeThreads	serializeThreads(std::basic_string<char, std::char_traits<char>, std::allocator<char> >&, std::vector<ProfileResult*, std::allocator<ProfileResult*> >&)
132882	_ZN17TCPDebuggerClient9NextFrameEv	todo	TCPDebuggerClient	NextFrame	TCPDebuggerClient::NextFrame()
134244	_ZN7HashMapIii11IntegerHashIiEED2Ev	todo	HashMap<int, int, IntegerHash<int> >	~HashMap	HashMap<int, int, IntegerHash<int> >::~HashMap()
134316	_ZN7HashMapIiSt6vectorIiSaIiEE11IntegerHashIiEED2Ev	todo	HashMap<int, std::vector<int, std::allocator<int> >, IntegerHash<int> >	~HashMap	HashMap<int, std::vector<int, std::allocator<int> >, IntegerHash<int> >::~HashMap()
134513	_ZN11ProfileAreaD2Ev	todo	ProfileArea	~ProfileArea	ProfileArea::~ProfileArea()
134537	_ZN13ProfileResultD2Ev	todo	ProfileResult	~ProfileResult	ProfileResult::~ProfileResult()
134570	_ZN11ProfileAreaaSERKS_	todo	ProfileArea	operator=	ProfileArea::operator=(ProfileArea const&)
134622	_ZN8ExpanderIPKcED2Ev	todo	Expander<char const*>	~Expander	Expander<char const*>::~Expander()
134692	_ZN7HashMapIiSt6vectorIiSaIiEE11IntegerHashIiEEC2Ei	todo	HashMap<int, std::vector<int, std::allocator<int> >, IntegerHash<int> >	HashMap	HashMap<int, std::vector<int, std::allocator<int> >, IntegerHash<int> >::HashMap(int)
134794	_ZN7HashMapIii11IntegerHashIiEEC2Ei	todo	HashMap<int, int, IntegerHash<int> >	HashMap	HashMap<int, int, IntegerHash<int> >::HashMap(int)
134897	_ZN8ExpanderISsED2Ev	todo	Expander<std::basic_string<char, std::char_traits<char>, std::allocator<char> > >	~Expander	Expander<std::basic_string<char, std::char_traits<char>, std::allocator<char> > >::~Expander()
135053	_ZN7HashMapIii11IntegerHashIiEEixERKi	todo	HashMap<int, int, IntegerHash<int> >	operator[]	HashMap<int, int, IntegerHash<int> >::operator[](int const&)
135459	_ZN7HashMapISsi10StringHashIPKcEEC2Ei	todo	HashMap<std::basic_string<char, std::char_traits<char>, std::allocator<char> >, int, StringHash<char const*> >	HashMap	HashMap<std::basic_string<char, std::char_traits<char>, std::allocator<char> >, int, StringHash<char const*> >::HashMap(int)
135561	_ZN7HashMapISsi10StringHashIPKcEED2Ev	todo	HashMap<std::basic_string<char, std::char_traits<char>, std::allocator<char> >, int, StringHash<char const*> >	~HashMap	HashMap<std::basic_string<char, std::char_traits<char>, std::allocator<char> >, int, StringHash<char const*> >::~HashMap()
135653	_ZN13StringHashMapISsiPKc10StringHashIS1_EED2Ev	todo	StringHashMap<std::basic_string<char, std::char_traits<char>, std::allocator<char> >, int, char const*, StringHash<char const*> >	~StringHashMap	StringHashMap<std::basic_string<char, std::char_traits<char>, std::allocator<char> >, int, char const*, StringHash<char const*> >::~StringHashMap()
135669	_ZN13hmap_iteratorIii11IntegerHashIiEEppEv	todo	hmap_iterator<int, int, IntegerHash<int> >	operator++	hmap_iterator<int, int, IntegerHash<int> >::operator++()
135743	_ZN8HashNodeISsi10StringHashIPKcEEC2ERKSsRKi	todo	HashNode<std::basic_string<char, std::char_traits<char>, std::allocator<char> >, int, StringHash<char const*> >	HashNode	HashNode<std::basic_string<char, std::char_traits<char>, std::allocator<char> >, int, StringHash<char const*> >::HashNode(std::basic_string<char, std::char_traits<char>, std::allocator<char> > const&, int const&)
135776	_ZN13StringHashMapISsiPKc10StringHashIS1_EEixERKSs	todo	StringHashMap<std::basic_string<char, std::char_traits<char>, std::allocator<char> >, int, char const*, StringHash<char const*> >	operator[]	StringHashMap<std::basic_string<char, std::char_traits<char>, std::allocator<char> >, int, char const*, StringHash<char const*> >::operator[](std::basic_string<char, std::char_traits<char>, std::allocator<char> > const&)
136783	_ZN8HashNodeIiSt6vectorIiSaIiEE11IntegerHashIiEEC2ERKiRKS2_	todo	HashNode<int, std::vector<int, std::allocator<int> >, IntegerHash<int> >	HashNode	HashNode<int, std::vector<int, std::allocator<int> >, IntegerHash<int> >::HashNode(int const&, std::vector<int, std::allocator<int> > const&)
137868	_GLOBAL__sub_I__Z10SampleTimeR8timespec	todo	(free function)	_GLOBAL__sub_I__Z10SampleTimeR8timespec	_GLOBAL__sub_I__Z10SampleTimeR8timespec
137965	_ZNK11TMCharacter9GetCenterEv	todo	TMCharacter	GetCenter	TMCharacter::GetCenter() const
137981	_ZNK11TMCharacter13GetActionListER6TVList	todo	TMCharacter	GetActionList	TMCharacter::GetActionList(TVList&) const
138000	_ZNK11TMCharacter12GetDirectionEv	todo	TMCharacter	GetDirection	TMCharacter::GetDirection() const
138018	_ZN11TMCharacter12SetAnimationEP11TGAnimation	todo	TMCharacter	SetAnimation	TMCharacter::SetAnimation(TGAnimation*)
138064	_ZN11TMCharacterD2Ev	todo	TMCharacter	~TMCharacter	TMCharacter::~TMCharacter()
138081	_ZNK11TMCharacter8IsInsideERK7wxPointRK12TGDetectInfo	todo	TMCharacter	IsInside	TMCharacter::IsInside(wxPoint const&, TGDetectInfo const&) const
138144	_ZNK11TMCharacter8IsInsideERK7wxPoint	todo	TMCharacter	IsInside	TMCharacter::IsInside(wxPoint const&) const
138400	_ZN11TMCharacterD0Ev	todo	TMCharacter	~TMCharacter	TMCharacter::~TMCharacter()
138422	_ZNK11TMCharacter15GetLanguageNameEv	todo	TMCharacter	GetLanguageName	TMCharacter::GetLanguageName() const
138489	_ZN11TMCharacterC2ERK10TVisObjRef	todo	TMCharacter	TMCharacter	TMCharacter::TMCharacter(TVisObjRef const&)
138513	_Z34ix86_override_options_after_changev_3	todo	(free function)	ix86_override_options_after_change	ix86_override_options_after_change()
138536	_ZN11TGInterface4DrawEv	todo	TGInterface	Draw	TGInterface::Draw()
138951	_ZN11TGInterface14RemoveAllItemsEv	todo	TGInterface	RemoveAllItems	TGInterface::RemoveAllItems()
138996	_ZN11TGInterface17InitActiveCommandEv	todo	TGInterface	InitActiveCommand	TGInterface::InitActiveCommand()
139195	_ZNK11TGInterface9GetObjectERK7wxPoint	todo	TGInterface	GetObject	TGInterface::GetObject(wxPoint const&) const
139404	_ZNK11TGInterface9GetObjectERK10TVisObjRef	todo	TGInterface	GetObject	TGInterface::GetObject(TVisObjRef const&) const
139532	_ZNK11TGInterface8IsInsideERK7wxPoint	todo	TGInterface	IsInside	TGInterface::IsInside(wxPoint const&) const
139698	_ZN11TGInterface10SetPolygonERKSt6vectorI7wxPointSaIS1_EE	todo	TGInterface	SetPolygon	TGInterface::SetPolygon(std::vector<wxPoint, std::allocator<wxPoint> > const&)
139738	_ZNK11TGInterface14GetPlaceHolderEPK14TManagedObject	todo	TGInterface	GetPlaceHolder	TGInterface::GetPlaceHolder(TManagedObject const*) const
139810	_ZN11TGInterface15StartAnimationsEv	todo	TGInterface	StartAnimations	TGInterface::StartAnimations()
139858	_ZN11TGInterface18ReattachAnimationsEv	todo	TGInterface	ReattachAnimations	TGInterface::ReattachAnimations()
139893	_ZN11TGInterface12SetDestAlphaEii	todo	TGInterface	SetDestAlpha	TGInterface::SetDestAlpha(int, int)
140019	_ZN11TGInterface11UpdateAlphaEv	todo	TGInterface	UpdateAlpha	TGInterface::UpdateAlpha()
140123	_ZNK11TGInterface12GetDestAlphaEv	todo	TGInterface	GetDestAlpha	TGInterface::GetDestAlpha() const
140141	_ZN11TGInterface26RemoveSpritesAndAnimationsEv	todo	TGInterface	RemoveSpritesAndAnimations	TGInterface::RemoveSpritesAndAnimations()
140195	_ZN11TGInterface17TestActiveObjectsEv	todo	TGInterface	TestActiveObjects	TGInterface::TestActiveObjects()
140398	_ZN11TGInterface16SetObjectsActiveEb	todo	TGInterface	SetObjectsActive	TGInterface::SetObjectsActive(bool)
140606	_ZN11TGInterface18UpdateActiveStatusEv	todo	TGInterface	UpdateActiveStatus	TGInterface::UpdateActiveStatus()
140682	_ZN11TGInterface16SetActiveCommandERK10TVisObjRefb	todo	TGInterface	SetActiveCommand	TGInterface::SetActiveCommand(TVisObjRef const&, bool)
140798	_ZN11TGInterface16GetActiveCommandEv	todo	TGInterface	GetActiveCommand	TGInterface::GetActiveCommand()
140830	_ZN11TGInterface4LoadEv	todo	TGInterface	Load	TGInterface::Load()
141155	_ZN11TGInterfaceD2Ev	todo	TGInterface	~TGInterface	TGInterface::~TGInterface()
141556	_ZN11TGInterfaceD0Ev	todo	TGInterface	~TGInterface	TGInterface::~TGInterface()
141576	_ZN11TGInterface11UpdateItemsERK6TVList	todo	TGInterface	UpdateItems	TGInterface::UpdateItems(TVList const&)
142053	_ZN11TGInterface4InitEv	todo	TGInterface	Init	TGInterface::Init()
143021	_ZN11TGInterfaceC2ERK10TVisObjRef	todo	TGInterface	TGInterface	TGInterface::TGInterface(TVisObjRef const&)
143284	_ZN13TPaintControl7PrepareEv	todo	TPaintControl	Prepare	TPaintControl::Prepare()
143397	_ZN7HashMapI3TIdi7TIdHashED2Ev	todo	HashMap<TId, int, TIdHash>	~HashMap	HashMap<TId, int, TIdHash>::~HashMap()
144139	_Z34ix86_override_options_after_changev_4	todo	(free function)	ix86_override_options_after_change	ix86_override_options_after_change()
144162	_ZN6THText7OnEventE10TEventEnumiP17TVisionaireObject	todo	THText	OnEvent	THText::OnEvent(TEventEnum, int, TVisionaireObject*)
144186	_ZThn160_N6THText7OnEventE10TEventEnumiP17TVisionaireObject	todo	THText	OnEvent	non-virtual thunk to THText::OnEvent(TEventEnum, int, TVisionaireObject*)
144203	_ZN6THTextD2Ev	todo	THText	~THText	THText::~THText()
144244	_ZN6THTextD0Ev	todo	THText	~THText	THText::~THText()
144287	_ZN6THTextC2ERK10TVisObjRefS2_	todo	THText	THText	THText::THText(TVisObjRef const&, TVisObjRef const&)
144330	_ZN6THTextC2ERK10TVisObjRefS2_P11TGCharacterS2_17TextAlignmentEnumS2_RK7wxPointbb	todo	THText	THText	THText::THText(TVisObjRef const&, TVisObjRef const&, TGCharacter*, TVisObjRef const&, TextAlignmentEnum, TVisObjRef const&, wxPoint const&, bool, bool)
144387	_Z34ix86_override_options_after_changev_5	todo	(free function)	ix86_override_options_after_change	ix86_override_options_after_change()
144410	_Z9getGPUMemv	todo	(free function)	getGPUMem	getGPUMem()
144468	_Z13getProcessMemv	todo	(free function)	getProcessMem	getProcessMem()
144484	_Z12GetTickCountv	todo	(free function)	GetTickCount	GetTickCount()
144499	_ZN11TDiagnostic14RemoveFromPartE8wxStringi	todo	TDiagnostic	RemoveFromPart	TDiagnostic::RemoveFromPart(wxString, int)
144566	_ZN11TDiagnostic6UpdateEv	todo	TDiagnostic	Update	TDiagnostic::Update()
144640	_ZN11TDiagnostic9FrameStatEim	todo	TDiagnostic	FrameStat	TDiagnostic::FrameStat(int, unsigned long)
144692	_ZN11TDiagnostic14BeginFrameStatEi	todo	TDiagnostic	BeginFrameStat	TDiagnostic::BeginFrameStat(int)
144716	_ZN11TDiagnostic12EndFrameStatEi	todo	TDiagnostic	EndFrameStat	TDiagnostic::EndFrameStat(int)
144774	_ZN11TDiagnostic17EndAddFixedRegionEv	todo	TDiagnostic	EndAddFixedRegion	TDiagnostic::EndAddFixedRegion()
145052	_ZN11TDiagnostic14AddFixedMemoryEi8wxString	todo	TDiagnostic	AddFixedMemory	TDiagnostic::AddFixedMemory(int, wxString)
145166	_ZN11TDiagnostic11DrawDiagramEv	todo	TDiagnostic	DrawDiagram	TDiagnostic::DrawDiagram()
147901	_ZN11TDiagnostic9AddToPartE8wxStringi	todo	TDiagnostic	AddToPart	TDiagnostic::AddToPart(wxString, int)
148059	_ZN11TDiagnostic14EndFixedRegionEv	todo	TDiagnostic	EndFixedRegion	TDiagnostic::EndFixedRegion()
148293	_ZN11TDiagnostic16BeginFixedRegionE8wxString	todo	TDiagnostic	BeginFixedRegion	TDiagnostic::BeginFixedRegion(wxString)
148405	_ZN4Geni10mslocale_tD2Ev	todo	Geni::mslocale_t	~mslocale_t	Geni::mslocale_t::~mslocale_t()
148744	_GLOBAL__sub_I_lastFrameTime	todo	(free function)	_GLOBAL__sub_I_lastFrameTime	_GLOBAL__sub_I_lastFrameTime
148778	_ZNK11TGAnimation22CanRemoveCurrentSpriteEv	todo	TGAnimation	CanRemoveCurrentSprite	TGAnimation::CanRemoveCurrentSprite() const
148837	_ZNK11TGAnimation18NextSpriteSelectedEv	todo	TGAnimation	NextSpriteSelected	TGAnimation::NextSpriteSelected() const
149433	_ZN11TGAnimation5StartEbf	todo	TGAnimation	Start	TGAnimation::Start(bool, float)
149503	_Z6FindIdRSt4listIP11TGAnimationSaIS1_EERK3TId	todo	(free function)	FindId	FindId(std::list<TGAnimation*, std::allocator<TGAnimation*> >&, TId const&)
149578	_Z9FindIdObjRSt4listIP11TGAnimationSaIS1_EERK3TId	todo	(free function)	FindIdObj	FindIdObj(std::list<TGAnimation*, std::allocator<TGAnimation*> >&, TId const&)
149631	_ZN11TGAnimation29NotifyOwnersAnimationFinishedEv	todo	TGAnimation	NotifyOwnersAnimationFinished	TGAnimation::NotifyOwnersAnimationFinished()
149671	_ZN11TGAnimation11DetachOwnerEP15TAnimationOwner	todo	TGAnimation	DetachOwner	TGAnimation::DetachOwner(TAnimationOwner*)
149739	_ZN11TGAnimation11SetParallaxEii	todo	TGAnimation	SetParallax	TGAnimation::SetParallax(int, int)
149784	_ZN11TGAnimation7PrepareEv	todo	TGAnimation	Prepare	TGAnimation::Prepare()
149811	_ZN11TGAnimation4DrawEfji	todo	TGAnimation	Draw	TGAnimation::Draw(float, unsigned int, int)
150133	_ZN11TGAnimation9DrawMixedEfjRKSt6vectorIPS_SaIS1_EE	todo	TGAnimation	DrawMixed	TGAnimation::DrawMixed(float, unsigned int, std::vector<TGAnimation*, std::allocator<TGAnimation*> > const&)
150237	_ZN11TGAnimation16DrawWithLightMapEfPvi	todo	TGAnimation	DrawWithLightMap	TGAnimation::DrawWithLightMap(float, void*, int)
150366	_ZN11TGAnimation24ContinueStoppedAnimationEv	todo	TGAnimation	ContinueStoppedAnimation	TGAnimation::ContinueStoppedAnimation()
150530	_ZNK11TGAnimation11IsPreloadedEv	todo	TGAnimation	IsPreloaded	TGAnimation::IsPreloaded() const
150548	_ZN11TGAnimation16SetStartedByUserEb	todo	TGAnimation	SetStartedByUser	TGAnimation::SetStartedByUser(bool)
150569	_ZN11TGAnimation18ContinueAnimationsEv	todo	TGAnimation	ContinueAnimations	TGAnimation::ContinueAnimations()
150782	_ZN11TGAnimation15ClearAnimationsEv	todo	TGAnimation	ClearAnimations	TGAnimation::ClearAnimations()
150832	_ZN11TGAnimation13HideAnimationESt14_List_iteratorIPS_ERK10TVisObjRef	todo	TGAnimation	HideAnimation	TGAnimation::HideAnimation(std::_List_iterator<TGAnimation*>, TVisObjRef const&)
151164	_ZN11TGAnimation13HideAnimationERK10TVisObjRef	todo	TGAnimation	HideAnimation	TGAnimation::HideAnimation(TVisObjRef const&)
151331	_ZN11TGAnimation13HideAnimationEPS_P15TAnimationOwner	todo	TGAnimation	HideAnimation	TGAnimation::HideAnimation(TGAnimation*, TAnimationOwner*)
151723	_ZN11TGAnimation15UnloadAnimationERK10TVisObjRef	todo	TGAnimation	UnloadAnimation	TGAnimation::UnloadAnimation(TVisObjRef const&)
152004	_ZN11TGAnimation18AnimationIsRunningERK10TVisObjRef	todo	TGAnimation	AnimationIsRunning	TGAnimation::AnimationIsRunning(TVisObjRef const&)
152083	_ZN11TGAnimation21StopRunningAnimationsEv	todo	TGAnimation	StopRunningAnimations	TGAnimation::StopRunningAnimations()
152373	_ZN11TGAnimation25ContinueStoppedAnimationsEv	todo	TGAnimation	ContinueStoppedAnimations	TGAnimation::ContinueStoppedAnimations()
152490	_ZN11TGAnimation20GetAnimationByObjectERK10TVisObjRef	todo	TGAnimation	GetAnimationByObject	TGAnimation::GetAnimationByObject(TVisObjRef const&)
152547	_ZN11TGAnimation12GetAnimationERK10TVisObjRef	todo	TGAnimation	GetAnimation	TGAnimation::GetAnimation(TVisObjRef const&)
152622	_ZN11TGAnimation24GetObjectAnimationByNameERK10TVisObjRefRK8wxString	todo	TGAnimation	GetObjectAnimationByName	TGAnimation::GetObjectAnimationByName(TVisObjRef const&, wxString const&)
152781	_ZN11TGAnimation24GetObjectAnimationByNameERK10TVisObjRefRK8wxStringS5_	todo	TGAnimation	GetObjectAnimationByName	TGAnimation::GetObjectAnimationByName(TVisObjRef const&, wxString const&, wxString const&)
152978	_ZN11TGAnimation27GetCharacterAnimationByNameER10TVisObjRefR8wxString	todo	TGAnimation	GetCharacterAnimationByName	TGAnimation::GetCharacterAnimationByName(TVisObjRef&, wxString&)
153297	_ZN11TGAnimation18GetAnimationByNameERK8wxString	todo	TGAnimation	GetAnimationByName	TGAnimation::GetAnimationByName(wxString const&)
153356	_ZN11TGAnimation16GetAnimationByIdEi	todo	TGAnimation	GetAnimationById	TGAnimation::GetAnimationById(int)
153448	_ZN11TGAnimation13GetAnimationsER6TVList	todo	TGAnimation	GetAnimations	TGAnimation::GetAnimations(TVList&)
153487	_ZN11TGAnimation4LoadEv	todo	TGAnimation	Load	TGAnimation::Load()
153583	_ZN11TGAnimation14LoadAnimationsEv	todo	TGAnimation	LoadAnimations	TGAnimation::LoadAnimations()
153999	_ZN11TGAnimation4SaveEv	todo	TGAnimation	Save	TGAnimation::Save()
154103	_ZN11TGAnimation14SaveAnimationsEv	todo	TGAnimation	SaveAnimations	TGAnimation::SaveAnimations()
154134	_ZN11TGAnimation31RegisterEventHandlerAnimStartedERK8wxString	todo	TGAnimation	RegisterEventHandlerAnimStarted	TGAnimation::RegisterEventHandlerAnimStarted(wxString const&)
154153	_ZN11TGAnimation31RegisterEventHandlerAnimStoppedERK8wxString	todo	TGAnimation	RegisterEventHandlerAnimStopped	TGAnimation::RegisterEventHandlerAnimStopped(wxString const&)
154172	_ZN11TGAnimation26GetEventHandlerAnimStartedEv	todo	TGAnimation	GetEventHandlerAnimStarted	TGAnimation::GetEventHandlerAnimStarted()
154212	_ZN11TGAnimation26GetEventHandlerAnimStoppedEv	todo	TGAnimation	GetEventHandlerAnimStopped	TGAnimation::GetEventHandlerAnimStopped()
154252	_ZN11TGAnimation19GetAnimationDetailsESt14_List_iteratorIPS_ERSt4listI8wxStringSaIS4_EE	todo	TGAnimation	GetAnimationDetails	TGAnimation::GetAnimationDetails(std::_List_iterator<TGAnimation*>, std::list<wxString, std::allocator<wxString> >&)
155873	_ZN11TGAnimation22PrintRunningAnimationsERSt4listI8wxStringSaIS1_EEb	todo	TGAnimation	PrintRunningAnimations	TGAnimation::PrintRunningAnimations(std::list<wxString, std::allocator<wxString> >&, bool)
156224	_ZN11TGAnimation17GetAnimationCountEv	todo	TGAnimation	GetAnimationCount	TGAnimation::GetAnimationCount()
156255	_ZN11TGAnimation13DrawAnimationEiR7wxPointjfRSt4listI8wxStringSaIS3_EEb	todo	TGAnimation	DrawAnimation	TGAnimation::DrawAnimation(int, wxPoint&, unsigned int, float, std::list<wxString, std::allocator<wxString> >&, bool)
156549	_ZN11TGAnimation22GetSizeOfAllAnimationsEv	todo	TGAnimation	GetSizeOfAllAnimations	TGAnimation::GetSizeOfAllAnimations()
156602	_ZN11TGAnimation20GetRunningAnimationsEv	todo	TGAnimation	GetRunningAnimations	TGAnimation::GetRunningAnimations()
156619	_ZN11TGAnimationD2Ev	todo	TGAnimation	~TGAnimation	TGAnimation::~TGAnimation()
156707	_ZN11TGAnimationD0Ev	todo	TGAnimation	~TGAnimation	TGAnimation::~TGAnimation()
156727	_ZN11TGAnimationC2ERK10TVisObjRefS2_	todo	TGAnimation	TGAnimation	TGAnimation::TGAnimation(TVisObjRef const&, TVisObjRef const&)
156908	_ZN11TGAnimation16PreloadAnimationERK10TVisObjRef	todo	TGAnimation	PreloadAnimation	TGAnimation::PreloadAnimation(TVisObjRef const&)
157331	_ZN11TGAnimation17StartLuaAnimationERK10TVisObjRefbf	todo	TGAnimation	StartLuaAnimation	TGAnimation::StartLuaAnimation(TVisObjRef const&, bool, float)
157743	_ZN11TGAnimation14StartAnimationERK10TVisObjRefP15TAnimationOwnerbfi	todo	TGAnimation	StartAnimation	TGAnimation::StartAnimation(TVisObjRef const&, TAnimationOwner*, bool, float, int)
158721	_ZN11TGAnimation18ReattachAnimationsER14TManagedObject	todo	TGAnimation	ReattachAnimations	TGAnimation::ReattachAnimations(TManagedObject&)
158833	_ZNK11TCAnimation16WaitBetweenLoopsEv	todo	TCAnimation	WaitBetweenLoops	TCAnimation::WaitBetweenLoops() const
159161	_GLOBAL__sub_I_defaultShader	todo	(free function)	_GLOBAL__sub_I_defaultShader	_GLOBAL__sub_I_defaultShader
159199	_ZNK14TMSavegameArea13GetActionListER6TVList	todo	TMSavegameArea	GetActionList	TMSavegameArea::GetActionList(TVList&) const
159215	_ZN14TMSavegameArea12ExecuteEventER11TGEventInfo	todo	TMSavegameArea	ExecuteEvent	TMSavegameArea::ExecuteEvent(TGEventInfo&)
159231	_ZN14TMSavegameAreaD2Ev	todo	TMSavegameArea	~TMSavegameArea	TMSavegameArea::~TMSavegameArea()
159248	_ZNK14TMSavegameArea8IsInsideERK7wxPoint	todo	TMSavegameArea	IsInside	TMSavegameArea::IsInside(wxPoint const&) const
159273	_ZN14TMSavegameAreaD0Ev	todo	TMSavegameArea	~TMSavegameArea	TMSavegameArea::~TMSavegameArea()
159295	_ZN14TMSavegameAreaC2ERK6wxRect	todo	TMSavegameArea	TMSavegameArea	TMSavegameArea::TMSavegameArea(wxRect const&)
159333	_Z34ix86_override_options_after_changev_6	todo	(free function)	ix86_override_options_after_change	ix86_override_options_after_change()
159356	_ZNK10TMSavegame13GetActionListER6TVList	todo	TMSavegame	GetActionList	TMSavegame::GetActionList(TVList&) const
159372	_ZN10TMSavegame12ExecuteEventER11TGEventInfo	todo	TMSavegame	ExecuteEvent	TMSavegame::ExecuteEvent(TGEventInfo&)
159388	_ZN10TMSavegameD2Ev	todo	TMSavegame	~TMSavegame	TMSavegame::~TMSavegame()
159521	_ZN10TMSavegameD0Ev	todo	TMSavegame	~TMSavegame	TMSavegame::~TMSavegame()
159541	_ZN10TMSavegameC2EbiiiP15TVisionaireGame	todo	TMSavegame	TMSavegame	TMSavegame::TMSavegame(bool, int, int, int, TVisionaireGame*)
159885	_ZN10TMSavegame16InitSaveGamePathEv	todo	TMSavegame	InitSaveGamePath	TMSavegame::InitSaveGamePath()
159959	_ZN10TMSavegame23GetSavegameComposedFileEv	todo	TMSavegame	GetSavegameComposedFile	TMSavegame::GetSavegameComposedFile()
159999	_ZN10TMSavegame17SetSaveDataOnlineEb	todo	TMSavegame	SetSaveDataOnline	TMSavegame::SetSaveDataOnline(bool)
160014	_ZNK10TMSavegame13GetSavegameNrEv	todo	TMSavegame	GetSavegameNr	TMSavegame::GetSavegameNr() const
160032	_ZNK10TMSavegame11GetFileNameEv	todo	TMSavegame	GetFileName	TMSavegame::GetFileName() const
160199	_ZN10TMSavegame4DrawEv	todo	TMSavegame	Draw	TMSavegame::Draw()
160840	_ZN10TMSavegame9SetActiveEb	todo	TMSavegame	SetActive	TMSavegame::SetActive(bool)
161687	_ZN10TMSavegame16MakeSaveGameNameERK10TVisObjRef	todo	TMSavegame	MakeSaveGameName	TMSavegame::MakeSaveGameName(TVisObjRef const&)
162236	_ZN10TMSavegame12SaveSnapShotERK10wxFileName	todo	TMSavegame	SaveSnapShot	TMSavegame::SaveSnapShot(wxFileName const&)
162327	_ZN10TMSavegame13CheckVisPathsEv	todo	TMSavegame	CheckVisPaths	TMSavegame::CheckVisPaths()
162986	_ZN10TMSavegame17SetScreenshotRectERK6wxRect	todo	TMSavegame	SetScreenshotRect	TMSavegame::SetScreenshotRect(wxRect const&)
163037	_ZN10TMSavegame8DrawTextEv	todo	TMSavegame	DrawText	TMSavegame::DrawText()
163096	_ZN10TMSavegame6DeleteEv	todo	TMSavegame	Delete	TMSavegame::Delete()
163219	_ZN10TMSavegame6ExistsEv	todo	TMSavegame	Exists	TMSavegame::Exists()
163282	_ZN10TMSavegame14SavegameExistsEv	todo	TMSavegame	SavegameExists	TMSavegame::SavegameExists()
163411	_ZN10TMSavegame8SaveGameERK26TBufferedProjectFileWriter	todo	TMSavegame	SaveGame	TMSavegame::SaveGame(TBufferedProjectFileWriter const&)
164367	_ZN10TMSavegame20GetExistingSaveGamesERSt6vectorIiSaIiEE	todo	TMSavegame	GetExistingSaveGames	TMSavegame::GetExistingSaveGames(std::vector<int, std::allocator<int> >&)
164898	_ZN7HashMapI8wxStringS0_10StringHashIPKwEED2Ev	todo	HashMap<wxString, wxString, StringHash<wchar_t const*> >	~HashMap	HashMap<wxString, wxString, StringHash<wchar_t const*> >::~HashMap()
165534	_GLOBAL__sub_I__ZN10TMSavegame17s_strSaveGamePathE	todo	(free function)	_GLOBAL__sub_I__ZN10TMSavegame17s_strSaveGamePathE	_GLOBAL__sub_I__ZN10TMSavegame17s_strSaveGamePathE
165577	_ZN8TMButton15SetActiveSpriteEb	todo	TMButton	SetActiveSprite	TMButton::SetActiveSprite(bool)
165598	_ZN8TMButton13RemoveSpritesEv	todo	TMButton	RemoveSprites	TMButton::RemoveSprites()
165628	_ZN8TMButton9SetActiveEb	todo	TMButton	SetActive	TMButton::SetActive(bool)
165712	_ZNK8TMButton13GetActionListER6TVList	todo	TMButton	GetActionList	TMButton::GetActionList(TVList&) const
165731	_ZN8TMButtonD2Ev	todo	TMButton	~TMButton	TMButton::~TMButton()
165783	_ZN8TMButtonD0Ev	todo	TMButton	~TMButton	TMButton::~TMButton()
165837	_ZN8TMButtonC2ERK10TVisObjRef	todo	TMButton	TMButton	TMButton::TMButton(TVisObjRef const&)
166091	_ZN8TMButton14StartAnimationEv	todo	TMButton	StartAnimation	TMButton::StartAnimation()
166172	_ZN8TMButton12SetAnimationEP11TGAnimation	todo	TMButton	SetAnimation	TMButton::SetAnimation(TGAnimation*)
166412	_Z34ix86_override_options_after_changev_7	todo	(free function)	ix86_override_options_after_change	ix86_override_options_after_change()
166435	_ZN7TGScene7PrepareEv	todo	TGScene	Prepare	TGScene::Prepare()
166568	_ZN7TGScene4DrawEv	todo	TGScene	Draw	TGScene::Draw()
166997	_ZN7TGScene5ClearEv	todo	TGScene	Clear	TGScene::Clear()
167139	_ZN7TGScene8EndSceneEv	todo	TGScene	EndScene	TGScene::EndScene()
167268	_ZN7TGScene14ClearSavegamesEv	todo	TGScene	ClearSavegames	TGScene::ClearSavegames()
167333	_ZNK7TGScene9GetObjectERK7wxPoint	todo	TGScene	GetObject	TGScene::GetObject(wxPoint const&) const
167446	_ZN7TGScene13GetCharactersEv	todo	TGScene	GetCharacters	TGScene::GetCharacters()
167462	_ZN7TGScene19InitialiseCharacterERK10TVisObjRefRK7wxPointiS2_	todo	TGScene	InitialiseCharacter	TGScene::InitialiseCharacter(TVisObjRef const&, wxPoint const&, int, TVisObjRef const&)
167607	_ZN7TGScene10BeforeFadeEv	todo	TGScene	BeforeFade	TGScene::BeforeFade()
167649	_ZNK7TGScene6IsMenuEv	todo	TGScene	IsMenu	TGScene::IsMenu() const
167666	_ZNK7TGScene9GetObjectERK10TVisObjRef	todo	TGScene	GetObject	TGScene::GetObject(TVisObjRef const&) const
167742	_ZN7TGScene19ShowSnoopAnimationsEbi	todo	TGScene	ShowSnoopAnimations	TGScene::ShowSnoopAnimations(bool, int)
167896	_ZN7TGScene20UpdateSnoopAnimAlphaEv	todo	TGScene	UpdateSnoopAnimAlpha	TGScene::UpdateSnoopAnimAlpha()
167998	_ZNK7TGScene17GetSnoopAnimAlphaEv	todo	TGScene	GetSnoopAnimAlpha	TGScene::GetSnoopAnimAlpha() const
168015	_ZN7TGScene14SelectSavegameERK7wxPoint	todo	TGScene	SelectSavegame	TGScene::SelectSavegame(wxPoint const&)
168068	_ZN7TGScene22DeleteSelectedSavegameEv	todo	TGScene	DeleteSelectedSavegame	TGScene::DeleteSelectedSavegame()
168129	_ZNK7TGScene13GetSavegameAtERK7wxPoint	todo	TGScene	GetSavegameAt	TGScene::GetSavegameAt(wxPoint const&) const
168202	_ZN7TGScene15ScrollSavegamesEb	todo	TGScene	ScrollSavegames	TGScene::ScrollSavegames(bool)
168304	_ZN7TGScene18SetActiveSavegamesEv	todo	TGScene	SetActiveSavegames	TGScene::SetActiveSavegames()
168366	_ZN7TGScene19SetSelectedSavegameEi	todo	TGScene	SetSelectedSavegame	TGScene::SetSelectedSavegame(int)
168383	_ZN7TGScene18SetCurrentLightmapEv	todo	TGScene	SetCurrentLightmap	TGScene::SetCurrentLightmap()
168670	_ZN7TGScene20InitialiseBackgroundEv	todo	TGScene	InitialiseBackground	TGScene::InitialiseBackground()
169184	_ZNK7TGScene11GetLightMapEv	todo	TGScene	GetLightMap	TGScene::GetLightMap() const
169199	_ZNK7TGScene13GetBrightnessEv	todo	TGScene	GetBrightness	TGScene::GetBrightness() const
169215	_ZN7TGScene15InitActionAreasEv	todo	TGScene	InitActionAreas	TGScene::InitActionAreas()
169506	_ZN7TGScene16ClearActionAreasEv	todo	TGScene	ClearActionAreas	TGScene::ClearActionAreas()
169631	_ZN7TGScene14GetActionAreasERK10TVisObjRef	todo	TGScene	GetActionAreas	TGScene::GetActionAreas(TVisObjRef const&)
169691	_ZN7TGSceneD2Ev	todo	TGScene	~TGScene	TGScene::~TGScene()
169894	_ZN7TGSceneD0Ev	todo	TGScene	~TGScene	TGScene::~TGScene()
169914	_ZN7TGSceneC2Ev	todo	TGScene	TGScene	TGScene::TGScene()
170139	_ZN7TGScene13SetCharactersEv	todo	TGScene	SetCharacters	TGScene::SetCharacters()
170482	_ZN7TGScene12SetCharacterERK10TVisObjRefS2_RK7wxPointi	todo	TGScene	SetCharacter	TGScene::SetCharacter(TVisObjRef const&, TVisObjRef const&, wxPoint const&, int)
170599	_ZN7TGScene12SetCharacterERK10TVisObjRefS2_i	todo	TGScene	SetCharacter	TGScene::SetCharacter(TVisObjRef const&, TVisObjRef const&, int)
170770	_ZN7TGScene19GetSelectedSavegameEb	todo	TGScene	GetSelectedSavegame	TGScene::GetSelectedSavegame(bool)
170896	_ZN7TGScene12SetSavegamesEv	todo	TGScene	SetSavegames	TGScene::SetSavegames()
171104	_ZNK7TGScene7GetTintERK10TVisObjRefRK7wxPoint	todo	TGScene	GetTint	TGScene::GetTint(TVisObjRef const&, wxPoint const&) const
171805	_ZN7TGScene14SortAllObjectsEv	todo	TGScene	SortAllObjects	TGScene::SortAllObjects()
172600	_ZN7TGScene8SetSceneEv	todo	TGScene	SetScene	TGScene::SetScene()
172880	_ZN7TGScene10BeginSceneEv	todo	TGScene	BeginScene	TGScene::BeginScene()
173228	_ZN7HashMapIiPSt4listIP16TSceneActionAreaSaIS2_EE11IntegerHashIiEED2Ev	todo	HashMap<int, std::list<TSceneActionArea*, std::allocator<TSceneActionArea*> >*, IntegerHash<int> >	~HashMap	HashMap<int, std::list<TSceneActionArea*, std::allocator<TSceneActionArea*> >*, IntegerHash<int> >::~HashMap()
175226	_GLOBAL__sub_I__ZN7TGScene19LuaLightmapCallbackE	todo	(free function)	_GLOBAL__sub_I__ZN7TGScene19LuaLightmapCallbackE	_GLOBAL__sub_I__ZN7TGScene19LuaLightmapCallbackE
175318	_ZN11TGCharacter8SetAlphaEv	todo	TGCharacter	SetAlpha	TGCharacter::SetAlpha()
175339	_ZN11TGCharacter4SaveEv	todo	TGCharacter	Save	TGCharacter::Save()
175375	_ZNK11TGCharacter20GetCurrentSpriteRectEv	todo	TGCharacter	GetCurrentSpriteRect	TGCharacter::GetCurrentSpriteRect() const
175562	_ZN11TGCharacter12ExecuteEventER11TGEventInfo	todo	TGCharacter	ExecuteEvent	TGCharacter::ExecuteEvent(TGEventInfo&)
175578	_ZNK11TGCharacter14AlignCharacterER10TVisObjRef	todo	TGCharacter	AlignCharacter	TGCharacter::AlignCharacter(TVisObjRef&) const
175627	_ZN11TGCharacter4DrawEv	todo	TGCharacter	Draw	TGCharacter::Draw()
175743	_ZN11TGCharacter11ReceiveItemER11TGEventInfo	todo	TGCharacter	ReceiveItem	TGCharacter::ReceiveItem(TGEventInfo&)
175894	_ZN11TGCharacter13InitWaySystemEi	todo	TGCharacter	InitWaySystem	TGCharacter::InitWaySystem(int)
175959	_ZN11TGCharacter13AlignToObjectERK10TVisObjRef	todo	TGCharacter	AlignToObject	TGCharacter::AlignToObject(TVisObjRef const&)
175992	_ZN11TGCharacter22CheckCharacterPositionEv	todo	TGCharacter	CheckCharacterPosition	TGCharacter::CheckCharacterPosition()
176023	_ZN11TGCharacter30AllowUnloadingOutfitAnimationsEb	todo	TGCharacter	AllowUnloadingOutfitAnimations	TGCharacter::AllowUnloadingOutfitAnimations(bool)
176041	_ZN11TGCharacter17PreloadAnimationsEv	todo	TGCharacter	PreloadAnimations	TGCharacter::PreloadAnimations()
176165	_ZN11TGCharacter16UnloadAnimationsEv	todo	TGCharacter	UnloadAnimations	TGCharacter::UnloadAnimations()
176294	_ZN11TGCharacter16IsSpineAnimationEv	todo	TGCharacter	IsSpineAnimation	TGCharacter::IsSpineAnimation()
176320	_Z6mirrori	todo	(free function)	mirror	mirror(int)
176344	_Z4diffii	todo	(free function)	diff	diff(int, int)
176377	_ZN11TGCharacter10GiveItemToER10TVisObjRefRKS0_	todo	TGCharacter	GiveItemTo	TGCharacter::GiveItemTo(TVisObjRef&, TVisObjRef const&)
176468	_ZN11TGCharacter14GiveAllItemsToER10TVisObjRef	todo	TGCharacter	GiveAllItemsTo	TGCharacter::GiveAllItemsTo(TVisObjRef&)
176556	_ZN11TGCharacter11ShowCommentERK10TVisObjRef	todo	TGCharacter	ShowComment	TGCharacter::ShowComment(TVisObjRef const&)
176779	_ZN11TGCharacter14SetCurrentSizeEv	todo	TGCharacter	SetCurrentSize	TGCharacter::SetCurrentSize()
176839	_ZNK11TGCharacter19GetCurrentDimensionEv	todo	TGCharacter	GetCurrentDimension	TGCharacter::GetCurrentDimension() const
176916	_ZNK11TGCharacter20GetStandingDirectionEv	todo	TGCharacter	GetStandingDirection	TGCharacter::GetStandingDirection() const
176945	_ZN11TGCharacter14GetPointNextToER7wxPoint	todo	TGCharacter	GetPointNextTo	TGCharacter::GetPointNextTo(wxPoint&)
176983	_ZNK11TGCharacter10StandingAtERK7wxPoint	todo	TGCharacter	StandingAt	TGCharacter::StandingAt(wxPoint const&) const
177016	_ZNK11TGCharacter9IsWalkingEv	todo	TGCharacter	IsWalking	TGCharacter::IsWalking() const
177033	_ZN11TGCharacter16UpdateSpriteRectEv	todo	TGCharacter	UpdateSpriteRect	TGCharacter::UpdateSpriteRect()
177203	_ZN11TGCharacter17SetSpritePositionEv	todo	TGCharacter	SetSpritePosition	TGCharacter::SetSpritePosition()
177263	_ZNK11TGCharacter19IsWalkingToWayPointEv	todo	TGCharacter	IsWalkingToWayPoint	TGCharacter::IsWalkingToWayPoint() const
177279	_ZNK11TGCharacter15GetWalkingSoundEv	todo	TGCharacter	GetWalkingSound	TGCharacter::GetWalkingSound() const
177330	_ZNK11TGCharacter21IsWalkingSoundPlayingEv	todo	TGCharacter	IsWalkingSoundPlaying	TGCharacter::IsWalkingSoundPlaying() const
177348	_ZN11TGCharacter17CheckWalkingSoundEv	todo	TGCharacter	CheckWalkingSound	TGCharacter::CheckWalkingSound()
177571	_ZN11TGCharacter22SetCurrentWalkingSoundERK10wxFileName	todo	TGCharacter	SetCurrentWalkingSound	TGCharacter::SetCurrentWalkingSound(wxFileName const&)
177630	_ZN11TGCharacter16StopWalkingSoundEv	todo	TGCharacter	StopWalkingSound	TGCharacter::StopWalkingSound()
177668	_ZNK11TGCharacter22IsCharacterAnimRunningEv	todo	TGCharacter	IsCharacterAnimRunning	TGCharacter::IsCharacterAnimRunning() const
177691	_ZN11TGCharacter16GetCharacterAnimEv	todo	TGCharacter	GetCharacterAnim	TGCharacter::GetCharacterAnim()
177738	_ZN11TGCharacter13TurnCharacterEv	todo	TGCharacter	TurnCharacter	TGCharacter::TurnCharacter()
177754	_ZN11TGCharacter13SetRandomTimeEv	todo	TGCharacter	SetRandomTime	TGCharacter::SetRandomTime()
177826	_ZNK11TGCharacter9IsReachedERK10TVisObjRefb	todo	TGCharacter	IsReached	TGCharacter::IsReached(TVisObjRef const&, bool) const
178027	_ZNK11TGCharacter9IsReachedERK10TVisObjRef	todo	TGCharacter	IsReached	TGCharacter::IsReached(TVisObjRef const&) const
178044	_ZN11TGCharacter18SetActionCharacterERS_15TMouseEventEnum	todo	TGCharacter	SetActionCharacter	TGCharacter::SetActionCharacter(TGCharacter&, TMouseEventEnum)
178189	_ZN11TGCharacter19ClickedWithoutReachEPS_15TMouseEventEnum	todo	TGCharacter	ClickedWithoutReach	TGCharacter::ClickedWithoutReach(TGCharacter*, TMouseEventEnum)
178208	_ZN11TGCharacter12AdjustTimersEv	todo	TGCharacter	AdjustTimers	TGCharacter::AdjustTimers()
178297	_ZN11TGCharacter20GetOppositeDirectionEi	todo	TGCharacter	GetOppositeDirection	TGCharacter::GetOppositeDirection(int)
178317	_ZN11TGCharacter46RegisterHookFunctionGetCharacterAnimationIndexERK8wxString	todo	TGCharacter	RegisterHookFunctionGetCharacterAnimationIndex	TGCharacter::RegisterHookFunctionGetCharacterAnimationIndex(wxString const&)
178335	_ZN11TGCharacter13SetInterfacesEv	todo	TGCharacter	SetInterfaces	TGCharacter::SetInterfaces()
178481	_ZNK11TGCharacter13GetInterfacesEv	todo	TGCharacter	GetInterfaces	TGCharacter::GetInterfaces() const
178541	_ZN11TGCharacter17UpdateActionAreasEv	todo	TGCharacter	UpdateActionAreas	TGCharacter::UpdateActionAreas()
178994	_ZN11TGCharacterC2ERK10TVisObjRefS2_	todo	TGCharacter	TGCharacter	TGCharacter::TGCharacter(TVisObjRef const&, TVisObjRef const&)
179261	_ZN11TGCharacter20SetCurrentCommentSetERK10TVisObjRef	todo	TGCharacter	SetCurrentCommentSet	TGCharacter::SetCurrentCommentSet(TVisObjRef const&)
179617	_ZN11TGCharacter17GetDirectionIndexEi18TCharacterAnimEnum	todo	TGCharacter	GetDirectionIndex	TGCharacter::GetDirectionIndex(int, TCharacterAnimEnum)
180325	_ZN11TGCharacter13StartWalkAnimEv	todo	TGCharacter	StartWalkAnim	TGCharacter::StartWalkAnim()
180475	_ZN11TGCharacter11StopWalkingEb	todo	TGCharacter	StopWalking	TGCharacter::StopWalking(bool)
180608	_ZN11TGCharacter18StartCharacterAnimER10TVisObjRef18TCharacterAnimEnumb	todo	TGCharacter	StartCharacterAnim	TGCharacter::StartCharacterAnim(TVisObjRef&, TCharacterAnimEnum, bool)
181023	_ZN11TGCharacter17StartStandingAnimEv	todo	TGCharacter	StartStandingAnim	TGCharacter::StartStandingAnim()
181222	_ZN11TGCharacter17StopCharacterAnimE18TCharacterAnimEnumb	todo	TGCharacter	StopCharacterAnim	TGCharacter::StopCharacterAnim(TCharacterAnimEnum, bool)
181502	_ZN11TGCharacter12StopTalkAnimEv	todo	TGCharacter	StopTalkAnim	TGCharacter::StopTalkAnim()
181545	_ZN11TGCharacter12StopWalkAnimEv	todo	TGCharacter	StopWalkAnim	TGCharacter::StopWalkAnim()
181589	_ZN11TGCharacter16AnimationStoppedEP11TGAnimation	todo	TGCharacter	AnimationStopped	TGCharacter::AnimationStopped(TGAnimation*)
181737	_ZN11TGCharacter17StopCharacterAnimE18TCharacterAnimEnumb_constprop_205	todo	TGCharacter	StopCharacterAnim	TGCharacter::StopCharacterAnim(TCharacterAnimEnum, bool)
181880	_ZN11TGCharacter12ClearSpritesEv	todo	TGCharacter	ClearSprites	TGCharacter::ClearSprites()
181913	_ZN11TGCharacter16StopStandingAnimEv	todo	TGCharacter	StopStandingAnim	TGCharacter::StopStandingAnim()
181954	_ZN11TGCharacterD2Ev	todo	TGCharacter	~TGCharacter	TGCharacter::~TGCharacter()
182324	_ZN11TGCharacterD0Ev	todo	TGCharacter	~TGCharacter	TGCharacter::~TGCharacter()
182344	_ZN11TGCharacter13StartTalkAnimEv	todo	TGCharacter	StartTalkAnim	TGCharacter::StartTalkAnim()
182420	_ZN11TGCharacter21StartFittingAnimationEv	todo	TGCharacter	StartFittingAnimation	TGCharacter::StartFittingAnimation()
182468	_ZN11TGCharacter15StartRandomAnimEv	todo	TGCharacter	StartRandomAnim	TGCharacter::StartRandomAnim()
182667	_ZN11TGCharacter16CheckRandomTimerEv	todo	TGCharacter	CheckRandomTimer	TGCharacter::CheckRandomTimer()
182785	_ZN11TGCharacter12CheckTurningEi	todo	TGCharacter	CheckTurning	TGCharacter::CheckTurning(int)
183218	_ZN11TGCharacter15UpdateCharacterEv	todo	TGCharacter	UpdateCharacter	TGCharacter::UpdateCharacter()
183507	_ZN11TGCharacter16SetOnDestinationEv	todo	TGCharacter	SetOnDestination	TGCharacter::SetOnDestination()
183636	_ZN11TGCharacter7WalkWayEv	todo	TGCharacter	WalkWay	TGCharacter::WalkWay()
184066	_ZN11TGCharacter12SetWaySystemERK10TVisObjRefb	todo	TGCharacter	SetWaySystem	TGCharacter::SetWaySystem(TVisObjRef const&, bool)
184220	_ZN11TGCharacter19SetCurrentDirectionEi	todo	TGCharacter	SetCurrentDirection	TGCharacter::SetCurrentDirection(int)
184313	_ZN11TGCharacter13AssignToSceneERK10TVisObjRefRK7wxPointi	todo	TGCharacter	AssignToScene	TGCharacter::AssignToScene(TVisObjRef const&, wxPoint const&, int)
184625	_ZN11TGCharacter18SetFreeDestinationE7wxPointbbb	todo	TGCharacter	SetFreeDestination	TGCharacter::SetFreeDestination(wxPoint, bool, bool, bool)
184991	_ZN11TGCharacter16SetCurrentOutfitERK10TVisObjRef	todo	TGCharacter	SetCurrentOutfit	TGCharacter::SetCurrentOutfit(TVisObjRef const&)
185681	_ZN11TGCharacter4InitEv	todo	TGCharacter	Init	TGCharacter::Init()
185835	_ZN11TGCharacter4LoadEv	todo	TGCharacter	Load	TGCharacter::Load()
186981	_GLOBAL__sub_I_failedPoint	todo	(free function)	_GLOBAL__sub_I_failedPoint	_GLOBAL__sub_I_failedPoint
187010	_ZN8THAction7OnEventE10TEventEnumiP17TVisionaireObject	todo	THAction	OnEvent	THAction::OnEvent(TEventEnum, int, TVisionaireObject*)
187026	_ZThn48_N8THAction7OnEventE10TEventEnumiP17TVisionaireObject	todo	THAction	OnEvent	non-virtual thunk to THAction::OnEvent(TEventEnum, int, TVisionaireObject*)
187043	_ZN8THActionD2Ev	todo	THAction	~THAction	THAction::~THAction()
187084	_ZN8THActionD0Ev	todo	THAction	~THAction	THAction::~THAction()
187127	_ZN8THActionC2ERK10TVisObjRefS2_	todo	THAction	THAction	THAction::THAction(TVisObjRef const&, TVisObjRef const&)
187171	_Z34ix86_override_options_after_changev_8	todo	(free function)	ix86_override_options_after_change	ix86_override_options_after_change()
187194	_ZN15TGObjectManagerC2Ev	todo	TGObjectManager	TGObjectManager	TGObjectManager::TGObjectManager()
187212	_ZN15TGObjectManagerD2Ev	todo	TGObjectManager	~TGObjectManager	TGObjectManager::~TGObjectManager()
187252	_ZN15TGObjectManager33RegisterHookFunctionGetActionTextERK8wxString	todo	TGObjectManager	RegisterHookFunctionGetActionText	TGObjectManager::RegisterHookFunctionGetActionText(wxString const&)
187269	_ZN15TGObjectManager14ResetEventInfoEv	todo	TGObjectManager	ResetEventInfo	TGObjectManager::ResetEventInfo()
187318	_ZN15TGObjectManager18ResetCurrentObjectEv	todo	TGObjectManager	ResetCurrentObject	TGObjectManager::ResetCurrentObject()
187359	_ZN15TGObjectManager10RemoveItemERK10TVisObjRef	todo	TGObjectManager	RemoveItem	TGObjectManager::RemoveItem(TVisObjRef const&)
187457	_ZN15TGObjectManager10RemoveItemEb	todo	TGObjectManager	RemoveItem	TGObjectManager::RemoveItem(bool)
187544	_ZN15TGObjectManager7SetItemERK10TVisObjRefb	todo	TGObjectManager	SetItem	TGObjectManager::SetItem(TVisObjRef const&, bool)
187631	_ZN15TGObjectManager11HandleEventE15TMouseEventEnum	todo	TGObjectManager	HandleEvent	TGObjectManager::HandleEvent(TMouseEventEnum)
187908	_ZN15TGObjectManager13ObjectReachedEP14TManagedObject	todo	TGObjectManager	ObjectReached	TGObjectManager::ObjectReached(TManagedObject*)
188168	_ZN15TGObjectManager13ObjectReachedER11TGCharacterR10TVisObjRef	todo	TGObjectManager	ObjectReached	TGObjectManager::ObjectReached(TGCharacter&, TVisObjRef&)
188252	_ZN15TGObjectManager13SaveEventInfoE15TMouseEventEnum	todo	TGObjectManager	SaveEventInfo	TGObjectManager::SaveEventInfo(TMouseEventEnum)
188376	_ZN15TGObjectManager9MouseMoveEP14TManagedObject	todo	TGObjectManager	MouseMove	TGObjectManager::MouseMove(TManagedObject*)
188651	_ZN15TGObjectManager19NotifyObjectRemovedERK10TVisObjRef	todo	TGObjectManager	NotifyObjectRemoved	TGObjectManager::NotifyObjectRemoved(TVisObjRef const&)
188757	_ZN15TGObjectManager17SaveCurrentObjectEv	todo	TGObjectManager	SaveCurrentObject	TGObjectManager::SaveCurrentObject()
188831	_ZN15TGObjectManager18ExecuteSavedObjectEv	todo	TGObjectManager	ExecuteSavedObject	TGObjectManager::ExecuteSavedObject()
189029	_ZN15TGObjectManager18SavedObjectChangedEv	todo	TGObjectManager	SavedObjectChanged	TGObjectManager::SavedObjectChanged()
189116	_ZNK15TGObjectManager20IsCurrentObjectEmptyEv	todo	TGObjectManager	IsCurrentObjectEmpty	TGObjectManager::IsCurrentObjectEmpty() const
189142	_ZNK15TGObjectManager25IsCurrentObjectDetectableEv	todo	TGObjectManager	IsCurrentObjectDetectable	TGObjectManager::IsCurrentObjectDetectable() const
189187	_ZNK15TGObjectManager23IsCurrentObjectWalkableEv	todo	TGObjectManager	IsCurrentObjectWalkable	TGObjectManager::IsCurrentObjectWalkable() const
189317	_ZNK15TGObjectManager16GetCurrentObjectEv	todo	TGObjectManager	GetCurrentObject	TGObjectManager::GetCurrentObject() const
189354	_ZNK15TGObjectManager13GetDetectInfoER12TGDetectInfo	todo	TGObjectManager	GetDetectInfo	TGObjectManager::GetDetectInfo(TGDetectInfo&) const
189462	_ZNK15TGObjectManager17GetEventCharacterEv	todo	TGObjectManager	GetEventCharacter	TGObjectManager::GetEventCharacter() const
189524	_ZNK15TGObjectManager15GetEventCommandEv	todo	TGObjectManager	GetEventCommand	TGObjectManager::GetEventCommand() const
189565	_ZNK15TGObjectManager13GetActionTextEv	todo	TGObjectManager	GetActionText	TGObjectManager::GetActionText() const
190187	_ZN8TTObjectD2Ev	todo	TTObject	~TTObject	TTObject::~TTObject()
190202	_ZN8TTButtonD2Ev	todo	TTButton	~TTButton	TTButton::~TTButton()
190217	_ZN11TGEventInfoD2Ev	todo	TGEventInfo	~TGEventInfo	TGEventInfo::~TGEventInfo()
190255	_Z34ix86_override_options_after_changev_9	todo	(free function)	ix86_override_options_after_change	ix86_override_options_after_change()
190278	_ZN14TManagedObject12TextFinishedEP6TGText	todo	TManagedObject	TextFinished	TManagedObject::TextFinished(TGText*)
190302	_ZThn16_N14TManagedObject12TextFinishedEP6TGText	todo	TManagedObject	TextFinished	non-virtual thunk to TManagedObject::TextFinished(TGText*)
190319	_ZNK14TManagedObject11GetPositionEv	todo	TManagedObject	GetPosition	TManagedObject::GetPosition() const
190340	_ZNK14TManagedObject9GetCenterEv	todo	TManagedObject	GetCenter	TManagedObject::GetCenter() const
190357	_ZNK14TManagedObject12GetDirectionEv	todo	TManagedObject	GetDirection	TManagedObject::GetDirection() const
190374	_ZN14TManagedObject15SetActiveSpriteEb	todo	TManagedObject	SetActiveSprite	TManagedObject::SetActiveSprite(bool)
190390	_ZN14TManagedObject8SetAlphaEv	todo	TManagedObject	SetAlpha	TManagedObject::SetAlpha()
190406	_ZN14TManagedObject18ShowSnoopAnimationEb	todo	TManagedObject	ShowSnoopAnimation	TManagedObject::ShowSnoopAnimation(bool)
190422	_ZNK14TManagedObject8IsInsideERK7wxPointRK12TGDetectInfo	todo	TManagedObject	IsInside	TManagedObject::IsInside(wxPoint const&, TGDetectInfo const&) const
190440	_ZNK14TManagedObject10IsWalkableEv	todo	TManagedObject	IsWalkable	TManagedObject::IsWalkable() const
190457	_ZNK14TManagedObject14AlignCharacterER10TVisObjRef	todo	TManagedObject	AlignCharacter	TManagedObject::AlignCharacter(TVisObjRef&) const
190473	_ZN14TManagedObject18HandlePreExecutionER11TGEventInfo	todo	TManagedObject	HandlePreExecution	TManagedObject::HandlePreExecution(TGEventInfo&)
190489	_ZN14TManagedObject11ReceiveItemER11TGEventInfo	todo	TManagedObject	ReceiveItem	TManagedObject::ReceiveItem(TGEventInfo&)
190506	_ZN14TManagedObject4LoadEv	todo	TManagedObject	Load	TManagedObject::Load()
190521	_ZN14TManagedObject4SaveEv	todo	TManagedObject	Save	TManagedObject::Save()
190536	_ZN14TManagedObject16AnimationStoppedEP11TGAnimation	todo	TManagedObject	AnimationStopped	TManagedObject::AnimationStopped(TGAnimation*)
190613	_ZN14TManagedObject19HandlePostExecutionER11TGEventInfoRK12TGActionInfo	todo	TManagedObject	HandlePostExecution	TManagedObject::HandlePostExecution(TGEventInfo&, TGActionInfo const&)
190835	_ZN14TManagedObject19ClickedWithoutReachEP11TGCharacter15TMouseEventEnum	todo	TManagedObject	ClickedWithoutReach	TManagedObject::ClickedWithoutReach(TGCharacter*, TMouseEventEnum)
190863	_ZNK14TManagedObject9IsReachedERK10TVisObjRef	todo	TManagedObject	IsReached	TManagedObject::IsReached(TVisObjRef const&) const
190901	_ZN14TManagedObject9SetActiveEb	todo	TManagedObject	SetActive	TManagedObject::SetActive(bool)
190948	_ZN14TManagedObject13RemoveSpritesEv	todo	TManagedObject	RemoveSprites	TManagedObject::RemoveSprites()
190982	_ZN14TManagedObject7PrepareEv	todo	TManagedObject	Prepare	TManagedObject::Prepare()
191084	_ZN14TManagedObject10GetOwnerIdEv	todo	TManagedObject	GetOwnerId	TManagedObject::GetOwnerId()
191109	_ZN14TManagedObject12GetOwnerNameEv	todo	TManagedObject	GetOwnerName	TManagedObject::GetOwnerName()
191134	_ZNK14TManagedObject8IsInsideERK7wxPoint	todo	TManagedObject	IsInside	TManagedObject::IsInside(wxPoint const&) const
191182	_ZN18no_check_checker_t9to_stringEv	todo	no_check_checker_t	to_string	no_check_checker_t::to_string()
191208	_ZN14TManagedObject16CompObjectCenterEPKS_S1_	todo	TManagedObject	CompObjectCenter	TManagedObject::CompObjectCenter(TManagedObject const*, TManagedObject const*)
191243	_ZN14TManagedObject15ClearAnimationsEv	todo	TManagedObject	ClearAnimations	TManagedObject::ClearAnimations()
191271	_ZNK14TManagedObject14IsMovingObjectEv	todo	TManagedObject	IsMovingObject	TManagedObject::IsMovingObject() const
191296	_ZNK14TManagedObject15GetBoundingRectEv	todo	TManagedObject	GetBoundingRect	TManagedObject::GetBoundingRect() const
191314	_ZNK14TManagedObject8IsActiveEv	todo	TManagedObject	IsActive	TManagedObject::IsActive() const
191331	_ZN14TManagedObject12SetDestAlphaEii	todo	TManagedObject	SetDestAlpha	TManagedObject::SetDestAlpha(int, int)
191413	_ZN14TManagedObject11UpdateAlphaEv	todo	TManagedObject	UpdateAlpha	TManagedObject::UpdateAlpha()
191468	_ZNK14TManagedObject8GetAlphaEv	todo	TManagedObject	GetAlpha	TManagedObject::GetAlpha() const
191486	_ZN14TManagedObject7SetTextEP6TGText	todo	TManagedObject	SetText	TManagedObject::SetText(TGText*)
191538	_ZN14TManagedObject16RemoveAnimationsEv	todo	TManagedObject	RemoveAnimations	TManagedObject::RemoveAnimations()
191585	_ZN14TManagedObject11SetLifetimeEi	todo	TManagedObject	SetLifetime	TManagedObject::SetLifetime(int)
191602	_ZNK14TManagedObject11GetLifetimeEv	todo	TManagedObject	GetLifetime	TManagedObject::GetLifetime() const
191619	_ZN14TManagedObject16DecreaseLifetimeEv	todo	TManagedObject	DecreaseLifetime	TManagedObject::DecreaseLifetime()
191641	_ZN14TManagedObject10SetPolygonERSt6vectorI7wxPointSaIS1_EE	todo	TManagedObject	SetPolygon	TManagedObject::SetPolygon(std::vector<wxPoint, std::allocator<wxPoint> >&)
191775	_ZN14TManagedObject21ExecuteMatchingActionER6TVListRSt6vectorI19TypeActionExecutionSaIS3_EERK11TGEventInfoR12TGActionInfo	todo	TManagedObject	ExecuteMatchingAction	TManagedObject::ExecuteMatchingAction(TVList&, std::vector<TypeActionExecution, std::allocator<TypeActionExecution> >&, TGEventInfo const&, TGActionInfo&)
192299	_ZN14TManagedObjectD2Ev	todo	TManagedObject	~TManagedObject	TManagedObject::~TManagedObject()
192404	_ZN14TManagedObjectD0Ev	todo	TManagedObject	~TManagedObject	TManagedObject::~TManagedObject()
192424	_ZN14TManagedObjectC2ERK10TVisObjRef	todo	TManagedObject	TManagedObject	TManagedObject::TManagedObject(TVisObjRef const&)
192495	_ZN14TManagedObjectC2Ev	todo	TManagedObject	TManagedObject	TManagedObject::TManagedObject()
192566	_ZN14TManagedObject12SetAnimationEP11TGAnimation	todo	TManagedObject	SetAnimation	TManagedObject::SetAnimation(TGAnimation*)
192706	_ZN14TManagedObject4DrawEv	todo	TManagedObject	Draw	TManagedObject::Draw()
193086	_ZN14TManagedObject16GetActionsToTestER11TGEventInfoRSt6vectorI19TypeActionExecutionSaIS3_EER12TGActionInfo	todo	TManagedObject	GetActionsToTest	TManagedObject::GetActionsToTest(TGEventInfo&, std::vector<TypeActionExecution, std::allocator<TypeActionExecution> >&, TGActionInfo&)
193750	_ZN14TManagedObject12ExecuteEventER11TGEventInfo	todo	TManagedObject	ExecuteEvent	TManagedObject::ExecuteEvent(TGEventInfo&)
194554	_ZNK14TManagedObject13GetActionListER6TVList	todo	TManagedObject	GetActionList	TManagedObject::GetActionList(TVList&) const
194708	_GLOBAL__sub_I__ZN4Geni9LogFilter7_dupmsgE	todo	(free function)	_GLOBAL__sub_I__ZN4Geni9LogFilter7_dupmsgE	_GLOBAL__sub_I__ZN4Geni9LogFilter7_dupmsgE
194735	_ZN18t_SkipCutsceneInfoD2Ev	todo	t_SkipCutsceneInfo	~t_SkipCutsceneInfo	t_SkipCutsceneInfo::~t_SkipCutsceneInfo()
194786	_ZN8TGActionD2Ev	todo	TGAction	~TGAction	TGAction::~TGAction()
194854	_ZN8TGActionD0Ev	todo	TGAction	~TGAction	TGAction::~TGAction()
194924	_ZN8TGAction17GetRunningActionsEv	todo	TGAction	GetRunningActions	TGAction::GetRunningActions()
194941	_ZN8TGActionC2Ev	todo	TGAction	TGAction	TGAction::TGAction()
194999	_ZN8TGActionC2ERK10TVisObjRefS2_	todo	TGAction	TGAction	TGAction::TGAction(TVisObjRef const&, TVisObjRef const&)
195085	_ZN8TGActionaSER10TVisObjRef	todo	TGAction	operator=	TGAction::operator=(TVisObjRef&)
195120	_ZN8TGActioneqERKS_	todo	TGAction	operator==	TGAction::operator==(TGAction const&)
195171	_ZN8TGActioneqERK10TVisObjRef	todo	TGAction	operator==	TGAction::operator==(TVisObjRef const&)
195186	_ZNK8TGAction13GetDataObjectEv	todo	TGAction	GetDataObject	TGAction::GetDataObject() const
195208	_ZN8TGAction9SetPausedEb	todo	TGAction	SetPaused	TGAction::SetPaused(bool)
195225	_ZN8TGAction21ContinueStoppedActionEv	todo	TGAction	ContinueStoppedAction	TGAction::ContinueStoppedAction()
195399	_ZN8TGAction13ShowAnimationER10TVisObjRefb	todo	TGAction	ShowAnimation	TGAction::ShowAnimation(TVisObjRef&, bool)
195570	_ZN8TGAction13HideAnimationERK10TVisObjRef	todo	TGAction	HideAnimation	TGAction::HideAnimation(TVisObjRef const&)
195728	_ZN8TGAction15WaitOnAnimationER10TVisObjRef	todo	TGAction	WaitOnAnimation	TGAction::WaitOnAnimation(TVisObjRef&)
195778	_ZN8TGAction19DeleteRunningActionERK10TVisObjRefb	todo	TGAction	DeleteRunningAction	TGAction::DeleteRunningAction(TVisObjRef const&, bool)
196116	_ZN8TGAction21DeleteFinishedActionsEv	todo	TGAction	DeleteFinishedActions	TGAction::DeleteFinishedActions()
196366	_ZN8TGAction12ClearActionsEv	todo	TGAction	ClearActions	TGAction::ClearActions()
196443	_ZN8TGAction16FinishAllActionsEv	todo	TGAction	FinishAllActions	TGAction::FinishAllActions()
196472	_ZN8TGAction18StopRunningActionsEv	todo	TGAction	StopRunningActions	TGAction::StopRunningActions()
196731	_ZN8TGAction22ContinueStoppedActionsEv	todo	TGAction	ContinueStoppedActions	TGAction::ContinueStoppedActions()
196863	_ZN8TGAction15GetActionByNameERK8wxString	todo	TGAction	GetActionByName	TGAction::GetActionByName(wxString const&)
196923	_ZN8TGAction13GetActionByIdEi	todo	TGAction	GetActionById	TGAction::GetActionById(int)
196990	_ZN8TGAction10GetActionsER6TVList	todo	TGAction	GetActions	TGAction::GetActions(TVList&)
197029	_ZN8TGAction19PrintRunningActionsERSt4listI8wxStringSaIS1_EE	todo	TGAction	PrintRunningActions	TGAction::PrintRunningActions(std::list<wxString, std::allocator<wxString> >&)
197770	_ZN8TGAction14ConvertToEventE17TMouseMessageEnum	todo	TGAction	ConvertToEvent	TGAction::ConvertToEvent(TMouseMessageEnum)
197793	_ZN8TGAction4LoadERK10TVisObjRef	todo	TGAction	Load	TGAction::Load(TVisObjRef const&)
197835	_ZN8TGAction4SaveEv	todo	TGAction	Save	TGAction::Save()
197928	_ZN8TGAction11SaveActionsEv	todo	TGAction	SaveActions	TGAction::SaveActions()
197958	_ZN8TGAction16AddRunningActionERK10TVisObjRef	todo	TGAction	AddRunningAction	TGAction::AddRunningAction(TVisObjRef const&)
198485	_ZN8TGAction7ExecuteEbP18t_SkipCutsceneInfo	todo	TGAction	Execute	TGAction::Execute(bool, t_SkipCutsceneInfo*)
210995	_ZN8TGAction12SkipCutsceneEv	todo	TGAction	SkipCutscene	TGAction::SkipCutscene()
211382	_ZN8TGAction22ContinueRunningActionsEb	todo	TGAction	ContinueRunningActions	TGAction::ContinueRunningActions(bool)
211541	_ZN8TGAction11LoadActionsEv	todo	TGAction	LoadActions	TGAction::LoadActions()
212286	_ZN12TVisObjTweenD2Ev	todo	TVisObjTween	~TVisObjTween	TVisObjTween::~TVisObjTween()
212468	_GLOBAL__sub_I__ZN8TGAction14RunningActionsE	todo	(free function)	_GLOBAL__sub_I__ZN8TGAction14RunningActionsE	_GLOBAL__sub_I__ZN8TGAction14RunningActionsE
212567	_ZN6TGTextC2ERK10TVisObjRefS2_	todo	TGText	TGText	TGText::TGText(TVisObjRef const&, TVisObjRef const&)
212619	_ZN6TGText23NotifyOwnerTextFinishedEv	todo	TGText	NotifyOwnerTextFinished	TGText::NotifyOwnerTextFinished()
212646	_ZN6TGText8SetOwnerEP10TTextOwner	todo	TGText	SetOwner	TGText::SetOwner(TTextOwner*)
212663	_ZN6TGText11DetachOwnerEP10TTextOwner	todo	TGText	DetachOwner	TGText::DetachOwner(TTextOwner*)
212691	_ZNK6TGText10GetSpeakerEv	todo	TGText	GetSpeaker	TGText::GetSpeaker() const
212707	_ZN6TGText28CalculateSpeakerSoundBalanceEP11TGCharacter	todo	TGText	CalculateSpeakerSoundBalance	TGText::CalculateSpeakerSoundBalance(TGCharacter*)
212814	_ZN6TGText21RestartTalkAnimationsERK10TVisObjRef	todo	TGText	RestartTalkAnimations	TGText::RestartTalkAnimations(TVisObjRef const&)
212896	_ZN6TGText16StopRunningTextsEv	todo	TGText	StopRunningTexts	TGText::StopRunningTexts()
212927	_ZN6TGText20ContinueStoppedTextsEv	todo	TGText	ContinueStoppedTexts	TGText::ContinueStoppedTexts()
212991	_ZN6TGText19ContinueStoppedTextEv	todo	TGText	ContinueStoppedText	TGText::ContinueStoppedText()
213025	_ZN6TGText4SaveEv	todo	TGText	Save	TGText::Save()
213082	_ZN6TGText11TextStartedEv	todo	TGText	TextStarted	TGText::TextStarted()
213150	_ZN6TGText13SetTextInternEP11TGCharacterRK10TVisObjRef17TextAlignmentEnumS4_RK7wxPointb	todo	TGText	SetTextIntern	TGText::SetTextIntern(TGCharacter*, TVisObjRef const&, TextAlignmentEnum, TVisObjRef const&, wxPoint const&, bool)
213408	_ZN6TGText7SetTextERK10TVisObjRefP11TGCharacterS2_17TextAlignmentEnumS2_RK7wxPointb	todo	TGText	SetText	TGText::SetText(TVisObjRef const&, TGCharacter*, TVisObjRef const&, TextAlignmentEnum, TVisObjRef const&, wxPoint const&, bool)
213465	_ZN6TGText11TextStoppedEv	todo	TGText	TextStopped	TGText::TextStopped()
213534	_ZN6TGText9ClearTextEv	todo	TGText	ClearText	TGText::ClearText()
213593	_ZN6TGText31RegisterEventHandlerTextStartedERK8wxString	todo	TGText	RegisterEventHandlerTextStarted	TGText::RegisterEventHandlerTextStarted(wxString const&)
213612	_ZN6TGText31RegisterEventHandlerTextStoppedERK8wxString	todo	TGText	RegisterEventHandlerTextStopped	TGText::RegisterEventHandlerTextStopped(wxString const&)
213631	_ZN6TGText26GetEventHandlerTextStartedEv	todo	TGText	GetEventHandlerTextStarted	TGText::GetEventHandlerTextStarted()
213671	_ZN6TGText26GetEventHandlerTextStoppedEv	todo	TGText	GetEventHandlerTextStopped	TGText::GetEventHandlerTextStopped()
213711	_ZN6TGText35RegisterHookFunctionSetTextPositionERK8wxString	todo	TGText	RegisterHookFunctionSetTextPosition	TGText::RegisterHookFunctionSetTextPosition(wxString const&)
213729	_ZN6TGText26RegisterHookFunctionRenderERK8wxString	todo	TGText	RegisterHookFunctionRender	TGText::RegisterHookFunctionRender(wxString const&)
213747	_ZN6TGText24RegisterHookFunctionTextERK8wxString	todo	TGText	RegisterHookFunctionText	TGText::RegisterHookFunctionText(wxString const&)
213765	_ZN6TGTextD2Ev	todo	TGText	~TGText	TGText::~TGText()
214023	_ZN6TGTextD0Ev	todo	TGText	~TGText	TGText::~TGText()
214043	_ZN6TGTextC2ERK10TVisObjRefS2_P11TGCharacterS2_17TextAlignmentEnumS2_RK7wxPointbb	todo	TGText	TGText	TGText::TGText(TVisObjRef const&, TVisObjRef const&, TGCharacter*, TVisObjRef const&, TextAlignmentEnum, TVisObjRef const&, wxPoint const&, bool, bool)
214174	_ZN6TGText9SplitTextEv	todo	TGText	SplitText	TGText::SplitText()
214429	_ZN6TGText4LoadEv	todo	TGText	Load	TGText::Load()
214513	_ZN6TGText17CalculateRestTextEv	todo	TGText	CalculateRestText	TGText::CalculateRestText()
214808	_ZN6TGText16CalculateTextPosEv	todo	TGText	CalculateTextPos	TGText::CalculateTextPos()
215356	_ZN6TGText4DrawEf	todo	TGText	Draw	TGText::Draw(float)
216919	_ZN6TSTextD2Ev	todo	TSText	~TSText	TSText::~TSText()
217420	_GLOBAL__sub_I__ZN6TGText15s_vRunningTextsE	todo	(free function)	_GLOBAL__sub_I__ZN6TGText15s_vRunningTextsE	_GLOBAL__sub_I__ZN6TGText15s_vRunningTextsE
217481	_ZN11THCharacterD2Ev	todo	THCharacter	~THCharacter	THCharacter::~THCharacter()
217557	_ZN11THCharacterD0Ev	todo	THCharacter	~THCharacter	THCharacter::~THCharacter()
217635	_ZN11THCharacter7OnEventE10TEventEnumiP17TVisionaireObject	todo	THCharacter	OnEvent	THCharacter::OnEvent(TEventEnum, int, TVisionaireObject*)
218766	_ZThn920_N11THCharacter7OnEventE10TEventEnumiP17TVisionaireObject	todo	THCharacter	OnEvent	non-virtual thunk to THCharacter::OnEvent(TEventEnum, int, TVisionaireObject*)
218783	_ZN11THCharacterC2ERK10TVisObjRefS2_	todo	THCharacter	THCharacter	THCharacter::THCharacter(TVisObjRef const&, TVisObjRef const&)
218861	_Z34ix86_override_options_after_changev_10	todo	(free function)	ix86_override_options_after_change	ix86_override_options_after_change()
218884	_ZN6THItem7OnEventE10TEventEnumiP17TVisionaireObject	todo	THItem	OnEvent	THItem::OnEvent(TEventEnum, int, TVisionaireObject*)
219031	_ZThn440_N6THItem7OnEventE10TEventEnumiP17TVisionaireObject	todo	THItem	OnEvent	non-virtual thunk to THItem::OnEvent(TEventEnum, int, TVisionaireObject*)
219048	_ZN6THItemD2Ev	todo	THItem	~THItem	THItem::~THItem()
219097	_ZN6THItemD0Ev	todo	THItem	~THItem	THItem::~THItem()
219148	_ZN6THItemC2ERK10TVisObjRefb	todo	THItem	THItem	THItem::THItem(TVisObjRef const&, bool)
219205	_Z34ix86_override_options_after_changev_11	todo	(free function)	ix86_override_options_after_change	ix86_override_options_after_change()
219228	_ZN7THSceneD2Ev	todo	THScene	~THScene	THScene::~THScene()
219276	_ZN7THSceneD0Ev	todo	THScene	~THScene	THScene::~THScene()
219326	_ZN7THScene7OnEventE10TEventEnumiP17TVisionaireObject	todo	THScene	OnEvent	THScene::OnEvent(TEventEnum, int, TVisionaireObject*)
219712	_ZThn888_N7THScene7OnEventE10TEventEnumiP17TVisionaireObject	todo	THScene	OnEvent	non-virtual thunk to THScene::OnEvent(TEventEnum, int, TVisionaireObject*)
219729	_ZN7THSceneC2Ev	todo	THScene	THScene	THScene::THScene()
219751	_ZN7THScene14RegisterEventsER10TVisObjRef	todo	THScene	RegisterEvents	THScene::RegisterEvents(TVisObjRef&)
219814	_ZN7THScene16UnregisterEventsEv	todo	THScene	UnregisterEvents	THScene::UnregisterEvents()
219856	_Z34ix86_override_options_after_changev_12	todo	(free function)	ix86_override_options_after_change	ix86_override_options_after_change()
219879	_ZN14TGScrollButton19HandlePostExecutionER11TGEventInfoRK12TGActionInfo	todo	TGScrollButton	HandlePostExecution	TGScrollButton::HandlePostExecution(TGEventInfo&, TGActionInfo const&)
219895	_ZN14TGScrollButton12ExecuteEventER11TGEventInfo	todo	TGScrollButton	ExecuteEvent	TGScrollButton::ExecuteEvent(TGEventInfo&)
219995	_ZN14TGScrollButtonD2Ev	todo	TGScrollButton	~TGScrollButton	TGScrollButton::~TGScrollButton()
220013	_ZN14TGScrollButtonD0Ev	todo	TGScrollButton	~TGScrollButton	TGScrollButton::~TGScrollButton()
220036	_ZN14TGScrollButtonC2ERK10TVisObjRefP11TGInterface	todo	TGScrollButton	TGScrollButton	TGScrollButton::TGScrollButton(TVisObjRef const&, TGInterface*)
220082	_Z34ix86_override_options_after_changev_13	todo	(free function)	ix86_override_options_after_change	ix86_override_options_after_change()
220105	_ZN8TGDialogC2Ev	todo	TGDialog	TGDialog	TGDialog::TGDialog()
220342	_ZN8TGDialog5ClearEv	todo	TGDialog	Clear	TGDialog::Clear()
220414	_ZN8TGDialog16SetScrollButtonsEv	todo	TGDialog	SetScrollButtons	TGDialog::SetScrollButtons()
220468	_ZN8TGDialog15HandleMouseMoveERK7wxPoint	todo	TGDialog	HandleMouseMove	TGDialog::HandleMouseMove(wxPoint const&)
220597	_ZNK8TGDialog20GetCurrentDialogPartEv	todo	TGDialog	GetCurrentDialogPart	TGDialog::GetCurrentDialogPart() const
220613	_ZNK8TGDialog18IsActiveDialogPartEv	todo	TGDialog	IsActiveDialogPart	TGDialog::IsActiveDialogPart() const
220631	_ZN8TGDialog4DrawEv	todo	TGDialog	Draw	TGDialog::Draw()
220806	_ZN8TGDialog16HandleMouseClickEv	todo	TGDialog	HandleMouseClick	TGDialog::HandleMouseClick()
221960	_ZN8TGDialog16HandleMouseWheelE17TMouseMessageEnum	todo	TGDialog	HandleMouseWheel	TGDialog::HandleMouseWheel(TMouseMessageEnum)
222040	_ZN8TGDialog18GetDialogCharacterEv	todo	TGDialog	GetDialogCharacter	TGDialog::GetDialogCharacter()
222112	_ZN8TGDialog4LoadEv	todo	TGDialog	Load	TGDialog::Load()
222126	_ZN8TGDialog4SaveEv	todo	TGDialog	Save	TGDialog::Save()
222140	_ZN8TGDialog9SetDialogERK10TVisObjRef	todo	TGDialog	SetDialog	TGDialog::SetDialog(TVisObjRef const&)
223394	_Z34ix86_override_options_after_changev_14	todo	(free function)	ix86_override_options_after_change	ix86_override_options_after_change()
223417	_ZN8TConsole13SetDiagActiveEb	todo	TConsole	SetDiagActive	TConsole::SetDiagActive(bool)
223433	_ZN8TConsole17ParseCommandValueEv	todo	TConsole	ParseCommandValue	TConsole::ParseCommandValue()
223555	_ZN8TConsole20ParsePrintCommandArgEv	todo	TConsole	ParsePrintCommandArg	TConsole::ParsePrintCommandArg()
224067	_ZN8TConsole15ParseObjectNameEi	todo	TConsole	ParseObjectName	TConsole::ParseObjectName(int)
224256	_ZN8TConsole21ParseRemoveCommandArgEv	todo	TConsole	ParseRemoveCommandArg	TConsole::ParseRemoveCommandArg()
224552	_ZN8TConsole18ParseAddCommandArgEv	todo	TConsole	ParseAddCommandArg	TConsole::ParseAddCommandArg()
224776	_ZN8TConsole21ParseChangeCommandArgEv	todo	TConsole	ParseChangeCommandArg	TConsole::ParseChangeCommandArg()
225040	_ZN8TConsole15ParseOnOffValueEv	todo	TConsole	ParseOnOffValue	TConsole::ParseOnOffValue()
225287	_ZN8TConsole19ParseShowCommandArgEv	todo	TConsole	ParseShowCommandArg	TConsole::ParseShowCommandArg()
225686	_ZN8TConsole19ParseTrueFalseValueEv	todo	TConsole	ParseTrueFalseValue	TConsole::ParseTrueFalseValue()
225933	_ZN8TConsole15ParseTraceValueEv	todo	TConsole	ParseTraceValue	TConsole::ParseTraceValue()
226241	_ZN8TConsole20ParseClearCommandArgEv	todo	TConsole	ParseClearCommandArg	TConsole::ParseClearCommandArg()
226497	_ZN8TConsole18ParseSetCommandArgEv	todo	TConsole	ParseSetCommandArg	TConsole::ParseSetCommandArg()
227154	_ZN8TConsole12ParseCommandEv	todo	TConsole	ParseCommand	TConsole::ParseCommand()
227731	_ZN8TConsole12PrintActionsEv	todo	TConsole	PrintActions	TConsole::PrintActions()
227746	_ZN8TConsole10PrintCacheEv	todo	TConsole	PrintCache	TConsole::PrintCache()
227761	_ZN8TConsole13PrintTexturesEv	todo	TConsole	PrintTextures	TConsole::PrintTextures()
227776	_ZN8TConsole13FilterOptionsERK8wxString	todo	TConsole	FilterOptions	TConsole::FilterOptions(wxString const&)
228033	_ZN8TConsole19GetCurrentStateInfoERiS0_S0_R8wxStringRb	todo	TConsole	GetCurrentStateInfo	TConsole::GetCurrentStateInfo(int&, int&, int&, wxString&, bool&)
228334	_ZN8TConsole20SetMaxOptionsVisibleEv	todo	TConsole	SetMaxOptionsVisible	TConsole::SetMaxOptionsVisible()
228416	_ZN8TConsole4InitEv	todo	TConsole	Init	TConsole::Init()
228480	_ZN8TConsole13StringToColorER8wxStringRj	todo	TConsole	StringToColor	TConsole::StringToColor(wxString&, unsigned int&)
228816	_ZN8TConsole22GetTotalAnimationsSizeEv	todo	TConsole	GetTotalAnimationsSize	TConsole::GetTotalAnimationsSize()
229046	_ZN8TConsole11DrawInSceneEv	todo	TConsole	DrawInScene	TConsole::DrawInScene()
229527	_ZN8TConsole14FillStateStackEv	todo	TConsole	FillStateStack	TConsole::FillStateStack()
229953	_ZN8TConsole5ClearEv	todo	TConsole	Clear	TConsole::Clear()
230179	_ZN8TConsole8ClearLogEv	todo	TConsole	ClearLog	TConsole::ClearLog()
230357	_ZN8TConsole19PrintObjectNotFoundERK8wxString	todo	TConsole	PrintObjectNotFound	TConsole::PrintObjectNotFound(wxString const&)
230501	_ZN8TConsole15RemoveAnimationEv	todo	TConsole	RemoveAnimation	TConsole::RemoveAnimation()
230720	_ZN8TConsole12RemoveActionEv	todo	TConsole	RemoveAction	TConsole::RemoveAction()
230896	_ZN8TConsole10RemoveItemEv	todo	TConsole	RemoveItem	TConsole::RemoveItem()
231196	_ZN8TConsole7AddItemEv	todo	TConsole	AddItem	TConsole::AddItem()
231497	_ZN8TConsole9SetOutfitEv	todo	TConsole	SetOutfit	TConsole::SetOutfit()
231742	_ZN8TConsole25SetCharacterToSceneObjectEv	todo	TConsole	SetCharacterToSceneObject	TConsole::SetCharacterToSceneObject()
232084	_ZN8TConsole19SetCharacterToSceneEv	todo	TConsole	SetCharacterToScene	TConsole::SetCharacterToScene()
232449	_ZN8TConsole20SetCharacterToObjectEv	todo	TConsole	SetCharacterToObject	TConsole::SetCharacterToObject()
232772	_ZN8TConsole11ChangeSceneEv	todo	TConsole	ChangeScene	TConsole::ChangeScene()
233112	_ZN8TConsole15ChangeCharacterEv	todo	TConsole	ChangeCharacter	TConsole::ChangeCharacter()
233273	_ZN8TConsole13ShowCharacterEv	todo	TConsole	ShowCharacter	TConsole::ShowCharacter()
233369	_ZN8TConsole9ShowSceneEv	todo	TConsole	ShowScene	TConsole::ShowScene()
233439	_ZN8TConsole22ShowCharacterAnimationEv	todo	TConsole	ShowCharacterAnimation	TConsole::ShowCharacterAnimation()
233555	_ZN8TConsole19ShowObjectAnimationEv	todo	TConsole	ShowObjectAnimation	TConsole::ShowObjectAnimation()
233661	_ZN8TConsole19PrintInvalidCommandEv	todo	TConsole	PrintInvalidCommand	TConsole::PrintInvalidCommand()
233770	_ZN8TConsole21PrintTooManyArgumentsEv	todo	TConsole	PrintTooManyArguments	TConsole::PrintTooManyArguments()
233879	_ZN8TConsole24PrintInvalidCommandValueEv	todo	TConsole	PrintInvalidCommandValue	TConsole::PrintInvalidCommandValue()
233989	_ZN8TConsole8SetValueEv	todo	TConsole	SetValue	TConsole::SetValue()
234187	_ZN8TConsole22PrintInvalidCommandArgEv	todo	TConsole	PrintInvalidCommandArg	TConsole::PrintInvalidCommandArg()
234296	_ZN8TConsole12SetConditionEv	todo	TConsole	SetCondition	TConsole::SetCondition()
234514	_ZN8TConsole10ClearTraceEv	todo	TConsole	ClearTrace	TConsole::ClearTrace()
234666	_ZN8TConsole8SetTraceEv	todo	TConsole	SetTrace	TConsole::SetTrace()
234809	_ZN8TConsole4DrawEv	todo	TConsole	Draw	TConsole::Draw()
235874	_ZN8TConsole24PrintPreloadedAnimationsEv	todo	TConsole	PrintPreloadedAnimations	TConsole::PrintPreloadedAnimations()
235975	_ZN8TConsole15PrintAnimationsEv	todo	TConsole	PrintAnimations	TConsole::PrintAnimations()
236076	_ZN8TConsole8ShowHelpEv	todo	TConsole	ShowHelp	TConsole::ShowHelp()
237804	_ZN8TConsoleC2Ev	todo	TConsole	TConsole	TConsole::TConsole()
237926	_ZN8TConsoleD2Ev	todo	TConsole	~TConsole	TConsole::~TConsole()
238067	_ZN8TConsole8PrintLogEv	todo	TConsole	PrintLog	TConsole::PrintLog()
238428	_ZN8TConsole14ExecuteCommandEv	todo	TConsole	ExecuteCommand	TConsole::ExecuteCommand()
239349	_ZN8TConsole11FillOptionsE17TConsoleStateEnum	todo	TConsole	FillOptions	TConsole::FillOptions(TConsoleStateEnum)
242824	_ZN8TConsole9SetActiveEb	todo	TConsole	SetActive	TConsole::SetActive(bool)
242869	_ZN8TConsole14HandleKeyEventE20TKeyboardMessageEnum8wxStringit	todo	TConsole	HandleKeyEvent	TConsole::HandleKeyEvent(TKeyboardMessageEnum, wxString, int, unsigned short)
246877	_GLOBAL__sub_I__ZN4Geni6DBconn11_dbpoollockE	todo	(free function)	_GLOBAL__sub_I__ZN4Geni6DBconn11_dbpoollockE	_GLOBAL__sub_I__ZN4Geni6DBconn11_dbpoollockE
246907	_ZN11THInterface7OnEventE10TEventEnumiP17TVisionaireObject	todo	THInterface	OnEvent	THInterface::OnEvent(TEventEnum, int, TVisionaireObject*)
247071	_ZThn600_N11THInterface7OnEventE10TEventEnumiP17TVisionaireObject	todo	THInterface	OnEvent	non-virtual thunk to THInterface::OnEvent(TEventEnum, int, TVisionaireObject*)
247088	_ZN11THInterfaceD2Ev	todo	THInterface	~THInterface	THInterface::~THInterface()
247129	_ZN11THInterfaceD0Ev	todo	THInterface	~THInterface	THInterface::~THInterface()
247172	_ZN11THInterfaceC2ERK10TVisObjRef	todo	THInterface	THInterface	THInterface::THInterface(TVisObjRef const&)
247215	_Z34ix86_override_options_after_changev_15	todo	(free function)	ix86_override_options_after_change	ix86_override_options_after_change()
247238	_ZN12TGActionAreaD2Ev	todo	TGActionArea	~TGActionArea	TGActionArea::~TGActionArea()
247256	_ZN12TGActionAreaD0Ev	todo	TGActionArea	~TGActionArea	TGActionArea::~TGActionArea()
247279	_ZN12TGActionAreaC2ERK10TVisObjRefP11TGInterface	todo	TGActionArea	TGActionArea	TGActionArea::TGActionArea(TVisObjRef const&, TGInterface*)
247302	_Z34ix86_override_options_after_changev_16	todo	(free function)	ix86_override_options_after_change	ix86_override_options_after_change()
247325	_ZN11TGWaySystem12ClosestPointEPK17TVisionaireObjectS2_	todo	TGWaySystem	ClosestPoint	TGWaySystem::ClosestPoint(TVisionaireObject const*, TVisionaireObject const*)
247392	_Z14PointInPolygoniiRSt6vectorI7wxPointSaIS0_EE	todo	(free function)	PointInPolygon	PointInPolygon(int, int, std::vector<wxPoint, std::allocator<wxPoint> >&)
247505	_ZN11TGWaySystem14GetPointNextToERK7wxPoint	todo	TGWaySystem	GetPointNextTo	TGWaySystem::GetPointNextTo(wxPoint const&)
247606	_ZN11TGWaySystem18GetAllPointsNextToERK7wxPointR6TVList	todo	TGWaySystem	GetAllPointsNextTo	TGWaySystem::GetAllPointsNextTo(wxPoint const&, TVList&)
247731	_Z18PointInPolygonListiiR12TPolygonList	todo	(free function)	PointInPolygonList	PointInPolygonList(int, int, TPolygonList&)
247863	_Z16LineInPolygonSetddddR12TPolygonList	todo	(free function)	LineInPolygonSet	LineInPolygonSet(double, double, double, double, TPolygonList&)
248161	_Z8calcDistdddd	todo	(free function)	calcDist	calcDist(double, double, double, double)
248191	_Z3dotRK5pointS1_	todo	(free function)	dot	dot(point const&, point const&)
248210	_Z6_pointN3p2t5PointE	todo	(free function)	_point	_point(p2t::Point)
248241	_Z21closesPointOnTrianglePN3p2t5PointES1_S1_RK7wxPoint	todo	(free function)	closesPointOnTriangle	closesPointOnTriangle(p2t::Point*, p2t::Point*, p2t::Point*, wxPoint const&)
248616	_Z3LenRN3p2t5PointE	todo	(free function)	Len	Len(p2t::Point&)
248646	_Z9NormalizeRN3p2t5PointEd	todo	(free function)	Normalize	Normalize(p2t::Point&, double)
248667	_Z8DistanceRKN3p2t5PointES2_	todo	(free function)	Distance	Distance(p2t::Point const&, p2t::Point const&)
248703	_Z17LinePointDistanceRKN3p2t5PointES2_S2_	todo	(free function)	LinePointDistance	LinePointDistance(p2t::Point const&, p2t::Point const&, p2t::Point const&)
248830	_Z14LinePointPointRKN3p2t5PointES2_S2_	todo	(free function)	LinePointPoint	LinePointPoint(p2t::Point const&, p2t::Point const&, p2t::Point const&)
248964	_Z23PointInTriangleTolerantRN3p2t8TriangleERK7wxPoint	todo	(free function)	PointInTriangleTolerant	PointInTriangleTolerant(p2t::Triangle&, wxPoint const&)
249066	_ZN11TGWaySystem13CheckPositionERK7wxPoint	todo	TGWaySystem	CheckPosition	TGWaySystem::CheckPosition(wxPoint const&)
249196	_Z29circleLineSegmentIntersectionRKN3glm5tvec2IfLNS_9precisionE0EEES4_S4_dRS2_S5_	todo	(free function)	circleLineSegmentIntersection	circleLineSegmentIntersection(glm::tvec2<float, (glm::precision)0> const&, glm::tvec2<float, (glm::precision)0> const&, glm::tvec2<float, (glm::precision)0> const&, double, glm::tvec2<float, (glm::precision)0>&, glm::tvec2<float, (glm::precision)0>&)
249467	_Z6toVec2PN3p2t5PointE	todo	(free function)	toVec2	toVec2(p2t::Point*)
249488	_Z6toVec2RK7wxPoint	todo	(free function)	toVec2	toVec2(wxPoint const&)
249507	_Z9angleDistii	todo	(free function)	angleDist	angleDist(int, int)
249540	_ZN11TGWaySystem15GetNextPositionER11wxRealPointPif	todo	TGWaySystem	GetNextPosition	TGWaySystem::GetNextPosition(wxRealPoint&, int*, float)
249795	_ZN11TGWaySystem14SetDestinationERK7wxPoint	todo	TGWaySystem	SetDestination	TGWaySystem::SetDestination(wxPoint const&)
249821	_ZNK11TGWaySystem14GetDestinationEv	todo	TGWaySystem	GetDestination	TGWaySystem::GetDestination() const
249866	_ZNK11TGWaySystem29GetDirectionToNextDestinationERK7wxPoint	todo	TGWaySystem	GetDirectionToNextDestination	TGWaySystem::GetDirectionToNextDestination(wxPoint const&) const
249908	_ZN11TGWaySystem10SetNoLinesEi	todo	TGWaySystem	SetNoLines	TGWaySystem::SetNoLines(int)
249925	_ZNK11TGWaySystem10GetNoLinesEv	todo	TGWaySystem	GetNoLines	TGWaySystem::GetNoLines() const
249942	_ZNK11TGWaySystem17GetCalculatedSizeERK7wxPoint	todo	TGWaySystem	GetCalculatedSize	TGWaySystem::GetCalculatedSize(wxPoint const&) const
249958	_ZN11TGWaySystem16UpdateSizeSystemEv	todo	TGWaySystem	UpdateSizeSystem	TGWaySystem::UpdateSizeSystem()
249974	_ZNK11TGWaySystem19IsWalkingToWayPointEv	todo	TGWaySystem	IsWalkingToWayPoint	TGWaySystem::IsWalkingToWayPoint() const
249991	_ZNK11TGWaySystem17CheckCrossBordersERK7wxPointS2_	todo	TGWaySystem	CheckCrossBorders	TGWaySystem::CheckCrossBorders(wxPoint const&, wxPoint const&) const
250012	_ZNK11TGWaySystem11IsConnectedERK10TVisObjRefS2_	todo	TGWaySystem	IsConnected	TGWaySystem::IsConnected(TVisObjRef const&, TVisObjRef const&) const
250249	_ZN11TGWaySystemC2Ev	todo	TGWaySystem	TGWaySystem	TGWaySystem::TGWaySystem()
250314	_ZN11TGWaySystemD2Ev	todo	TGWaySystem	~TGWaySystem	TGWaySystem::~TGWaySystem()
250544	_ZN11TGWaySystem12SetWaySystemERK10TVisObjRef	todo	TGWaySystem	SetWaySystem	TGWaySystem::SetWaySystem(TVisObjRef const&)
251746	_Z12shortestPathddddR12TPolygonListRSt6vectorI7wxPointSaIS2_EE	todo	(free function)	shortestPath	shortestPath(double, double, double, double, TPolygonList&, std::vector<wxPoint, std::allocator<wxPoint> >&)
252153	_ZN11TGWaySystem9SearchWayEP17TVisionaireObject	todo	TGWaySystem	SearchWay	TGWaySystem::SearchWay(TVisionaireObject*)
252625	_ZN11TGWaySystem12CalculateWayERK10TVisObjRefRK7wxPointS5_	todo	TGWaySystem	CalculateWay	TGWaySystem::CalculateWay(TVisObjRef const&, wxPoint const&, wxPoint const&)
253067	_ZN11TGWaySystem21CalculateWayTrianglesERK7wxPointS2_	todo	TGWaySystem	CalculateWayTriangles	TGWaySystem::CalculateWayTriangles(wxPoint const&, wxPoint const&)
256618	_Z7argsortIN9__gnu_cxx17__normal_iteratorIPiSt6vectorIiSaIiEEEEEvT_S7_RS3_ImSaImEE	todo	(free function)	argsort<__gnu_cxx::__normal_iterator<int*, std::vector<int, std::allocator<int> > > >	void argsort<__gnu_cxx::__normal_iterator<int*, std::vector<int, std::allocator<int> > > >(__gnu_cxx::__normal_iterator<int*, std::vector<int, std::allocator<int> > >, __gnu_cxx::__normal_iterator<int*, std::vector<int, std::allocator<int> > >, std::vector<unsigned long, std::allocator<unsigned long> >&)
256924	_GLOBAL__sub_I__ZN11TGWaySystem17destinationForCmpE	todo	(free function)	_GLOBAL__sub_I__ZN11TGWaySystem17destinationForCmpE	_GLOBAL__sub_I__ZN11TGWaySystem17destinationForCmpE
256950	_ZN13THGameControl7OnEventE10TEventEnumiP17TVisionaireObject	todo	THGameControl	OnEvent	THGameControl::OnEvent(TEventEnum, int, TVisionaireObject*)
257837	_ZThn2704_N13THGameControl7OnEventE10TEventEnumiP17TVisionaireObject	todo	THGameControl	OnEvent	non-virtual thunk to THGameControl::OnEvent(TEventEnum, int, TVisionaireObject*)
257854	_ZN13THGameControlD2Ev	todo	THGameControl	~THGameControl	THGameControl::~THGameControl()
257940	_ZN13THGameControlD0Ev	todo	THGameControl	~THGameControl	THGameControl::~THGameControl()
258028	_ZN13THGameControlC2Ev	todo	THGameControl	THGameControl	THGameControl::THGameControl()
258050	_ZN13THGameControl20RegisterEventHandlerEv	todo	THGameControl	RegisterEventHandler	THGameControl::RegisterEventHandler()
258121	_ZN13TPaintControl4DrawEv	todo	TPaintControl	Draw	TPaintControl::Draw()
258136	_Z34ix86_override_options_after_changev_17	todo	(free function)	ix86_override_options_after_change	ix86_override_options_after_change()
258159	_ZN8TGObject18ShowSnoopAnimationEb	todo	TGObject	ShowSnoopAnimation	TGObject::ShowSnoopAnimation(bool)
258230	_ZNK8TGObject9GetCenterEv	todo	TGObject	GetCenter	TGObject::GetCenter() const
258253	_ZN8TGObject4DrawEv	todo	TGObject	Draw	TGObject::Draw()
258547	_ZNK8TGObject10IsWalkableEv	todo	TGObject	IsWalkable	TGObject::IsWalkable() const
258564	_ZNK8TGObject11GetPositionEv	todo	TGObject	GetPosition	TGObject::GetPosition() const
258599	_ZNK8TGObject14AlignCharacterER10TVisObjRef	todo	TGObject	AlignCharacter	TGObject::AlignCharacter(TVisObjRef&) const
258633	_ZN8TGObject16AnimationStoppedEP11TGAnimation	todo	TGObject	AnimationStopped	TGObject::AnimationStopped(TGAnimation*)
258657	_ZN8TGObjectD2Ev	todo	TGObject	~TGObject	TGObject::~TGObject()
258744	_ZN8TGObjectD0Ev	todo	TGObject	~TGObject	TGObject::~TGObject()
258764	_ZNK8TGObject8IsInsideERK7wxPointRK12TGDetectInfo	todo	TGObject	IsInside	TGObject::IsInside(wxPoint const&, TGDetectInfo const&) const
258932	_ZN8TGObject18DrawSnoopAnimationEv	todo	TGObject	DrawSnoopAnimation	TGObject::DrawSnoopAnimation()
259146	_ZN8TGObject9SetActiveEb	todo	TGObject	SetActive	TGObject::SetActive(bool)
259458	_ZN8TGObjectC2ERK10TVisObjRef	todo	TGObject	TGObject	TGObject::TGObject(TVisObjRef const&)
259706	_Z34ix86_override_options_after_changev_18	todo	(free function)	ix86_override_options_after_change	ix86_override_options_after_change()
259729	_ZN11THAnimationD2Ev	todo	THAnimation	~THAnimation	THAnimation::~THAnimation()
259770	_ZN11THAnimationD0Ev	todo	THAnimation	~THAnimation	THAnimation::~THAnimation()
259813	_ZN11THAnimation7OnEventE10TEventEnumiP17TVisionaireObject	todo	THAnimation	OnEvent	THAnimation::OnEvent(TEventEnum, int, TVisionaireObject*)
260060	_ZThn176_N11THAnimation7OnEventE10TEventEnumiP17TVisionaireObject	todo	THAnimation	OnEvent	non-virtual thunk to THAnimation::OnEvent(TEventEnum, int, TVisionaireObject*)
260077	_ZN11THAnimationC2ERK10TVisObjRefS2_	todo	THAnimation	THAnimation	THAnimation::THAnimation(TVisObjRef const&, TVisObjRef const&)
260120	_Z34ix86_override_options_after_changev_19	todo	(free function)	ix86_override_options_after_change	ix86_override_options_after_change()
260143	_ZN16TSceneActionAreaC2ERK10TVisObjRef	todo	TSceneActionArea	TSceneActionArea	TSceneActionArea::TSceneActionArea(TVisObjRef const&)
260377	_ZN16TSceneActionAreaD2Ev	todo	TSceneActionArea	~TSceneActionArea	TSceneActionArea::~TSceneActionArea()
260415	_ZNK16TSceneActionArea10CanTriggerERK10TVisObjRef	todo	TSceneActionArea	CanTrigger	TSceneActionArea::CanTrigger(TVisObjRef const&) const
260601	_ZNK16TSceneActionArea8IsInsideERK7wxPoint	todo	TSceneActionArea	IsInside	TSceneActionArea::IsInside(wxPoint const&) const
260645	_Z34ix86_override_options_after_changev_20	todo	(free function)	ix86_override_options_after_change	ix86_override_options_after_change()
260668	_ZN6TGItem19HandlePostExecutionER11TGEventInfoRK12TGActionInfo	todo	TGItem	HandlePostExecution	TGItem::HandlePostExecution(TGEventInfo&, TGActionInfo const&)
260821	_ZN6TGItem4DrawEv	todo	TGItem	Draw	TGItem::Draw()
260920	_ZN6TGItemD2Ev	todo	TGItem	~TGItem	TGItem::~TGItem()
260937	_ZN6TGItemD0Ev	todo	TGItem	~TGItem	TGItem::~TGItem()
260960	_ZN6TGItem18HandlePreExecutionER11TGEventInfo	todo	TGItem	HandlePreExecution	TGItem::HandlePreExecution(TGEventInfo&)
261052	_ZN6TGItemC2ERK10TVisObjRefb	todo	TGItem	TGItem	TGItem::TGItem(TVisObjRef const&, bool)
261129	_ZN6TGItem14StartAnimationEv	todo	TGItem	StartAnimation	TGItem::StartAnimation()
261209	_ZN6TGItem19SetCenteredPositionERK7wxPoint	todo	TGItem	SetCenteredPosition	TGItem::SetCenteredPosition(wxPoint const&)
261228	_ZNK6TGItem21GetPositionNextToItemEv	todo	TGItem	GetPositionNextToItem	TGItem::GetPositionNextToItem() const
261299	_Z34ix86_override_options_after_changev_21	todo	(free function)	ix86_override_options_after_change	ix86_override_options_after_change()
261322	_ZN9TGCommandD2Ev	todo	TGCommand	~TGCommand	TGCommand::~TGCommand()
261340	_ZN9TGCommandD0Ev	todo	TGCommand	~TGCommand	TGCommand::~TGCommand()
261363	_ZN9TGCommand12ExecuteEventER11TGEventInfo	todo	TGCommand	ExecuteEvent	TGCommand::ExecuteEvent(TGEventInfo&)
261561	_ZN9TGCommandC2ERK10TVisObjRefP11TGInterface	todo	TGCommand	TGCommand	TGCommand::TGCommand(TVisObjRef const&, TGInterface*)
261584	_ZNK9TGCommand17IsStandardCommandEv	todo	TGCommand	IsStandardCommand	TGCommand::IsStandardCommand() const
261646	_Z34ix86_override_options_after_changev_22	todo	(free function)	ix86_override_options_after_change	ix86_override_options_after_change()
261667	Lpcre_version	todo	(free function)	Lpcre_version	Lpcre_version
261687	do_named_subpatterns	todo	(free function)	do_named_subpatterns	do_named_subpatterns
261799	compile_regex_0	todo	(free function)	compile_regex_0	compile_regex_0
262025	check_subject_part_6	todo	(free function)	check_subject_part_6	check_subject_part_6
262116	Lpcre_maketables	todo	(free function)	Lpcre_maketables	Lpcre_maketables
262154	Lpcre_tostring	todo	(free function)	Lpcre_tostring	Lpcre_tostring
262225	Lpcre_gc	todo	(free function)	Lpcre_gc	Lpcre_gc
262299	algf_new	todo	(free function)	algf_new	algf_new
262515	chartables_tostring	todo	(free function)	chartables_tostring	chartables_tostring
262588	chartables_gc	todo	(free function)	chartables_gc	chartables_gc
262661	finish_generic_find_isra_11	todo	(free function)	finish_generic_find_isra_11	finish_generic_find_isra_11
262853	Lpcre_dfa_exec	todo	(free function)	Lpcre_dfa_exec	Lpcre_dfa_exec
263105	generic_find_method	todo	(free function)	generic_find_method	generic_find_method
263492	algm_match	todo	(free function)	algm_match	algm_match
263505	algm_find	todo	(free function)	algm_find	algm_find
263518	algm_tfind	todo	(free function)	algm_tfind	algm_tfind
263531	algm_exec	todo	(free function)	algm_exec	algm_exec
263544	gmatch_iter	todo	(free function)	gmatch_iter	gmatch_iter
263760	checkarg_gmatch_split	todo	(free function)	checkarg_gmatch_split	checkarg_gmatch_split
264061	algf_split	todo	(free function)	algf_split	algf_split
264125	algf_gmatch	todo	(free function)	algf_gmatch	algf_gmatch
264189	generic_find_func	todo	(free function)	generic_find_func	generic_find_func
264573	algf_find	todo	(free function)	algf_find	algf_find
264586	algf_match	todo	(free function)	algf_match	algf_match
264599	algf_gsub	todo	(free function)	algf_gsub	algf_gsub
265691	split_iter	todo	(free function)	split_iter	split_iter
265928	luaopen_rex_pcre	todo	(free function)	luaopen_rex_pcre	luaopen_rex_pcre
266104	_Z34ix86_override_options_after_changev_23	todo	(free function)	ix86_override_options_after_change	ix86_override_options_after_change()
266125	lcurl_multi_init	todo	(free function)	lcurl_multi_init	lcurl_multi_init
266164	lcurl_easy_init	todo	(free function)	lcurl_easy_init	lcurl_easy_init
266212	lcurl_gc	todo	(free function)	lcurl_gc	lcurl_gc
266239	setcurlerrors	todo	(free function)	setcurlerrors	setcurlerrors
266932	lcurl_unescape	todo	(free function)	lcurl_unescape	lcurl_unescape
266986	lcurl_escape	todo	(free function)	lcurl_escape	lcurl_escape
267040	get_slist_constprop_24	todo	(free function)	get_slist_constprop_24	get_slist_constprop_24
267127	lcurlm_multi_perform	todo	(free function)	lcurlm_multi_perform	lcurlm_multi_perform
267224	lcurl_easy_getinfo	todo	(free function)	lcurl_easy_getinfo	lcurl_easy_getinfo
267446	lcurlm_gc	todo	(free function)	lcurlm_gc	lcurlm_gc
267493	lcurlm_info	todo	(free function)	lcurlm_info	lcurlm_info
267614	lcurl_easy_perform	todo	(free function)	lcurl_easy_perform	lcurl_easy_perform
267696	lcurl_easy_close	todo	(free function)	lcurl_easy_close	lcurl_easy_close
267996	ioctlCallback	todo	(free function)	ioctlCallback	ioctlCallback
268116	readerCallback	todo	(free function)	readerCallback	readerCallback
268284	progressCallback	todo	(free function)	progressCallback	progressCallback
268414	headerCallback	todo	(free function)	headerCallback	headerCallback
268555	writerCallback	todo	(free function)	writerCallback	writerCallback
268696	lcurl_easy_setopt	todo	(free function)	lcurl_easy_setopt	lcurl_easy_setopt
270691	luaopen_luacurl	todo	(free function)	luaopen_luacurl	luaopen_luacurl
272971	lcurlm_multi_add_handle	todo	(free function)	lcurlm_multi_add_handle	lcurlm_multi_add_handle
273154	_Z34ix86_override_options_after_changev_24	todo	(free function)	ix86_override_options_after_change	ix86_override_options_after_change()
273177	_Z34ix86_override_options_after_changev_25	todo	(free function)	ix86_override_options_after_change	ix86_override_options_after_change()
273199	get_int_field	todo	(free function)	get_int_field	get_int_field
273234	set_int_field	todo	(free function)	set_int_field	set_int_field
273264	Lmalloc	todo	(free function)	Lmalloc	Lmalloc
273313	get_flags	todo	(free function)	get_flags	get_flags
273397	get_flag_key	todo	(free function)	get_flag_key	get_flag_key
273436	freelist_init	todo	(free function)	freelist_init	freelist_init
273451	freelist_add	todo	(free function)	freelist_add	freelist_add
273469	freelist_free	todo	(free function)	freelist_free	freelist_free
273516	buffer_free	todo	(free function)	buffer_free	buffer_free
273545	buffer_clear	todo	(free function)	buffer_clear	buffer_clear
273560	buffer_pushresult	todo	(free function)	buffer_pushresult	buffer_pushresult
273578	buffer_addbuffer	todo	(free function)	buffer_addbuffer	buffer_addbuffer
273698	buffer_addlstring	todo	(free function)	buffer_addlstring	buffer_addlstring
273818	buffer_addvalue	todo	(free function)	buffer_addvalue	buffer_addvalue
273943	bufferZ_addlstring	todo	(free function)	bufferZ_addlstring	bufferZ_addlstring
274208	bufferZ_addnum	todo	(free function)	bufferZ_addnum	bufferZ_addnum
274321	bufferZ_putrepstring	todo	(free function)	bufferZ_putrepstring	bufferZ_putrepstring
275012	bufferZ_next	todo	(free function)	bufferZ_next	bufferZ_next
275064	_Z34ix86_override_options_after_changev_26	todo	(free function)	ix86_override_options_after_change	ix86_override_options_after_change()
275087	_Z34ix86_override_options_after_changev_27	todo	(free function)	ix86_override_options_after_change	ix86_override_options_after_change()
275108	push_st_blksize	todo	(free function)	push_st_blksize	push_st_blksize
275121	push_st_blocks	todo	(free function)	push_st_blocks	push_st_blocks
275134	push_st_size	todo	(free function)	push_st_size	push_st_size
275147	push_st_ctime	todo	(free function)	push_st_ctime	push_st_ctime
275160	push_st_mtime	todo	(free function)	push_st_mtime	push_st_mtime
275173	push_st_atime	todo	(free function)	push_st_atime	push_st_atime
275186	push_st_rdev	todo	(free function)	push_st_rdev	push_st_rdev
275199	push_st_gid	todo	(free function)	push_st_gid	push_st_gid
275212	push_st_uid	todo	(free function)	push_st_uid	push_st_uid
275225	push_st_nlink	todo	(free function)	push_st_nlink	push_st_nlink
275238	push_st_ino	todo	(free function)	push_st_ino	push_st_ino
275251	push_st_dev	todo	(free function)	push_st_dev	push_st_dev
275264	push_st_perm	todo	(free function)	push_st_perm	push_st_perm
275330	push_st_mode	todo	(free function)	push_st_mode	push_st_mode
275400	_file_info_	todo	(free function)	_file_info_	_file_info_
275541	link_info	todo	(free function)	link_info	link_info
275554	file_info	todo	(free function)	file_info	file_info
275567	dir_iter_factory	todo	(free function)	dir_iter_factory	dir_iter_factory
275636	dir_iter	todo	(free function)	dir_iter	dir_iter
275696	change_dir	todo	(free function)	change_dir	change_dir
275747	dir_close	todo	(free function)	dir_close	dir_close
275777	lfs_unlock_dir	todo	(free function)	lfs_unlock_dir	lfs_unlock_dir
275806	lfs_lock_dir	todo	(free function)	lfs_lock_dir	lfs_lock_dir
275909	file_utime	todo	(free function)	file_utime	file_utime
275981	remove_dir	todo	(free function)	remove_dir	remove_dir
276024	make_dir	todo	(free function)	make_dir	make_dir
276068	get_dir	todo	(free function)	get_dir	get_dir
276110	make_link	todo	(free function)	make_link	make_link
276181	lfs_f_setmode	todo	(free function)	lfs_f_setmode	lfs_f_setmode
276225	file_lock	todo	(free function)	file_lock	file_lock
276362	file_unlock	todo	(free function)	file_unlock	file_unlock
276453	luaopen_lfs	todo	(free function)	luaopen_lfs	luaopen_lfs
276570	_Z34ix86_override_options_after_changev_28	todo	(free function)	ix86_override_options_after_change	ix86_override_options_after_change()
276592	luaopen_luasql_mysql	todo	(free function)	luaopen_luasql_mysql	luaopen_luasql_mysql
276607	_Z34ix86_override_options_after_changev_29	todo	(free function)	ix86_override_options_after_change	ix86_override_options_after_change()
276628	luasql_tostring	todo	(free function)	luasql_tostring	luasql_tostring
276683	luasql_faildirect	todo	(free function)	luasql_faildirect	luasql_faildirect
276720	luasql_failmsg	todo	(free function)	luasql_failmsg	luasql_failmsg
276764	luasql_createmeta	todo	(free function)	luasql_createmeta	luasql_createmeta
276840	luasql_setmeta	todo	(free function)	luasql_setmeta	luasql_setmeta
276861	luasql_set_info	todo	(free function)	luasql_set_info	luasql_set_info
276909	_Z34ix86_override_options_after_changev_30	todo	(free function)	ix86_override_options_after_change	ix86_override_options_after_change()
276931	Lpcre_config	todo	(free function)	Lpcre_config	Lpcre_config
277006	Lpcre_get_flags	todo	(free function)	Lpcre_get_flags	Lpcre_get_flags
277033	_Z34ix86_override_options_after_changev_31	todo	(free function)	ix86_override_options_after_change	ix86_override_options_after_change()
277054	Lutf8_gmatch	todo	(free function)	Lutf8_gmatch	Lutf8_gmatch
277087	Lutf8_codes	todo	(free function)	Lutf8_codes	Lutf8_codes
277116	utf8_decode_part_0	todo	(free function)	utf8_decode_part_0	utf8_decode_part_0
277245	Lutf8_reverse	todo	(free function)	Lutf8_reverse	Lutf8_reverse
277334	Lutf8_insert	todo	(free function)	Lutf8_insert	Lutf8_insert
277537	Lutf8_codepoint	todo	(free function)	Lutf8_codepoint	Lutf8_codepoint
277696	push_offset	todo	(free function)	push_offset	push_offset
277842	Lutf8_next	todo	(free function)	Lutf8_next	Lutf8_next
277917	Lutf8_charpos	todo	(free function)	Lutf8_charpos	Lutf8_charpos
278035	Lutf8_offset	todo	(free function)	Lutf8_offset	Lutf8_offset
278056	utf8_tolower	todo	(free function)	utf8_tolower	utf8_tolower
278113	Lutf8_ncasecmp	todo	(free function)	Lutf8_ncasecmp	Lutf8_ncasecmp
278329	utf8_toupper	todo	(free function)	utf8_toupper	utf8_toupper
278386	utf8_totitle	todo	(free function)	utf8_totitle	utf8_totitle
278443	utf8_tofold	todo	(free function)	utf8_tofold	utf8_tofold
278500	classend_isra_5	todo	(free function)	classend_isra_5	classend_isra_5
278626	push_captures	todo	(free function)	push_captures	push_captures
278825	Lutf8_char	todo	(free function)	Lutf8_char	Lutf8_char
278966	Lutf8_escape	todo	(free function)	Lutf8_escape	Lutf8_escape
279381	convert_part_7	todo	(free function)	convert_part_7	convert_part_7
279550	Lutf8_upper	todo	(free function)	Lutf8_upper	Lutf8_upper
279648	u_posrange	todo	(free function)	u_posrange	u_posrange
279869	Lutf8_byte	todo	(free function)	Lutf8_byte	Lutf8_byte
279964	Lutf8_remove	todo	(free function)	Lutf8_remove	Lutf8_remove
280046	Lutf8_sub	todo	(free function)	Lutf8_sub	Lutf8_sub
280109	match_class	todo	(free function)	match_class	match_class
280687	matchbracketclass	todo	(free function)	matchbracketclass	matchbracketclass
280827	match	todo	(free function)	match	match
281697	gmatch_aux	todo	(free function)	gmatch_aux	gmatch_aux
281810	Lutf8_title	todo	(free function)	Lutf8_title	Lutf8_title
281908	Lutf8_fold	todo	(free function)	Lutf8_fold	Lutf8_fold
282006	Lutf8_lower	todo	(free function)	Lutf8_lower	Lutf8_lower
282104	Lutf8_widthindex	todo	(free function)	Lutf8_widthindex	Lutf8_widthindex
282403	Lutf8_width	todo	(free function)	Lutf8_width	Lutf8_width
282858	Lutf8_len	todo	(free function)	Lutf8_len	Lutf8_len
282985	Lutf8_gsub	todo	(free function)	Lutf8_gsub	Lutf8_gsub
283798	find_aux	todo	(free function)	find_aux	find_aux
284392	Lutf8_match	todo	(free function)	Lutf8_match	Lutf8_match
284405	Lutf8_find	todo	(free function)	Lutf8_find	Lutf8_find
284419	luaopen_utf8	todo	(free function)	luaopen_utf8	luaopen_utf8
284460	_Z34ix86_override_options_after_changev_32	todo	(free function)	ix86_override_options_after_change	ix86_override_options_after_change()
284483	_Z14steam_newindexP9lua_State	todo	(free function)	steam_newindex	steam_newindex(lua_State*)
284499	_Z14steam_gamelangP9lua_State	todo	(free function)	steam_gamelang	steam_gamelang(lua_State*)
284539	_Z23steam_activateActionSetP9lua_State	todo	(free function)	steam_activateActionSet	steam_activateActionSet(lua_State*)
284657	_Z15galaxy_gamelangP9lua_State	todo	(free function)	galaxy_gamelang	galaxy_gamelang(lua_State*)
284719	_Z19galaxy_dlcInstalledP9lua_State	todo	(free function)	galaxy_dlcInstalled	galaxy_dlcInstalled(lua_State*)
284819	_Z22steam_showBindingPanelP9lua_State	todo	(free function)	steam_showBindingPanel	steam_showBindingPanel(lua_State*)
284904	_Z26steam_getDigitalActionDataP9lua_State	todo	(free function)	steam_getDigitalActionData	steam_getDigitalActionData(lua_State*)
285033	_Z18steam_dlcInstalledP9lua_State	todo	(free function)	steam_dlcInstalled	steam_dlcInstalled(lua_State*)
285110	_Z22steam_hasLicenseForAppP9lua_State	todo	(free function)	steam_hasLicenseForApp	steam_hasLicenseForApp(lua_State*)
285192	_Z34steam_getGamepadIndexForControllerP9lua_State	todo	(free function)	steam_getGamepadIndexForController	steam_getGamepadIndexForController(lua_State*)
285277	_Z29steam_getDigitalActionOriginsP9lua_State	todo	(free function)	steam_getDigitalActionOrigins	steam_getDigitalActionOrigins(lua_State*)
285475	_Z28steam_getAnalogActionOriginsP9lua_State	todo	(free function)	steam_getAnalogActionOrigins	steam_getAnalogActionOrigins(lua_State*)
285673	_Z19steam_getMotionDataP9lua_State	todo	(free function)	steam_getMotionData	steam_getMotionData(lua_State*)
285788	_Z25steam_getAnalogActionDataP9lua_State	todo	(free function)	steam_getAnalogActionData	steam_getAnalogActionData(lua_State*)
285945	_Z30steam_getStringForActionOriginP9lua_State	todo	(free function)	steam_getStringForActionOrigin	steam_getStringForActionOrigin(lua_State*)
285996	_Z29steam_getGlyphForActionOriginP9lua_State	todo	(free function)	steam_getGlyphForActionOrigin	steam_getGlyphForActionOrigin(lua_State*)
286047	_Z34steam_getControllerForGamepadIndexP9lua_State	todo	(free function)	steam_getControllerForGamepadIndex	steam_getControllerForGamepadIndex(lua_State*)
286098	_Z15system_newindexP9lua_State	todo	(free function)	system_newindex	system_newindex(lua_State*)
286245	_Z22system_resumeAllSoundsP9lua_State	todo	(free function)	system_resumeAllSounds	system_resumeAllSounds(lua_State*)
286288	_Z28system_resumeBackgroundMusicP9lua_State	todo	(free function)	system_resumeBackgroundMusic	system_resumeBackgroundMusic(lua_State*)
286313	_Z21system_pauseAllSoundsP9lua_State	todo	(free function)	system_pauseAllSounds	system_pauseAllSounds(lua_State*)
286356	_Z27system_pauseBackgroundMusicP9lua_State	todo	(free function)	system_pauseBackgroundMusic	system_pauseBackgroundMusic(lua_State*)
286381	_Z26system_resumeAllAnimationsP9lua_State	todo	(free function)	system_resumeAllAnimations	system_resumeAllAnimations(lua_State*)
286416	_Z29system_pauseCurrentAnimationsP9lua_State	todo	(free function)	system_pauseCurrentAnimations	system_pauseCurrentAnimations(lua_State*)
286451	_Z23system_resumeAllActionsP9lua_State	todo	(free function)	system_resumeAllActions	system_resumeAllActions(lua_State*)
286486	_Z26system_pauseCurrentActionsP9lua_State	todo	(free function)	system_pauseCurrentActions	system_pauseCurrentActions(lua_State*)
286522	_Z22system_controllercountP9lua_State	todo	(free function)	system_controllercount	system_controllercount(lua_State*)
286573	_Z21system_controllernameP9lua_State	todo	(free function)	system_controllername	system_controllername(lua_State*)
286649	_Z23system_controllerisgameP9lua_State	todo	(free function)	system_controllerisgame	system_controllerisgame(lua_State*)
286676	_Z21system_controllerguidP9lua_State	todo	(free function)	system_controllerguid	system_controllerguid(lua_State*)
286753	_Z20system_joystickcountP9lua_State	todo	(free function)	system_joystickcount	system_joystickcount(lua_State*)
286777	_Z17system_systemInfoP9lua_State	todo	(free function)	system_systemInfo	system_systemInfo(lua_State*)
286859	_Z20steam_getControllersP9lua_State	todo	(free function)	steam_getControllers	steam_getControllers(lua_State*)
287051	_Z22system_getDisplayModesP9lua_State	todo	(free function)	system_getDisplayModes	system_getDisplayModes(lua_State*)
287269	_Z11steam_indexP9lua_State	todo	(free function)	steam_index	steam_index(lua_State*)
287477	_Z25steam_getCurrentActionSetP9lua_State	todo	(free function)	steam_getCurrentActionSet	steam_getCurrentActionSet(lua_State*)
287677	_Z28steam_getDigitalActionHandleP9lua_State	todo	(free function)	steam_getDigitalActionHandle	steam_getDigitalActionHandle(lua_State*)
287844	_Z27steam_getAnalogActionHandleP9lua_State	todo	(free function)	steam_getAnalogActionHandle	steam_getAnalogActionHandle(lua_State*)
288011	_Z24steam_getActionSetHandleP9lua_State	todo	(free function)	steam_getActionSetHandle	steam_getActionSetHandle(lua_State*)
288178	_Z12system_indexP9lua_State	todo	(free function)	system_index	system_index(lua_State*)
288624	_Z8LuaTracev	todo	(free function)	LuaTrace	LuaTrace()
288692	_Z11parseUInt64PKc	todo	(free function)	parseUInt64	parseUInt64(char const*)
289025	_ZN13StringHashMapISsPFiP9lua_StateEPKc10StringHashIS5_EED2Ev	todo	StringHashMap<std::basic_string<char, std::char_traits<char>, std::allocator<char> >, int (*)(lua_State*), char const*, StringHash<char const*> >	~StringHashMap	StringHashMap<std::basic_string<char, std::char_traits<char>, std::allocator<char> >, int (*)(lua_State*), char const*, StringHash<char const*> >::~StringHashMap()
289115	_GLOBAL__sub_I__Z8LuaTracev	todo	(free function)	_GLOBAL__sub_I__Z8LuaTracev	_GLOBAL__sub_I__Z8LuaTracev
388720	_Z10luaopen_b2P9lua_State	todo	(free function)	luaopen_b2	luaopen_b2(lua_State*)
388766	_Z34ix86_override_options_after_changev_33	todo	(free function)	ix86_override_options_after_change	ix86_override_options_after_change()
388789	_ZN15CmdGetCursorPos2DoEv	todo	CmdGetCursorPos	Do	CmdGetCursorPos::Do()
388806	_ZN22CmdGetWindowBrightness2DoEv	todo	CmdGetWindowBrightness	Do	CmdGetWindowBrightness::Do()
388824	_ZN19CmdShaderSetOptions4RedoEv	todo	CmdShaderSetOptions	Redo	CmdShaderSetOptions::Redo()
388841	_ZN16CmdShaderUniform4RedoEv	todo	CmdShaderUniform	Redo	CmdShaderUniform::Redo()
388857	_ZN19CmdToggleWindowMode2DoEv	todo	CmdToggleWindowMode	Do	CmdToggleWindowMode::Do()
388874	_ZN19CmdToggleWindowMode4RedoEv	todo	CmdToggleWindowMode	Redo	CmdToggleWindowMode::Redo()
388896	_ZN16CmdGetWindowMode2DoEv	todo	CmdGetWindowMode	Do	CmdGetWindowMode::Do()
388913	_ZN16CmdSetWindowSize4RedoEv	todo	CmdSetWindowSize	Redo	CmdSetWindowSize::Redo()
388934	_ZN19CmdStopHapticRumble2DoEv	todo	CmdStopHapticRumble	Do	CmdStopHapticRumble::Do()
388951	_ZN16CmdGetWindowMode4RedoEv	todo	CmdGetWindowMode	Redo	CmdGetWindowMode::Redo()
388977	_ZN16CmdSetWindowSize2DoEv	todo	CmdSetWindowSize	Do	CmdSetWindowSize::Do()
389016	_ZN15CmdSetCursorPos2DoEv	todo	CmdSetCursorPos	Do	CmdSetCursorPos::Do()
389055	_ZN19CmdStopHapticEffect2DoEv	todo	CmdStopHapticEffect	Do	CmdStopHapticEffect::Do()
389094	_ZN20CmdStartHapticEffect2DoEv	todo	CmdStartHapticEffect	Do	CmdStartHapticEffect::Do()
389134	_ZN19CmdToggleSoundPause2DoEv	todo	CmdToggleSoundPause	Do	CmdToggleSoundPause::Do()
389173	_ZN12CmdStopSound2DoEv	todo	CmdStopSound	Do	CmdStopSound::Do()
389212	_ZN30CmdCreateHapticEffectLeftRight4RedoEv	todo	CmdCreateHapticEffectLeftRight	Redo	CmdCreateHapticEffectLeftRight::Redo()
389262	_ZN16CmdShaderCompile4RedoEv	todo	CmdShaderCompile	Redo	CmdShaderCompile::Redo()
389302	_ZN25CmdCreateHapticEffectRamp4RedoEv	todo	CmdCreateHapticEffectRamp	Redo	CmdCreateHapticEffectRamp::Redo()
389394	_ZN30CmdCreateHapticEffectCondition4RedoEv	todo	CmdCreateHapticEffectCondition	Redo	CmdCreateHapticEffectCondition::Redo()
389470	_ZN29CmdCreateHapticEffectPeriodic4RedoEv	todo	CmdCreateHapticEffectPeriodic	Redo	CmdCreateHapticEffectPeriodic::Redo()
389574	_ZN29CmdCreateHapticEffectConstant4RedoEv	todo	CmdCreateHapticEffectConstant	Redo	CmdCreateHapticEffectConstant::Redo()
389661	_ZN19CmdStopHapticEffect4RedoEv	todo	CmdStopHapticEffect	Redo	CmdStopHapticEffect::Redo()
389703	_ZN20CmdStartHapticEffect4RedoEv	todo	CmdStartHapticEffect	Redo	CmdStartHapticEffect::Redo()
389738	_ZN19CmdStopHapticRumble4RedoEv	todo	CmdStopHapticRumble	Redo	CmdStopHapticRumble::Redo()
389766	_ZN20CmdStartHapticRumble4RedoEv	todo	CmdStartHapticRumble	Redo	CmdStartHapticRumble::Redo()
389805	_ZN23CmdIsPointInsidePolygon4RedoEv	todo	CmdIsPointInsidePolygon	Redo	CmdIsPointInsidePolygon::Redo()
389832	_ZN16CmdStopAnimation2DoEv	todo	CmdStopAnimation	Do	CmdStopAnimation::Do()
389884	_ZN13CmdStopAction2DoEv	todo	CmdStopAction	Do	CmdStopAction::Do()
389936	_ZN14CmdStartAction2DoEv	todo	CmdStartAction	Do	CmdStartAction::Do()
389988	_ZN23CmdResetGameClientStats2DoEv	todo	CmdResetGameClientStats	Do	CmdResetGameClientStats::Do()
390036	_ZN17CmdStartAnimation2DoEv	todo	CmdStartAnimation	Do	CmdStartAnimation::Do()
390112	_ZN22CmdGetWindowBrightness4RedoEv	todo	CmdGetWindowBrightness	Redo	CmdGetWindowBrightness::Redo()
390141	_ZN19CmdToggleSoundPause4RedoEv	todo	CmdToggleSoundPause	Redo	CmdToggleSoundPause::Redo()
390177	_ZN19CmdSetSoundProperty4RedoEv	todo	CmdSetSoundProperty	Redo	CmdSetSoundProperty::Redo()
390224	_ZN19CmdGetSoundProperty4RedoEv	todo	CmdGetSoundProperty	Redo	CmdGetSoundProperty::Redo()
390360	_ZN13CmdGetSoundId4RedoEv	todo	CmdGetSoundId	Redo	CmdGetSoundId::Redo()
390390	_ZN12CmdStopSound4RedoEv	todo	CmdStopSound	Redo	CmdStopSound::Redo()
390425	_ZN13CmdStartSound4RedoEv	todo	CmdStartSound	Redo	CmdStartSound::Redo()
390483	_ZN17CmdInitGameClient4RedoEv	todo	CmdInitGameClient	Redo	CmdInitGameClient::Redo()
390525	_ZN23CmdRegisterEventHandler4RedoEv	todo	CmdRegisterEventHandler	Redo	CmdRegisterEventHandler::Redo()
390628	_ZN15CmdSetCursorPos4RedoEv	todo	CmdSetCursorPos	Redo	CmdSetCursorPos::Redo()
390713	_ZN15CmdGetCursorPos4RedoEv	todo	CmdGetCursorPos	Redo	CmdGetCursorPos::Redo()
390745	_ZN12CmdSetVolume4RedoEv	todo	CmdSetVolume	Redo	CmdSetVolume::Redo()
390855	_ZN12CmdGetVolume4RedoEv	todo	CmdGetVolume	Redo	CmdGetVolume::Redo()
390942	_ZN16CmdStopAnimation4RedoEv	todo	CmdStopAnimation	Redo	CmdStopAnimation::Redo()
390962	_ZN17CmdStartAnimation4RedoEv	todo	CmdStartAnimation	Redo	CmdStartAnimation::Redo()
391018	_ZN13CmdStopAction4RedoEv	todo	CmdStopAction	Redo	CmdStopAction::Redo()
391039	_ZN14CmdStartAction4RedoEv	todo	CmdStartAction	Redo	CmdStartAction::Redo()
391094	_ZN25CmdUnregisterEventHandler4RedoEv	todo	CmdUnregisterEventHandler	Redo	CmdUnregisterEventHandler::Redo()
391158	_ZNK13StringHashMapISsP10TArgSyntaxPKc10StringHashIS3_EE3getES3_PS1__isra_32	todo	StringHashMap<std::basic_string<char, std::char_traits<char>, std::allocator<char> >, TArgSyntax*, char const*, StringHash<char const*> >	get	StringHashMap<std::basic_string<char, std::char_traits<char>, std::allocator<char> >, TArgSyntax*, char const*, StringHash<char const*> >::get(char const*, TArgSyntax**) const
391250	_ZN17CmdSetWindowTitle2DoEv	todo	CmdSetWindowTitle	Do	CmdSetWindowTitle::Do()
391290	_ZN20CmdGetGameClientStat2DoEv	todo	CmdGetGameClientStat	Do	CmdGetGameClientStat::Do()
391331	_ZN27CmdGetGameClientAchievement2DoEv	todo	CmdGetGameClientAchievement	Do	CmdGetGameClientAchievement::Do()
391372	_ZN22CmdStartDefaultBrowser2DoEv	todo	CmdStartDefaultBrowser	Do	CmdStartDefaultBrowser::Do()
391413	_ZN20CmdSetGameClientStat2DoEv	todo	CmdSetGameClientStat	Do	CmdSetGameClientStat::Do()
391473	_ZN17CmdInitGameClient2DoEv	todo	CmdInitGameClient	Do	CmdInitGameClient::Do()
391532	_ZN20CmdStartHapticRumble2DoEv	todo	CmdStartHapticRumble	Do	CmdStartHapticRumble::Do()
391635	_ZN22CmdSetWindowBrightness2DoEv	todo	CmdSetWindowBrightness	Do	CmdSetWindowBrightness::Do()
391716	_ZN19CmdSetSoundProperty2DoEv	todo	CmdSetSoundProperty	Do	CmdSetSoundProperty::Do()
391954	_ZN27CmdSetGameClientAchievement2DoEv	todo	CmdSetGameClientAchievement	Do	CmdSetGameClientAchievement::Do()
392054	_ZN19CmdCreateScreenshot4RedoEv	todo	CmdCreateScreenshot	Redo	CmdCreateScreenshot::Redo()
392190	_ZN12CmdSetVolume2DoEv	todo	CmdSetVolume	Do	CmdSetVolume::Do()
392329	_ZN12CmdGetVolume2DoEv	todo	CmdGetVolume	Do	CmdGetVolume::Do()
392420	_ZN14CmdCreateEvent2DoEv	todo	CmdCreateEvent	Do	CmdCreateEvent::Do()
393043	_ZN30CmdCreateHapticEffectLeftRight2DoEv	todo	CmdCreateHapticEffectLeftRight	Do	CmdCreateHapticEffectLeftRight::Do()
393257	_ZN30CmdCreateHapticEffectCondition2DoEv	todo	CmdCreateHapticEffectCondition	Do	CmdCreateHapticEffectCondition::Do()
393624	_ZN29CmdCreateHapticEffectPeriodic2DoEv	todo	CmdCreateHapticEffectPeriodic	Do	CmdCreateHapticEffectPeriodic::Do()
394305	_ZN19CmdGetSoundProperty2DoEv	todo	CmdGetSoundProperty	Do	CmdGetSoundProperty::Do()
394672	_ZN14CmdGetProperty2DoEv	todo	CmdGetProperty	Do	CmdGetProperty::Do()
395028	_ZN23CmdRegisterHookFunction2DoEv	todo	CmdRegisterHookFunction	Do	CmdRegisterHookFunction::Do()
395395	_ZN25CmdUnregisterEventHandler2DoEv	todo	CmdUnregisterEventHandler	Do	CmdUnregisterEventHandler::Do()
395671	_ZN22CmdSetWindowBrightness4RedoEv	todo	CmdSetWindowBrightness	Redo	CmdSetWindowBrightness::Redo()
395772	_ZN17CmdSetWindowTitle4RedoEv	todo	CmdSetWindowTitle	Redo	CmdSetWindowTitle::Redo()
395824	_ZN16CmdShaderCompile2DoEv	todo	CmdShaderCompile	Do	CmdShaderCompile::Do()
396129	_ZN23CmdRegisterHookFunction4RedoEv	todo	CmdRegisterHookFunction	Redo	CmdRegisterHookFunction::Redo()
396240	_ZN25CmdCreateHapticEffectRamp2DoEv	todo	CmdCreateHapticEffectRamp	Do	CmdCreateHapticEffectRamp::Do()
396734	_ZN29CmdCreateHapticEffectConstant2DoEv	todo	CmdCreateHapticEffectConstant	Do	CmdCreateHapticEffectConstant::Do()
397214	_ZN14CmdReplaceGame4RedoEv	todo	CmdReplaceGame	Redo	CmdReplaceGame::Redo()
397297	_ZN14CmdReplaceGame2DoEv	todo	CmdReplaceGame	Do	CmdReplaceGame::Do()
397447	_ZN19CmdCreateScreenshot2DoEv	todo	CmdCreateScreenshot	Do	CmdCreateScreenshot::Do()
397799	_ZN20CmdGetGameClientStat4RedoEv	todo	CmdGetGameClientStat	Redo	CmdGetGameClientStat::Redo()
397829	_ZN20CmdSetGameClientStat4RedoEv	todo	CmdSetGameClientStat	Redo	CmdSetGameClientStat::Redo()
397869	_ZN23CmdResetGameClientStats4RedoEv	todo	CmdResetGameClientStats	Redo	CmdResetGameClientStats::Redo()
397899	_ZN27CmdGetGameClientAchievement4RedoEv	todo	CmdGetGameClientAchievement	Redo	CmdGetGameClientAchievement::Redo()
397929	_ZN27CmdSetGameClientAchievement4RedoEv	todo	CmdSetGameClientAchievement	Redo	CmdSetGameClientAchievement::Redo()
397971	_ZN14CmdGetProperty4RedoEv	todo	CmdGetProperty	Redo	CmdGetProperty::Redo()
398213	_ZN22CmdStartDefaultBrowser4RedoEv	todo	CmdStartDefaultBrowser	Redo	CmdStartDefaultBrowser::Redo()
398250	_Z24CmdStartAction_GetSyntaxR10TArgSyntax	todo	(free function)	CmdStartAction_GetSyntax	CmdStartAction_GetSyntax(TArgSyntax&)
398367	_Z23CmdStopAction_GetSyntaxR10TArgSyntax	todo	(free function)	CmdStopAction_GetSyntax	CmdStopAction_GetSyntax(TArgSyntax&)
398480	_Z27CmdStartAnimation_GetSyntaxR10TArgSyntax	todo	(free function)	CmdStartAnimation_GetSyntax	CmdStartAnimation_GetSyntax(TArgSyntax&)
398605	_Z26CmdStopAnimation_GetSyntaxR10TArgSyntax	todo	(free function)	CmdStopAnimation_GetSyntax	CmdStopAnimation_GetSyntax(TArgSyntax&)
398718	_Z22CmdGetVolume_GetSyntaxR10TArgSyntax	todo	(free function)	CmdGetVolume_GetSyntax	CmdGetVolume_GetSyntax(TArgSyntax&)
398839	_Z22CmdSetVolume_GetSyntaxR10TArgSyntax	todo	(free function)	CmdSetVolume_GetSyntax	CmdSetVolume_GetSyntax(TArgSyntax&)
398956	_Z25CmdGetCursorPos_GetSyntaxR10TArgSyntax	todo	(free function)	CmdGetCursorPos_GetSyntax	CmdGetCursorPos_GetSyntax(TArgSyntax&)
399096	_Z25CmdSetCursorPos_GetSyntaxR10TArgSyntax	todo	(free function)	CmdSetCursorPos_GetSyntax	CmdSetCursorPos_GetSyntax(TArgSyntax&)
399244	_Z29CmdCreateScreenshot_GetSyntaxR10TArgSyntax	todo	(free function)	CmdCreateScreenshot_GetSyntax	CmdCreateScreenshot_GetSyntax(TArgSyntax&)
399490	_ZN13CmdGetSoundId2DoEv	todo	CmdGetSoundId	Do	CmdGetSoundId::Do()
399619	_ZN13CmdStartSound2DoEv	todo	CmdStartSound	Do	CmdStartSound::Do()
399908	_Z33CmdRegisterEventHandler_GetSyntaxR10TArgSyntax	todo	(free function)	CmdRegisterEventHandler_GetSyntax	CmdRegisterEventHandler_GetSyntax(TArgSyntax&)
400077	_Z35CmdUnregisterEventHandler_GetSyntaxR10TArgSyntax	todo	(free function)	CmdUnregisterEventHandler_GetSyntax	CmdUnregisterEventHandler_GetSyntax(TArgSyntax&)
400229	_Z33CmdRegisterHookFunction_GetSyntaxR10TArgSyntax	todo	(free function)	CmdRegisterHookFunction_GetSyntax	CmdRegisterHookFunction_GetSyntax(TArgSyntax&)
400350	_Z27CmdInitGameClient_GetSyntaxR10TArgSyntax	todo	(free function)	CmdInitGameClient_GetSyntax	CmdInitGameClient_GetSyntax(TArgSyntax&)
400502	_Z30CmdGetGameClientStat_GetSyntaxR10TArgSyntax	todo	(free function)	CmdGetGameClientStat_GetSyntax	CmdGetGameClientStat_GetSyntax(TArgSyntax&)
400646	_Z30CmdSetGameClientStat_GetSyntaxR10TArgSyntax	todo	(free function)	CmdSetGameClientStat_GetSyntax	CmdSetGameClientStat_GetSyntax(TArgSyntax&)
400798	_Z33CmdResetGameClientStats_GetSyntaxR10TArgSyntax	todo	(free function)	CmdResetGameClientStats_GetSyntax	CmdResetGameClientStats_GetSyntax(TArgSyntax&)
400943	_Z37CmdGetGameClientAchievement_GetSyntaxR10TArgSyntax	todo	(free function)	CmdGetGameClientAchievement_GetSyntax	CmdGetGameClientAchievement_GetSyntax(TArgSyntax&)
401087	_Z37CmdSetGameClientAchievement_GetSyntaxR10TArgSyntax	todo	(free function)	CmdSetGameClientAchievement_GetSyntax	CmdSetGameClientAchievement_GetSyntax(TArgSyntax&)
401329	_Z32CmdStartDefaultBrowser_GetSyntaxR10TArgSyntax	todo	(free function)	CmdStartDefaultBrowser_GetSyntax	CmdStartDefaultBrowser_GetSyntax(TArgSyntax&)
401477	_Z24CmdGetProperty_GetSyntaxR10TArgSyntax	todo	(free function)	CmdGetProperty_GetSyntax	CmdGetProperty_GetSyntax(TArgSyntax&)
401646	_Z23CmdStartSound_GetSyntaxR10TArgSyntax	todo	(free function)	CmdStartSound_GetSyntax	CmdStartSound_GetSyntax(TArgSyntax&)
402185	_Z22CmdStopSound_GetSyntaxR10TArgSyntax	todo	(free function)	CmdStopSound_GetSyntax	CmdStopSound_GetSyntax(TArgSyntax&)
402333	_Z23CmdGetSoundId_GetSyntaxR10TArgSyntax	todo	(free function)	CmdGetSoundId_GetSyntax	CmdGetSoundId_GetSyntax(TArgSyntax&)
402481	_Z29CmdGetSoundProperty_GetSyntaxR10TArgSyntax	todo	(free function)	CmdGetSoundProperty_GetSyntax	CmdGetSoundProperty_GetSyntax(TArgSyntax&)
402637	_Z29CmdSetSoundProperty_GetSyntaxR10TArgSyntax	todo	(free function)	CmdSetSoundProperty_GetSyntax	CmdSetSoundProperty_GetSyntax(TArgSyntax&)
403171	_Z29CmdToggleSoundPause_GetSyntaxR10TArgSyntax	todo	(free function)	CmdToggleSoundPause_GetSyntax	CmdToggleSoundPause_GetSyntax(TArgSyntax&)
403319	_Z27CmdSetWindowTitle_GetSyntaxR10TArgSyntax	todo	(free function)	CmdSetWindowTitle_GetSyntax	CmdSetWindowTitle_GetSyntax(TArgSyntax&)
403467	_Z32CmdGetWindowBrightness_GetSyntaxR10TArgSyntax	todo	(free function)	CmdGetWindowBrightness_GetSyntax	CmdGetWindowBrightness_GetSyntax(TArgSyntax&)
403599	_Z32CmdSetWindowBrightness_GetSyntaxR10TArgSyntax	todo	(free function)	CmdSetWindowBrightness_GetSyntax	CmdSetWindowBrightness_GetSyntax(TArgSyntax&)
403743	_Z24CmdReplaceGame_GetSyntaxR10TArgSyntax	todo	(free function)	CmdReplaceGame_GetSyntax	CmdReplaceGame_GetSyntax(TArgSyntax&)
403887	_Z23CmdStartTween_GetSyntaxR10TArgSyntax	todo	(free function)	CmdStartTween_GetSyntax	CmdStartTween_GetSyntax(TArgSyntax&)
404087	_Z29CmdStartObjectTween_GetSyntaxR10TArgSyntax	todo	(free function)	CmdStartObjectTween_GetSyntax	CmdStartObjectTween_GetSyntax(TArgSyntax&)
404287	_Z26CmdShaderCompile_GetSyntaxR10TArgSyntax	todo	(free function)	CmdShaderCompile_GetSyntax	CmdShaderCompile_GetSyntax(TArgSyntax&)
404439	_Z29CmdShaderSetOptions_GetSyntaxR10TArgSyntax	todo	(free function)	CmdShaderSetOptions_GetSyntax	CmdShaderSetOptions_GetSyntax(TArgSyntax&)
404595	_Z14CompositeEnumsi	todo	(free function)	CompositeEnums	CompositeEnums(int)
404616	_Z26CmdShaderUniform_GetSyntaxR10TArgSyntax	todo	(free function)	CmdShaderUniform_GetSyntax	CmdShaderUniform_GetSyntax(TArgSyntax&)
404777	_Z33CmdIsPointInsidePolygon_GetSyntaxR10TArgSyntax	todo	(free function)	CmdIsPointInsidePolygon_GetSyntax	CmdIsPointInsidePolygon_GetSyntax(TArgSyntax&)
404929	_Z29CmdToggleWindowMode_GetSyntaxR10TArgSyntax	todo	(free function)	CmdToggleWindowMode_GetSyntax	CmdToggleWindowMode_GetSyntax(TArgSyntax&)
405066	_Z26CmdGetWindowMode_GetSyntaxR10TArgSyntax	todo	(free function)	CmdGetWindowMode_GetSyntax	CmdGetWindowMode_GetSyntax(TArgSyntax&)
405198	_Z26CmdSetWindowSize_GetSyntaxR10TArgSyntax	todo	(free function)	CmdSetWindowSize_GetSyntax	CmdSetWindowSize_GetSyntax(TArgSyntax&)
405342	_Z30CmdStartHapticRumble_GetSyntaxR10TArgSyntax	todo	(free function)	CmdStartHapticRumble_GetSyntax	CmdStartHapticRumble_GetSyntax(TArgSyntax&)
405498	_Z29CmdStopHapticRumble_GetSyntaxR10TArgSyntax	todo	(free function)	CmdStopHapticRumble_GetSyntax	CmdStopHapticRumble_GetSyntax(TArgSyntax&)
405638	_Z30CmdStartHapticEffect_GetSyntaxR10TArgSyntax	todo	(free function)	CmdStartHapticEffect_GetSyntax	CmdStartHapticEffect_GetSyntax(TArgSyntax&)
405786	_Z29CmdStopHapticEffect_GetSyntaxR10TArgSyntax	todo	(free function)	CmdStopHapticEffect_GetSyntax	CmdStopHapticEffect_GetSyntax(TArgSyntax&)
405934	_Z39CmdCreateHapticEffectConstant_GetSyntaxR10TArgSyntax	todo	(free function)	CmdCreateHapticEffectConstant_GetSyntax	CmdCreateHapticEffectConstant_GetSyntax(TArgSyntax&)
406170	_Z39CmdCreateHapticEffectPeriodic_GetSyntaxR10TArgSyntax	todo	(free function)	CmdCreateHapticEffectPeriodic_GetSyntax	CmdCreateHapticEffectPeriodic_GetSyntax(TArgSyntax&)
406430	_Z40CmdCreateHapticEffectCondition_GetSyntaxR10TArgSyntax	todo	(free function)	CmdCreateHapticEffectCondition_GetSyntax	CmdCreateHapticEffectCondition_GetSyntax(TArgSyntax&)
406642	_Z35CmdCreateHapticEffectRamp_GetSyntaxR10TArgSyntax	todo	(free function)	CmdCreateHapticEffectRamp_GetSyntax	CmdCreateHapticEffectRamp_GetSyntax(TArgSyntax&)
406887	_Z40CmdCreateHapticEffectLeftRight_GetSyntaxR10TArgSyntax	todo	(free function)	CmdCreateHapticEffectLeftRight_GetSyntax	CmdCreateHapticEffectLeftRight_GetSyntax(TArgSyntax&)
407059	_Z24CmdCreateEvent_GetSyntaxR10TArgSyntax	todo	(free function)	CmdCreateEvent_GetSyntax	CmdCreateEvent_GetSyntax(TArgSyntax&)
407231	_Z19ClosePlayerCommandsv	todo	(free function)	ClosePlayerCommands	ClosePlayerCommands()
407247	_ZN13CmdStartTween4RedoEv	todo	CmdStartTween	Redo	CmdStartTween::Redo()
407361	_ZN19CmdStartObjectTween4RedoEv	todo	CmdStartObjectTween	Redo	CmdStartObjectTween::Redo()
407771	_ZN19CmdStartObjectTween2DoEv	todo	CmdStartObjectTween	Do	CmdStartObjectTween::Do()
408355	_ZN13CmdStartTween2DoEv	todo	CmdStartTween	Do	CmdStartTween::Do()
408978	_Z11CmdVisObjToP9lua_State	todo	(free function)	CmdVisObjTo	CmdVisObjTo(lua_State*)
410841	_ZN14CmdCreateEvent4RedoEv	todo	CmdCreateEvent	Redo	CmdCreateEvent::Redo()
411382	_ZN16CmdShaderUniform2DoEv	todo	CmdShaderUniform	Do	CmdShaderUniform::Do()
411891	_ZN23CmdIsPointInsidePolygon2DoEv	todo	CmdIsPointInsidePolygon	Do	CmdIsPointInsidePolygon::Do()
420390	_ZN23CmdRegisterEventHandler2DoEv	todo	CmdRegisterEventHandler	Do	CmdRegisterEventHandler::Do()
420914	_Z23Register_CmdCreateEventv	todo	(free function)	Register_CmdCreateEvent	Register_CmdCreateEvent()
420998	_Z39Register_CmdCreateHapticEffectLeftRightv	todo	(free function)	Register_CmdCreateHapticEffectLeftRight	Register_CmdCreateHapticEffectLeftRight()
421083	_Z34Register_CmdCreateHapticEffectRampv	todo	(free function)	Register_CmdCreateHapticEffectRamp	Register_CmdCreateHapticEffectRamp()
421168	_Z39Register_CmdCreateHapticEffectConditionv	todo	(free function)	Register_CmdCreateHapticEffectCondition	Register_CmdCreateHapticEffectCondition()
421253	_Z38Register_CmdCreateHapticEffectPeriodicv	todo	(free function)	Register_CmdCreateHapticEffectPeriodic	Register_CmdCreateHapticEffectPeriodic()
421338	_Z38Register_CmdCreateHapticEffectConstantv	todo	(free function)	Register_CmdCreateHapticEffectConstant	Register_CmdCreateHapticEffectConstant()
421423	_Z28Register_CmdStopHapticEffectv	todo	(free function)	Register_CmdStopHapticEffect	Register_CmdStopHapticEffect()
421508	_Z29Register_CmdStartHapticEffectv	todo	(free function)	Register_CmdStartHapticEffect	Register_CmdStartHapticEffect()
421593	_Z28Register_CmdStopHapticRumblev	todo	(free function)	Register_CmdStopHapticRumble	Register_CmdStopHapticRumble()
421678	_Z29Register_CmdStartHapticRumblev	todo	(free function)	Register_CmdStartHapticRumble	Register_CmdStartHapticRumble()
421763	_Z25Register_CmdSetWindowSizev	todo	(free function)	Register_CmdSetWindowSize	Register_CmdSetWindowSize()
421848	_Z25Register_CmdGetWindowModev	todo	(free function)	Register_CmdGetWindowMode	Register_CmdGetWindowMode()
421933	_Z28Register_CmdToggleWindowModev	todo	(free function)	Register_CmdToggleWindowMode	Register_CmdToggleWindowMode()
422018	_Z32Register_CmdIsPointInsidePolygonv	todo	(free function)	Register_CmdIsPointInsidePolygon	Register_CmdIsPointInsidePolygon()
422103	_Z28Register_CmdShaderSetOptionsv	todo	(free function)	Register_CmdShaderSetOptions	Register_CmdShaderSetOptions()
422188	_Z25Register_CmdShaderUniformv	todo	(free function)	Register_CmdShaderUniform	Register_CmdShaderUniform()
422273	_Z25Register_CmdShaderCompilev	todo	(free function)	Register_CmdShaderCompile	Register_CmdShaderCompile()
422358	_Z28Register_CmdStartObjectTweenv	todo	(free function)	Register_CmdStartObjectTween	Register_CmdStartObjectTween()
422443	_Z22Register_CmdStartTweenv	todo	(free function)	Register_CmdStartTween	Register_CmdStartTween()
422527	_Z23Register_CmdReplaceGamev	todo	(free function)	Register_CmdReplaceGame	Register_CmdReplaceGame()
422611	_Z31Register_CmdSetWindowBrightnessv	todo	(free function)	Register_CmdSetWindowBrightness	Register_CmdSetWindowBrightness()
422696	_Z31Register_CmdGetWindowBrightnessv	todo	(free function)	Register_CmdGetWindowBrightness	Register_CmdGetWindowBrightness()
422781	_Z26Register_CmdSetWindowTitlev	todo	(free function)	Register_CmdSetWindowTitle	Register_CmdSetWindowTitle()
422866	_Z28Register_CmdToggleSoundPausev	todo	(free function)	Register_CmdToggleSoundPause	Register_CmdToggleSoundPause()
422951	_Z28Register_CmdSetSoundPropertyv	todo	(free function)	Register_CmdSetSoundProperty	Register_CmdSetSoundProperty()
423036	_Z28Register_CmdGetSoundPropertyv	todo	(free function)	Register_CmdGetSoundProperty	Register_CmdGetSoundProperty()
423121	_Z22Register_CmdGetSoundIdv	todo	(free function)	Register_CmdGetSoundId	Register_CmdGetSoundId()
423205	_Z21Register_CmdStopSoundv	todo	(free function)	Register_CmdStopSound	Register_CmdStopSound()
423289	_Z22Register_CmdStartSoundv	todo	(free function)	Register_CmdStartSound	Register_CmdStartSound()
423373	_Z23Register_CmdGetPropertyv	todo	(free function)	Register_CmdGetProperty	Register_CmdGetProperty()
423457	_Z31Register_CmdStartDefaultBrowserv	todo	(free function)	Register_CmdStartDefaultBrowser	Register_CmdStartDefaultBrowser()
423542	_Z36Register_CmdSetGameClientAchievementv	todo	(free function)	Register_CmdSetGameClientAchievement	Register_CmdSetGameClientAchievement()
423627	_Z36Register_CmdGetGameClientAchievementv	todo	(free function)	Register_CmdGetGameClientAchievement	Register_CmdGetGameClientAchievement()
423712	_Z32Register_CmdResetGameClientStatsv	todo	(free function)	Register_CmdResetGameClientStats	Register_CmdResetGameClientStats()
423797	_Z29Register_CmdSetGameClientStatv	todo	(free function)	Register_CmdSetGameClientStat	Register_CmdSetGameClientStat()
423882	_Z29Register_CmdGetGameClientStatv	todo	(free function)	Register_CmdGetGameClientStat	Register_CmdGetGameClientStat()
423967	_Z26Register_CmdInitGameClientv	todo	(free function)	Register_CmdInitGameClient	Register_CmdInitGameClient()
424052	_Z32Register_CmdRegisterHookFunctionv	todo	(free function)	Register_CmdRegisterHookFunction	Register_CmdRegisterHookFunction()
424137	_Z34Register_CmdUnregisterEventHandlerv	todo	(free function)	Register_CmdUnregisterEventHandler	Register_CmdUnregisterEventHandler()
424222	_Z32Register_CmdRegisterEventHandlerv	todo	(free function)	Register_CmdRegisterEventHandler	Register_CmdRegisterEventHandler()
424307	_Z28Register_CmdCreateScreenshotv	todo	(free function)	Register_CmdCreateScreenshot	Register_CmdCreateScreenshot()
424392	_Z24Register_CmdSetCursorPosv	todo	(free function)	Register_CmdSetCursorPos	Register_CmdSetCursorPos()
424476	_Z24Register_CmdGetCursorPosv	todo	(free function)	Register_CmdGetCursorPos	Register_CmdGetCursorPos()
424560	_Z21Register_CmdSetVolumev	todo	(free function)	Register_CmdSetVolume	Register_CmdSetVolume()
424644	_Z21Register_CmdGetVolumev	todo	(free function)	Register_CmdGetVolume	Register_CmdGetVolume()
424728	_Z25Register_CmdStopAnimationv	todo	(free function)	Register_CmdStopAnimation	Register_CmdStopAnimation()
424813	_Z26Register_CmdStartAnimationv	todo	(free function)	Register_CmdStartAnimation	Register_CmdStartAnimation()
424898	_Z22Register_CmdStopActionv	todo	(free function)	Register_CmdStopAction	Register_CmdStopAction()
424982	_Z23Register_CmdStartActionv	todo	(free function)	Register_CmdStartAction	Register_CmdStartAction()
425066	_Z18InitPlayerCommandsP15TVisionaireGameRK8wxStringS3_S3_	todo	(free function)	InitPlayerCommands	InitPlayerCommands(TVisionaireGame*, wxString const&, wxString const&, wxString const&)
425255	_ZN19CmdShaderSetOptions2DoEv	todo	CmdShaderSetOptions	Do	CmdShaderSetOptions::Do()
425823	_ZNK8TCommand7CanUndoEv	todo	TCommand	CanUndo	TCommand::CanUndo() const
425839	_ZN8TCommand4UndoEv	todo	TCommand	Undo	TCommand::Undo()
425855	_ZN8TCommand7CleanUpEv	todo	TCommand	CleanUp	TCommand::CleanUp()
425943	_ZN13TArgTypeArrayD2Ev	todo	TArgTypeArray	~TArgTypeArray	TArgTypeArray::~TArgTypeArray()
425966	_ZN10TArgSyntax6AddDocEPKw	todo	TArgSyntax	AddDoc	TArgSyntax::AddDoc(wchar_t const*)
426024	_ZN14TGameClientSDK7GetStatERK8wxString	todo	TGameClientSDK	GetStat	TGameClientSDK::GetStat(wxString const&)
426085	_ZN14TGameClientSDK7SetStatERK8wxStringi	todo	TGameClientSDK	SetStat	TGameClientSDK::SetStat(wxString const&, int)
426155	_ZN14TGameClientSDK10ResetStatsEb	todo	TGameClientSDK	ResetStats	TGameClientSDK::ResetStats(bool)
426217	_ZN14TGameClientSDK14GetAchievementERK8wxString	todo	TGameClientSDK	GetAchievement	TGameClientSDK::GetAchievement(wxString const&)
426278	_ZN14TGameClientSDK14SetAchievementERK8wxString	todo	TGameClientSDK	SetAchievement	TGameClientSDK::SetAchievement(wxString const&)
426339	_ZN14TGameClientSDK16ClearAchievementERK8wxString	todo	TGameClientSDK	ClearAchievement	TGameClientSDK::ClearAchievement(wxString const&)
426400	_ZN14TGameClientSDK9GetStatusE15TGameClientType	todo	TGameClientSDK	GetStatus	TGameClientSDK::GetStatus(TGameClientType)
426464	_ZN14TGameClientSDK28ActivateGameOverlayToWebPageERK8wxString	todo	TGameClientSDK	ActivateGameOverlayToWebPage	TGameClientSDK::ActivateGameOverlayToWebPage(wxString const&)
426545	_ZN7HashMapI8wxStringP14TArgFlagSyntax10StringHashIPKwEED2Ev	todo	HashMap<wxString, TArgFlagSyntax*, StringHash<wchar_t const*> >	~HashMap	HashMap<wxString, TArgFlagSyntax*, StringHash<wchar_t const*> >::~HashMap()
426827	_ZN7HashMapI8wxStringP9TArgument10StringHashIPKwEED2Ev	todo	HashMap<wxString, TArgument*, StringHash<wchar_t const*> >	~HashMap	HashMap<wxString, TArgument*, StringHash<wchar_t const*> >::~HashMap()
426919	_ZN10TArgParserD2Ev	todo	TArgParser	~TArgParser	TArgParser::~TArgParser()
426964	_ZN8TCommandD2Ev	todo	TCommand	~TCommand	TCommand::~TCommand()
427048	_ZN8TCommandD0Ev	todo	TCommand	~TCommand	TCommand::~TCommand()
427068	_ZN14CmdStartActionD2Ev	todo	CmdStartAction	~CmdStartAction	CmdStartAction::~CmdStartAction()
427107	_ZN13CmdStopActionD2Ev	todo	CmdStopAction	~CmdStopAction	CmdStopAction::~CmdStopAction()
427146	_ZN17CmdStartAnimationD2Ev	todo	CmdStartAnimation	~CmdStartAnimation	CmdStartAnimation::~CmdStartAnimation()
427185	_ZN16CmdStopAnimationD2Ev	todo	CmdStopAnimation	~CmdStopAnimation	CmdStopAnimation::~CmdStopAnimation()
427224	_ZN12CmdGetVolumeD2Ev	todo	CmdGetVolume	~CmdGetVolume	CmdGetVolume::~CmdGetVolume()
427240	_ZN12CmdSetVolumeD2Ev	todo	CmdSetVolume	~CmdSetVolume	CmdSetVolume::~CmdSetVolume()
427256	_ZN15CmdGetCursorPosD2Ev	todo	CmdGetCursorPos	~CmdGetCursorPos	CmdGetCursorPos::~CmdGetCursorPos()
427272	_ZN15CmdSetCursorPosD2Ev	todo	CmdSetCursorPos	~CmdSetCursorPos	CmdSetCursorPos::~CmdSetCursorPos()
427288	_ZN19CmdCreateScreenshotD2Ev	todo	CmdCreateScreenshot	~CmdCreateScreenshot	CmdCreateScreenshot::~CmdCreateScreenshot()
427336	_ZN23CmdRegisterHookFunctionD2Ev	todo	CmdRegisterHookFunction	~CmdRegisterHookFunction	CmdRegisterHookFunction::~CmdRegisterHookFunction()
427385	_ZN17CmdInitGameClientD2Ev	todo	CmdInitGameClient	~CmdInitGameClient	CmdInitGameClient::~CmdInitGameClient()
427451	_ZN17CmdInitGameClientD0Ev	todo	CmdInitGameClient	~CmdInitGameClient	CmdInitGameClient::~CmdInitGameClient()
427471	_ZN20CmdGetGameClientStatD2Ev	todo	CmdGetGameClientStat	~CmdGetGameClientStat	CmdGetGameClientStat::~CmdGetGameClientStat()
427519	_ZN20CmdSetGameClientStatD2Ev	todo	CmdSetGameClientStat	~CmdSetGameClientStat	CmdSetGameClientStat::~CmdSetGameClientStat()
427567	_ZN23CmdResetGameClientStatsD2Ev	todo	CmdResetGameClientStats	~CmdResetGameClientStats	CmdResetGameClientStats::~CmdResetGameClientStats()
427584	_ZN27CmdGetGameClientAchievementD2Ev	todo	CmdGetGameClientAchievement	~CmdGetGameClientAchievement	CmdGetGameClientAchievement::~CmdGetGameClientAchievement()
427633	_ZN27CmdSetGameClientAchievementD2Ev	todo	CmdSetGameClientAchievement	~CmdSetGameClientAchievement	CmdSetGameClientAchievement::~CmdSetGameClientAchievement()
427682	_ZN22CmdStartDefaultBrowserD2Ev	todo	CmdStartDefaultBrowser	~CmdStartDefaultBrowser	CmdStartDefaultBrowser::~CmdStartDefaultBrowser()
427731	_ZN14CmdGetPropertyD2Ev	todo	CmdGetProperty	~CmdGetProperty	CmdGetProperty::~CmdGetProperty()
427747	_ZN13CmdStartSoundD2Ev	todo	CmdStartSound	~CmdStartSound	CmdStartSound::~CmdStartSound()
427795	_ZN12CmdStopSoundD2Ev	todo	CmdStopSound	~CmdStopSound	CmdStopSound::~CmdStopSound()
427811	_ZN13CmdGetSoundIdD2Ev	todo	CmdGetSoundId	~CmdGetSoundId	CmdGetSoundId::~CmdGetSoundId()
427859	_ZN19CmdGetSoundPropertyD2Ev	todo	CmdGetSoundProperty	~CmdGetSoundProperty	CmdGetSoundProperty::~CmdGetSoundProperty()
427907	_ZN19CmdSetSoundPropertyD2Ev	todo	CmdSetSoundProperty	~CmdSetSoundProperty	CmdSetSoundProperty::~CmdSetSoundProperty()
427923	_ZN19CmdToggleSoundPauseD2Ev	todo	CmdToggleSoundPause	~CmdToggleSoundPause	CmdToggleSoundPause::~CmdToggleSoundPause()
427939	_ZN17CmdSetWindowTitleD2Ev	todo	CmdSetWindowTitle	~CmdSetWindowTitle	CmdSetWindowTitle::~CmdSetWindowTitle()
427987	_ZN22CmdGetWindowBrightnessD2Ev	todo	CmdGetWindowBrightness	~CmdGetWindowBrightness	CmdGetWindowBrightness::~CmdGetWindowBrightness()
428004	_ZN22CmdSetWindowBrightnessD2Ev	todo	CmdSetWindowBrightness	~CmdSetWindowBrightness	CmdSetWindowBrightness::~CmdSetWindowBrightness()
428021	_ZN14CmdReplaceGameD2Ev	todo	CmdReplaceGame	~CmdReplaceGame	CmdReplaceGame::~CmdReplaceGame()
428069	_ZN13CmdStartTweenD2Ev	todo	CmdStartTween	~CmdStartTween	CmdStartTween::~CmdStartTween()
428151	_ZN13CmdStartTweenD0Ev	todo	CmdStartTween	~CmdStartTween	CmdStartTween::~CmdStartTween()
428171	_ZN19CmdStartObjectTweenD2Ev	todo	CmdStartObjectTween	~CmdStartObjectTween	CmdStartObjectTween::~CmdStartObjectTween()
428235	_ZN19CmdStartObjectTweenD0Ev	todo	CmdStartObjectTween	~CmdStartObjectTween	CmdStartObjectTween::~CmdStartObjectTween()
428255	_ZN16CmdShaderCompileD2Ev	todo	CmdShaderCompile	~CmdShaderCompile	CmdShaderCompile::~CmdShaderCompile()
428321	_ZN16CmdShaderCompileD0Ev	todo	CmdShaderCompile	~CmdShaderCompile	CmdShaderCompile::~CmdShaderCompile()
428341	_ZN19CmdShaderSetOptionsD2Ev	todo	CmdShaderSetOptions	~CmdShaderSetOptions	CmdShaderSetOptions::~CmdShaderSetOptions()
428357	_ZN16CmdShaderUniformD2Ev	todo	CmdShaderUniform	~CmdShaderUniform	CmdShaderUniform::~CmdShaderUniform()
428373	_ZN19CmdToggleWindowModeD2Ev	todo	CmdToggleWindowMode	~CmdToggleWindowMode	CmdToggleWindowMode::~CmdToggleWindowMode()
428389	_ZN16CmdGetWindowModeD2Ev	todo	CmdGetWindowMode	~CmdGetWindowMode	CmdGetWindowMode::~CmdGetWindowMode()
428405	_ZN16CmdSetWindowSizeD2Ev	todo	CmdSetWindowSize	~CmdSetWindowSize	CmdSetWindowSize::~CmdSetWindowSize()
428421	_ZN20CmdStartHapticRumbleD2Ev	todo	CmdStartHapticRumble	~CmdStartHapticRumble	CmdStartHapticRumble::~CmdStartHapticRumble()
428437	_ZN19CmdStopHapticRumbleD2Ev	todo	CmdStopHapticRumble	~CmdStopHapticRumble	CmdStopHapticRumble::~CmdStopHapticRumble()
428453	_ZN20CmdStartHapticEffectD2Ev	todo	CmdStartHapticEffect	~CmdStartHapticEffect	CmdStartHapticEffect::~CmdStartHapticEffect()
428469	_ZN19CmdStopHapticEffectD2Ev	todo	CmdStopHapticEffect	~CmdStopHapticEffect	CmdStopHapticEffect::~CmdStopHapticEffect()
428485	_ZN29CmdCreateHapticEffectConstantD2Ev	todo	CmdCreateHapticEffectConstant	~CmdCreateHapticEffectConstant	CmdCreateHapticEffectConstant::~CmdCreateHapticEffectConstant()
428502	_ZN29CmdCreateHapticEffectPeriodicD2Ev	todo	CmdCreateHapticEffectPeriodic	~CmdCreateHapticEffectPeriodic	CmdCreateHapticEffectPeriodic::~CmdCreateHapticEffectPeriodic()
428519	_ZN30CmdCreateHapticEffectConditionD2Ev	todo	CmdCreateHapticEffectCondition	~CmdCreateHapticEffectCondition	CmdCreateHapticEffectCondition::~CmdCreateHapticEffectCondition()
428536	_ZN25CmdCreateHapticEffectRampD2Ev	todo	CmdCreateHapticEffectRamp	~CmdCreateHapticEffectRamp	CmdCreateHapticEffectRamp::~CmdCreateHapticEffectRamp()
428553	_ZN30CmdCreateHapticEffectLeftRightD2Ev	todo	CmdCreateHapticEffectLeftRight	~CmdCreateHapticEffectLeftRight	CmdCreateHapticEffectLeftRight::~CmdCreateHapticEffectLeftRight()
428570	_ZN14CmdCreateEventD2Ev	todo	CmdCreateEvent	~CmdCreateEvent	CmdCreateEvent::~CmdCreateEvent()
428586	_ZN23CmdRegisterEventHandlerD2Ev	todo	CmdRegisterEventHandler	~CmdRegisterEventHandler	CmdRegisterEventHandler::~CmdRegisterEventHandler()
428641	_ZN23CmdRegisterEventHandlerD0Ev	todo	CmdRegisterEventHandler	~CmdRegisterEventHandler	CmdRegisterEventHandler::~CmdRegisterEventHandler()
428662	_ZN25CmdUnregisterEventHandlerD2Ev	todo	CmdUnregisterEventHandler	~CmdUnregisterEventHandler	CmdUnregisterEventHandler::~CmdUnregisterEventHandler()
428717	_ZN25CmdUnregisterEventHandlerD0Ev	todo	CmdUnregisterEventHandler	~CmdUnregisterEventHandler	CmdUnregisterEventHandler::~CmdUnregisterEventHandler()
428738	_ZN23CmdIsPointInsidePolygonD2Ev	todo	CmdIsPointInsidePolygon	~CmdIsPointInsidePolygon	CmdIsPointInsidePolygon::~CmdIsPointInsidePolygon()
428765	_ZN15CmdSetCursorPosD0Ev	todo	CmdSetCursorPos	~CmdSetCursorPos	CmdSetCursorPos::~CmdSetCursorPos()
428786	_ZN12CmdStopSoundD0Ev	todo	CmdStopSound	~CmdStopSound	CmdStopSound::~CmdStopSound()
428807	_ZN14CmdGetPropertyD0Ev	todo	CmdGetProperty	~CmdGetProperty	CmdGetProperty::~CmdGetProperty()
428828	_ZN23CmdResetGameClientStatsD0Ev	todo	CmdResetGameClientStats	~CmdResetGameClientStats	CmdResetGameClientStats::~CmdResetGameClientStats()
428850	_ZN12CmdSetVolumeD0Ev	todo	CmdSetVolume	~CmdSetVolume	CmdSetVolume::~CmdSetVolume()
428871	_ZN12CmdGetVolumeD0Ev	todo	CmdGetVolume	~CmdGetVolume	CmdGetVolume::~CmdGetVolume()
428892	_ZN15CmdGetCursorPosD0Ev	todo	CmdGetCursorPos	~CmdGetCursorPos	CmdGetCursorPos::~CmdGetCursorPos()
428913	_ZN14CmdCreateEventD0Ev	todo	CmdCreateEvent	~CmdCreateEvent	CmdCreateEvent::~CmdCreateEvent()
428934	_ZN30CmdCreateHapticEffectLeftRightD0Ev	todo	CmdCreateHapticEffectLeftRight	~CmdCreateHapticEffectLeftRight	CmdCreateHapticEffectLeftRight::~CmdCreateHapticEffectLeftRight()
428956	_ZN25CmdCreateHapticEffectRampD0Ev	todo	CmdCreateHapticEffectRamp	~CmdCreateHapticEffectRamp	CmdCreateHapticEffectRamp::~CmdCreateHapticEffectRamp()
428978	_ZN30CmdCreateHapticEffectConditionD0Ev	todo	CmdCreateHapticEffectCondition	~CmdCreateHapticEffectCondition	CmdCreateHapticEffectCondition::~CmdCreateHapticEffectCondition()
429000	_ZN29CmdCreateHapticEffectPeriodicD0Ev	todo	CmdCreateHapticEffectPeriodic	~CmdCreateHapticEffectPeriodic	CmdCreateHapticEffectPeriodic::~CmdCreateHapticEffectPeriodic()
429022	_ZN29CmdCreateHapticEffectConstantD0Ev	todo	CmdCreateHapticEffectConstant	~CmdCreateHapticEffectConstant	CmdCreateHapticEffectConstant::~CmdCreateHapticEffectConstant()
429044	_ZN19CmdStopHapticEffectD0Ev	todo	CmdStopHapticEffect	~CmdStopHapticEffect	CmdStopHapticEffect::~CmdStopHapticEffect()
429065	_ZN20CmdStartHapticEffectD0Ev	todo	CmdStartHapticEffect	~CmdStartHapticEffect	CmdStartHapticEffect::~CmdStartHapticEffect()
429086	_ZN19CmdStopHapticRumbleD0Ev	todo	CmdStopHapticRumble	~CmdStopHapticRumble	CmdStopHapticRumble::~CmdStopHapticRumble()
429107	_ZN20CmdStartHapticRumbleD0Ev	todo	CmdStartHapticRumble	~CmdStartHapticRumble	CmdStartHapticRumble::~CmdStartHapticRumble()
429128	_ZN16CmdSetWindowSizeD0Ev	todo	CmdSetWindowSize	~CmdSetWindowSize	CmdSetWindowSize::~CmdSetWindowSize()
429149	_ZN16CmdGetWindowModeD0Ev	todo	CmdGetWindowMode	~CmdGetWindowMode	CmdGetWindowMode::~CmdGetWindowMode()
429170	_ZN19CmdToggleWindowModeD0Ev	todo	CmdToggleWindowMode	~CmdToggleWindowMode	CmdToggleWindowMode::~CmdToggleWindowMode()
429191	_ZN16CmdShaderUniformD0Ev	todo	CmdShaderUniform	~CmdShaderUniform	CmdShaderUniform::~CmdShaderUniform()
429212	_ZN19CmdShaderSetOptionsD0Ev	todo	CmdShaderSetOptions	~CmdShaderSetOptions	CmdShaderSetOptions::~CmdShaderSetOptions()
429233	_ZN22CmdSetWindowBrightnessD0Ev	todo	CmdSetWindowBrightness	~CmdSetWindowBrightness	CmdSetWindowBrightness::~CmdSetWindowBrightness()
429255	_ZN22CmdGetWindowBrightnessD0Ev	todo	CmdGetWindowBrightness	~CmdGetWindowBrightness	CmdGetWindowBrightness::~CmdGetWindowBrightness()
429277	_ZN19CmdToggleSoundPauseD0Ev	todo	CmdToggleSoundPause	~CmdToggleSoundPause	CmdToggleSoundPause::~CmdToggleSoundPause()
429298	_ZN19CmdSetSoundPropertyD0Ev	todo	CmdSetSoundProperty	~CmdSetSoundProperty	CmdSetSoundProperty::~CmdSetSoundProperty()
429319	_ZN23CmdIsPointInsidePolygonD0Ev	todo	CmdIsPointInsidePolygon	~CmdIsPointInsidePolygon	CmdIsPointInsidePolygon::~CmdIsPointInsidePolygon()
429348	_ZN16CmdStopAnimationD0Ev	todo	CmdStopAnimation	~CmdStopAnimation	CmdStopAnimation::~CmdStopAnimation()
429389	_ZN17CmdStartAnimationD0Ev	todo	CmdStartAnimation	~CmdStartAnimation	CmdStartAnimation::~CmdStartAnimation()
429430	_ZN13CmdStopActionD0Ev	todo	CmdStopAction	~CmdStopAction	CmdStopAction::~CmdStopAction()
429471	_ZN14CmdStartActionD0Ev	todo	CmdStartAction	~CmdStartAction	CmdStartAction::~CmdStartAction()
429512	_ZN27CmdSetGameClientAchievementD0Ev	todo	CmdSetGameClientAchievement	~CmdSetGameClientAchievement	CmdSetGameClientAchievement::~CmdSetGameClientAchievement()
429563	_ZN22CmdStartDefaultBrowserD0Ev	todo	CmdStartDefaultBrowser	~CmdStartDefaultBrowser	CmdStartDefaultBrowser::~CmdStartDefaultBrowser()
429614	_ZN20CmdSetGameClientStatD0Ev	todo	CmdSetGameClientStat	~CmdSetGameClientStat	CmdSetGameClientStat::~CmdSetGameClientStat()
429664	_ZN17CmdSetWindowTitleD0Ev	todo	CmdSetWindowTitle	~CmdSetWindowTitle	CmdSetWindowTitle::~CmdSetWindowTitle()
429714	_ZN23CmdRegisterHookFunctionD0Ev	todo	CmdRegisterHookFunction	~CmdRegisterHookFunction	CmdRegisterHookFunction::~CmdRegisterHookFunction()
429765	_ZN27CmdGetGameClientAchievementD0Ev	todo	CmdGetGameClientAchievement	~CmdGetGameClientAchievement	CmdGetGameClientAchievement::~CmdGetGameClientAchievement()
429816	_ZN20CmdGetGameClientStatD0Ev	todo	CmdGetGameClientStat	~CmdGetGameClientStat	CmdGetGameClientStat::~CmdGetGameClientStat()
429866	_ZN14CmdReplaceGameD0Ev	todo	CmdReplaceGame	~CmdReplaceGame	CmdReplaceGame::~CmdReplaceGame()
429916	_ZN19CmdGetSoundPropertyD0Ev	todo	CmdGetSoundProperty	~CmdGetSoundProperty	CmdGetSoundProperty::~CmdGetSoundProperty()
429966	_ZN13CmdStartSoundD0Ev	todo	CmdStartSound	~CmdStartSound	CmdStartSound::~CmdStartSound()
430016	_ZN19CmdCreateScreenshotD0Ev	todo	CmdCreateScreenshot	~CmdCreateScreenshot	CmdCreateScreenshot::~CmdCreateScreenshot()
430066	_ZN13CmdGetSoundIdD0Ev	todo	CmdGetSoundId	~CmdGetSoundId	CmdGetSoundId::~CmdGetSoundId()
430170	_ZN12TVisObjTweenC2ERK5TweenRK10TVisObjRefiS2_	todo	TVisObjTween	TVisObjTween	TVisObjTween::TVisObjTween(Tween const&, TVisObjRef const&, int, Tween const&)
430689	_ZN7HashMapI8wxStringP14TArgFlagSyntax10StringHashIPKwEEC2Ei	todo	HashMap<wxString, TArgFlagSyntax*, StringHash<wchar_t const*> >	HashMap	HashMap<wxString, TArgFlagSyntax*, StringHash<wchar_t const*> >::HashMap(int)
430792	_ZN7HashMapI8wxStringP9TArgument10StringHashIPKwEEC2Ei	todo	HashMap<wxString, TArgument*, StringHash<wchar_t const*> >	HashMap	HashMap<wxString, TArgument*, StringHash<wchar_t const*> >::HashMap(int)
430894	_ZN19CmdStartObjectTweenC2Ev	todo	CmdStartObjectTween	CmdStartObjectTween	CmdStartObjectTween::CmdStartObjectTween()
430953	_ZN16CmdStopAnimationC2Ev	todo	CmdStopAnimation	CmdStopAnimation	CmdStopAnimation::CmdStopAnimation()
431000	_ZN17CmdStartAnimationC2Ev	todo	CmdStartAnimation	CmdStartAnimation	CmdStartAnimation::CmdStartAnimation()
431047	_ZN13CmdStopActionC2Ev	todo	CmdStopAction	CmdStopAction	CmdStopAction::CmdStopAction()
431094	_ZN14CmdStartActionC2Ev	todo	CmdStartAction	CmdStartAction	CmdStartAction::CmdStartAction()
431440	_ZN10TArgSyntaxC2Ev	todo	TArgSyntax	TArgSyntax	TArgSyntax::TArgSyntax()
431769	_Z34ix86_override_options_after_changev_34	todo	(free function)	ix86_override_options_after_change	ix86_override_options_after_change()
431792	_Z34ix86_override_options_after_changev_35	todo	(free function)	ix86_override_options_after_change	ix86_override_options_after_change()
431814	_ZL6writerP9lua_StatePKvmPv	todo	(free function)	writer	writer(lua_State*, void const*, unsigned long, void*)
431833	_Z13TraverseTableiR10TVisObjRefR15TVisionaireGame	todo	(free function)	TraverseTable	TraverseTable(int, TVisObjRef&, TVisionaireGame&)
432803	_Z25SaveGlobalScriptVariablesR15TVisionaireGame	todo	(free function)	SaveGlobalScriptVariables	SaveGlobalScriptVariables(TVisionaireGame&)
432858	_Z12TraverseListRK6TVListiR15TVisionaireGame	todo	(free function)	TraverseList	TraverseList(TVList const&, int, TVisionaireGame&)
433397	_Z25LoadGlobalScriptVariablesR15TVisionaireGame	todo	(free function)	LoadGlobalScriptVariables	LoadGlobalScriptVariables(TVisionaireGame&)
434041	_Z34ix86_override_options_after_changev_36	todo	(free function)	ix86_override_options_after_change	ix86_override_options_after_change()
434064	_ZN16SimplexNoise12344gradEif	todo	SimplexNoise1234	grad	SimplexNoise1234::grad(int, float)
434089	_ZN16SimplexNoise12344gradEiff	todo	SimplexNoise1234	grad	SimplexNoise1234::grad(int, float, float)
434130	_ZN16SimplexNoise12345noiseEf	todo	SimplexNoise1234	noise	SimplexNoise1234::noise(float)
434207	_ZN16SimplexNoise12345noiseEff	todo	SimplexNoise1234	noise	SimplexNoise1234::noise(float, float)
434500	_ZN9Noise12344gradEif	todo	Noise1234	grad	Noise1234::grad(int, float)
434527	_ZN9Noise12344gradEiff	todo	Noise1234	grad	Noise1234::grad(int, float, float)
434575	_ZN9Noise12344gradEifff	todo	Noise1234	grad	Noise1234::grad(int, float, float, float)
434627	_ZN9Noise12344gradEiffff	todo	Noise1234	grad	Noise1234::grad(int, float, float, float, float)
434680	_ZN9Noise12345noiseEf	todo	Noise1234	noise	Noise1234::noise(float)
434756	_ZN9Noise12346pnoiseEfi	todo	Noise1234	pnoise	Noise1234::pnoise(float, int)
434839	_ZN9Noise12345noiseEff	todo	Noise1234	noise	Noise1234::noise(float, float)
435074	_ZN9Noise12346pnoiseEffii	todo	Noise1234	pnoise	Noise1234::pnoise(float, float, int, int)
435323	_ZN9Noise12345noiseEfff	todo	Noise1234	noise	Noise1234::noise(float, float, float)
435804	_ZN9Noise12346pnoiseEfffiii	todo	Noise1234	pnoise	Noise1234::pnoise(float, float, float, int, int, int)
436310	_ZN9Noise12345noiseEffff	todo	Noise1234	noise	Noise1234::noise(float, float, float, float)
437359	_ZN9Noise12346pnoiseEffffiiii	todo	Noise1234	pnoise	Noise1234::pnoise(float, float, float, float, int, int, int, int)
438436	_Z34ix86_override_options_after_changev_37	todo	(free function)	ix86_override_options_after_change	ix86_override_options_after_change()
438459	_Z11graphics_gcP9lua_State	todo	(free function)	graphics_gc	graphics_gc(lua_State*)
438474	_ZL11sprite_callP9lua_State	todo	(free function)	sprite_call	sprite_call(lua_State*)
438488	_ZL17graphics_newindexP9lua_State	todo	(free function)	graphics_newindex	graphics_newindex(lua_State*)
438684	_ZL14graphics_clearP9lua_State	todo	(free function)	graphics_clear	graphics_clear(lua_State*)
438739	_ZL29graphics_getMatrix1PropertiesP9lua_State	todo	(free function)	graphics_getMatrix1Properties	graphics_getMatrix1Properties(lua_State*)
438799	_ZL33graphics_getCharacterTextPositionP9lua_State	todo	(free function)	graphics_getCharacterTextPosition	graphics_getCharacterTextPosition(lua_State*)
438884	_ZL30graphics_getAnimationInnerSizeP9lua_State	todo	(free function)	graphics_getAnimationInnerSize	graphics_getAnimationInnerSize(lua_State*)
439030	_ZL25graphics_getAnimationSizeP9lua_State	todo	(free function)	graphics_getAnimationSize	graphics_getAnimationSize(lua_State*)
439155	_ZL29graphics_getCurrentSpritePathP9lua_State	todo	(free function)	graphics_getCurrentSpritePath	graphics_getCurrentSpritePath(lua_State*)
439281	_ZL24graphics_bindFramebufferP9lua_State	todo	(free function)	graphics_bindFramebuffer	graphics_bindFramebuffer(lua_State*)
439301	_ZL21graphics_setupOffsetsP9lua_State	todo	(free function)	graphics_setupOffsets	graphics_setupOffsets(lua_State*)
439363	_ZL20graphics_drawIndexedP9lua_State	todo	(free function)	graphics_drawIndexed	graphics_drawIndexed(lua_State*)
439398	_ZL17graphics_drawLineP9lua_State	todo	(free function)	graphics_drawLine	graphics_drawLine(lua_State*)
439476	_ZL16graphics_drawBoxP9lua_State	todo	(free function)	graphics_drawBox	graphics_drawBox(lua_State*)
439554	_Z18graphics_shaderUseP9lua_State	todo	(free function)	graphics_shaderUse	graphics_shaderUse(lua_State*)
439612	_ZL26graphics_createFramebufferP9lua_State	todo	(free function)	graphics_createFramebuffer	graphics_createFramebuffer(lua_State*)
439671	_ZL26graphics_createIndexBufferP9lua_State	todo	(free function)	graphics_createIndexBuffer	graphics_createIndexBuffer(lua_State*)
439727	_ZL26graphics_getScrollPositionP9lua_State	todo	(free function)	graphics_getScrollPosition	graphics_getScrollPosition(lua_State*)
439764	_ZL26graphics_setScrollPositionP9lua_State	todo	(free function)	graphics_setScrollPosition	graphics_setScrollPosition(lua_State*)
439807	_Z18graphics_getAttribP9lua_State	todo	(free function)	graphics_getAttrib	graphics_getAttrib(lua_State*)
439878	_ZL18graphics_fontColorP9lua_State	todo	(free function)	graphics_fontColor	graphics_fontColor(lua_State*)
439950	_ZL23graphics_fontLineHeightP9lua_State	todo	(free function)	graphics_fontLineHeight	graphics_fontLineHeight(lua_State*)
439975	_ZL15graphics_noise2P9lua_State	todo	(free function)	graphics_noise2	graphics_noise2(lua_State*)
440087	_ZL14graphics_noiseP9lua_State	todo	(free function)	graphics_noise	graphics_noise(lua_State*)
440152	_ZL21graphics_isUpsideDownP9lua_State	todo	(free function)	graphics_isUpsideDown	graphics_isUpsideDown(lua_State*)
440172	_ZL10sprite_newP9lua_State	todo	(free function)	sprite_new	sprite_new(lua_State*)
440228	_ZL18graphics_clipboardP9lua_State	todo	(free function)	graphics_clipboard	graphics_clipboard(lua_State*)
440260	_Z20graphics_box2DoffsetP9lua_State	todo	(free function)	graphics_box2Doffset	graphics_box2Doffset(lua_State*)
440333	_Z24graphics_lockAspectRatioP9lua_State	todo	(free function)	graphics_lockAspectRatio	graphics_lockAspectRatio(lua_State*)
440360	_ZL11movie_indexP9lua_State	todo	(free function)	movie_index	movie_index(lua_State*)
440499	_ZL12sprite_indexP9lua_State	todo	(free function)	sprite_index	sprite_index(lua_State*)
440734	_Z23graphics_shaderCallbackP9lua_State	todo	(free function)	graphics_shaderCallback	graphics_shaderCallback(lua_State*)
440800	_ZL17graphics_box2dnewP9lua_State	todo	(free function)	graphics_box2dnew	graphics_box2dnew(lua_State*)
440847	_ZL21graphics_openedVideosP9lua_State	todo	(free function)	graphics_openedVideos	graphics_openedVideos(lua_State*)
441099	_ZL10movie_drawP9lua_State	todo	(free function)	movie_draw	movie_draw(lua_State*)
441176	_ZL10movie_seekP9lua_State	todo	(free function)	movie_seek	movie_seek(lua_State*)
441226	_ZL14movie_newindexP9lua_State	todo	(free function)	movie_newindex	movie_newindex(lua_State*)
441406	_ZL17movie_getDurationP9lua_State	todo	(free function)	movie_getDuration	movie_getDuration(lua_State*)
441456	_ZL13movie_getTimeP9lua_State	todo	(free function)	movie_getTime	movie_getTime(lua_State*)
441505	_ZL11movie_pauseP9lua_State	todo	(free function)	movie_pause	movie_pause(lua_State*)
441550	_ZL12movie_resumeP9lua_State	todo	(free function)	movie_resume	movie_resume(lua_State*)
441595	_ZL31graphics_drawSpriteWithNineRectP9lua_State	todo	(free function)	graphics_drawSpriteWithNineRect	graphics_drawSpriteWithNineRect(lua_State*)
442254	_ZL15sprite_newindexP9lua_State	todo	(free function)	sprite_newindex	sprite_newindex(lua_State*)
442482	_ZL12sprite_clearP9lua_State	todo	(free function)	sprite_clear	sprite_clear(lua_State*)
442527	_ZL19graphics_drawSpriteP9lua_State	todo	(free function)	graphics_drawSprite	graphics_drawSprite(lua_State*)
442644	_ZL11buffer_bindP9lua_State	todo	(free function)	buffer_bind	buffer_bind(lua_State*)
442690	_ZL9buffer_gcP9lua_State	todo	(free function)	buffer_gc	buffer_gc(lua_State*)
442740	_ZL9sprite_gcP9lua_State	todo	(free function)	sprite_gc	sprite_gc(lua_State*)
442790	_ZL16framebuffer_bindP9lua_State	todo	(free function)	framebuffer_bind	framebuffer_bind(lua_State*)
442837	_ZL14framebuffer_gcP9lua_State	todo	(free function)	framebuffer_gc	framebuffer_gc(lua_State*)
442889	_Z27graphics_shaderDrawCallbackP9lua_State	todo	(free function)	graphics_shaderDrawCallback	graphics_shaderDrawCallback(lua_State*)
442956	_Z25graphics_lightmapCallbackP9lua_State	todo	(free function)	graphics_lightmapCallback	graphics_lightmapCallback(lua_State*)
442984	_ZL23graphics_loadMemoryWEBPP9lua_State	todo	(free function)	graphics_loadMemoryWEBP	graphics_loadMemoryWEBP(lua_State*)
443087	_ZL23graphics_removeDrawFuncP9lua_State	todo	(free function)	graphics_removeDrawFunc	graphics_removeDrawFunc(lua_State*)
443383	_ZL13buffer_updateP9lua_State	todo	(free function)	buffer_update	buffer_update(lua_State*)
443504	_ZL21graphics_createBufferP9lua_State	todo	(free function)	graphics_createBuffer	graphics_createBuffer(lua_State*)
443560	_ZL22graphics_loadMemoryJPGP9lua_State	todo	(free function)	graphics_loadMemoryJPG	graphics_loadMemoryJPG(lua_State*)
443741	_ZL22graphics_loadMemoryPNGP9lua_State	todo	(free function)	graphics_loadMemoryPNG	graphics_loadMemoryPNG(lua_State*)
443885	_ZL18graphics_evalTweenP9lua_State	todo	(free function)	graphics_evalTween	graphics_evalTween(lua_State*)
445082	_ZL12movie_finishP9lua_State	todo	(free function)	movie_finish	movie_finish(lua_State*)
445231	_ZL8movie_gcP9lua_State	todo	(free function)	movie_gc	movie_gc(lua_State*)
445380	_ZL22graphics_drawAnimationP9lua_State	todo	(free function)	graphics_drawAnimation	graphics_drawAnimation(lua_State*)
445502	_ZL29graphics_instantiateAnimationP9lua_State	todo	(free function)	graphics_instantiateAnimation	graphics_instantiateAnimation(lua_State*)
445659	_ZL22graphics_fontDimensionP9lua_State	todo	(free function)	graphics_fontDimension	graphics_fontDimension(lua_State*)
445742	_ZL17graphics_drawFontP9lua_State	todo	(free function)	graphics_drawFont	graphics_drawFont(lua_State*)
445852	_Z22graphics_shaderUniformP9lua_State	todo	(free function)	graphics_shaderUniform	graphics_shaderUniform(lua_State*)
446320	_ZL18graphics_movieOpenP9lua_State	todo	(free function)	graphics_movieOpen	graphics_movieOpen(lua_State*)
447048	_ZL21graphics_loadFromFileP9lua_State	todo	(free function)	graphics_loadFromFile	graphics_loadFromFile(lua_State*)
447358	_Z18editor_FieldByNameP9lua_State	todo	(free function)	editor_FieldByName	editor_FieldByName(lua_State*)
447375	_Z18editor_FieldsForIdP9lua_State	todo	(free function)	editor_FieldsForId	editor_FieldsForId(lua_State*)
447392	_Z17editor_FieldForIdP9lua_State	todo	(free function)	editor_FieldForId	editor_FieldForId(lua_State*)
447409	_Z21editor_FieldsOfVisObjP9lua_State	todo	(free function)	editor_FieldsOfVisObj	editor_FieldsOfVisObj(lua_State*)
447426	_Z9transformff	todo	(free function)	transform	transform(float, float)
447452	_Z11InitDrawLuaP9lua_State	todo	(free function)	InitDrawLua	InitDrawLua(lua_State*)
447596	_Z26graphics_unlockAspectRatioP9lua_State	todo	(free function)	graphics_unlockAspectRatio	graphics_unlockAspectRatio(lua_State*)
447695	_Z18ShaderDrawCallbackRKSsPf	todo	(free function)	ShaderDrawCallback	ShaderDrawCallback(std::basic_string<char, std::char_traits<char>, std::allocator<char> > const&, float*)
448102	_Z14ShaderCallbackiP10TVisObjRef	todo	(free function)	ShaderCallback	ShaderCallback(int, TVisObjRef*)
448282	_ZL26graphics_performLinebreaksP9lua_State	todo	(free function)	graphics_performLinebreaks	graphics_performLinebreaks(lua_State*)
448596	_ZL20graphics_addDrawFuncP9lua_State	todo	(free function)	graphics_addDrawFunc	graphics_addDrawFunc(lua_State*)
449966	_GLOBAL__sub_I_luaDrawBeforeScene	todo	(free function)	_GLOBAL__sub_I_luaDrawBeforeScene	_GLOBAL__sub_I_luaDrawBeforeScene
450074	_Z34ix86_override_options_after_changev_38	todo	(free function)	ix86_override_options_after_change	ix86_override_options_after_change()
450097	_ZN15TGameControllerD2Ev	todo	TGameController	~TGameController	TGameController::~TGameController()
450113	_ZN15TGameControllerD0Ev	todo	TGameController	~TGameController	TGameController::~TGameController()
450129	_ZN15TGameControllerC2Ev	todo	TGameController	TGameController	TGameController::TGameController()
450145	_ZN15TGameController23ControllerAxisMouseMoveE7wxPointii	todo	TGameController	ControllerAxisMouseMove	TGameController::ControllerAxisMouseMove(wxPoint, int, int)
450196	_ZN15TGameController27ControllerAxisCharacterMoveE7wxPointi	todo	TGameController	ControllerAxisCharacterMove	TGameController::ControllerAxisCharacterMove(wxPoint, int)
450285	_ZN15TGameController17HapticStartRumbleEfj	todo	TGameController	HapticStartRumble	TGameController::HapticStartRumble(float, unsigned int)
450340	_ZN15TGameController16HapticStopRumbleEv	todo	TGameController	HapticStopRumble	TGameController::HapticStopRumble()
450380	_ZN15TGameController17HapticStartEffectEi	todo	TGameController	HapticStartEffect	TGameController::HapticStartEffect(int)
450472	_ZN15TGameController16HapticStopEffectEi	todo	TGameController	HapticStopEffect	TGameController::HapticStopEffect(int)
450564	_ZN15TGameController27HapticControllerStartEffectEi	todo	TGameController	HapticControllerStartEffect	TGameController::HapticControllerStartEffect(int)
450618	_ZN15TGameController26HapticControllerStopEffectEi	todo	TGameController	HapticControllerStopEffect	TGameController::HapticControllerStopEffect(int)
450671	_ZN15TGameController13HapticStopAllEv	todo	TGameController	HapticStopAll	TGameController::HapticStopAll()
450711	_Z23ConvertHapticEffectType21TControllerEffectType	todo	(free function)	ConvertHapticEffectType	ConvertHapticEffectType(TControllerEffectType)
450733	_Z28ConvertHapticEffectDirection26TControllerEffectDirection	todo	(free function)	ConvertHapticEffectDirection	ConvertHapticEffectDirection(TControllerEffectDirection)
450755	_ZN15TGameController20RemoveGameControllerEi	todo	TGameController	RemoveGameController	TGameController::RemoveGameController(int)
450925	_ZN15TGameController17AddGameControllerEi	todo	TGameController	AddGameController	TGameController::AddGameController(int)
451370	_ZN15TGameController28HapticControllerEffectUploadE21TControllerEffectType16SDL_HapticEffect	todo	TGameController	HapticControllerEffectUpload	TGameController::HapticControllerEffectUpload(TControllerEffectType, SDL_HapticEffect)
451545	_ZN15TGameController24HapticNewEffectLeftRightE21TControllerEffectTypeiii	todo	TGameController	HapticNewEffectLeftRight	TGameController::HapticNewEffectLeftRight(TControllerEffectType, int, int, int)
451669	_ZN15TGameController19HapticNewEffectRampE21TControllerEffectType26TControllerEffectDirectionPiiiiiiiii	todo	TGameController	HapticNewEffectRamp	TGameController::HapticNewEffectRamp(TControllerEffectType, TControllerEffectDirection, int*, int, int, int, int, int, int, int, int)
451893	_ZN15TGameController24HapticNewEffectConditionE21TControllerEffectTypeiiiiiiii	todo	TGameController	HapticNewEffectCondition	TGameController::HapticNewEffectCondition(TControllerEffectType, int, int, int, int, int, int, int, int)
453287	_ZN15TGameController23HapticNewEffectPeriodicE21TControllerEffectType26TControllerEffectDirectionPiiiiiiiiiii	todo	TGameController	HapticNewEffectPeriodic	TGameController::HapticNewEffectPeriodic(TControllerEffectType, TControllerEffectDirection, int*, int, int, int, int, int, int, int, int, int, int)
453534	_ZN15TGameController23HapticNewEffectConstantE21TControllerEffectType26TControllerEffectDirectionPiiiiiiii	todo	TGameController	HapticNewEffectConstant	TGameController::HapticNewEffectConstant(TControllerEffectType, TControllerEffectDirection, int*, int, int, int, int, int, int, int)
453908	_GLOBAL__I_yyleng	todo	(free function)	yyleng	global constructors keyed to yyleng
453942	_ZN13TSceneControlD2Ev	todo	TSceneControl	~TSceneControl	TSceneControl::~TSceneControl()
453993	_ZN13TSceneControlD0Ev	todo	TSceneControl	~TSceneControl	TSceneControl::~TSceneControl()
454046	_ZN13TSceneControlC2Ev	todo	TSceneControl	TSceneControl	TSceneControl::TSceneControl()
454129	_ZN13TSceneControl7ToSceneEbR10TVisObjRefRKS0_RK7wxPointib	todo	TSceneControl	ToScene	TSceneControl::ToScene(bool, TVisObjRef&, TVisObjRef const&, wxPoint const&, int, bool)
454889	_ZNK13TSceneControl14OldSceneIsMenuEv	todo	TSceneControl	OldSceneIsMenu	TSceneControl::OldSceneIsMenu() const
454906	_ZN13TSceneControl21SetNextStartScrollPosERK7wxPoint	todo	TSceneControl	SetNextStartScrollPos	TSceneControl::SetNextStartScrollPos(wxPoint const&)
454925	_ZNK13TSceneControl16FadingToNewSceneEv	todo	TSceneControl	FadingToNewScene	TSceneControl::FadingToNewScene() const
454942	_ZN13TSceneControl11ChangeSceneERK10TVisObjRefS2_bi	todo	TSceneControl	ChangeScene	TSceneControl::ChangeScene(TVisObjRef const&, TVisObjRef const&, bool, int)
455165	_ZN13TSceneControl11ChangeSceneERK10TVisObjRefRS0_bRK7wxPointi	todo	TSceneControl	ChangeScene	TSceneControl::ChangeScene(TVisObjRef const&, TVisObjRef&, bool, wxPoint const&, int)
455350	_ZN13TSceneControl9ShowSceneER10TVisObjRefbb	todo	TSceneControl	ShowScene	TSceneControl::ShowScene(TVisObjRef&, bool, bool)
455465	_ZNK13TSceneControl26GetLastPlayableSceneParamsER10TVisObjRefR7wxPoint	todo	TSceneControl	GetLastPlayableSceneParams	TSceneControl::GetLastPlayableSceneParams(TVisObjRef&, wxPoint&) const
455530	_ZN13TSceneControl3SetERK10TVisObjRef	todo	TSceneControl	Set	TSceneControl::Set(TVisObjRef const&)
455548	_ZN13TSceneControl4DrawEv	todo	TSceneControl	Draw	TSceneControl::Draw()
455607	_ZNK13TSceneControl8GetSceneEv	todo	TSceneControl	GetScene	TSceneControl::GetScene() const
455632	_ZN13TSceneControl8GetSceneEv	todo	TSceneControl	GetScene	TSceneControl::GetScene()
455648	_Z34ix86_override_options_after_changev_39	todo	(free function)	ix86_override_options_after_change	ix86_override_options_after_change()
455671	_ZN12TGameControl18HandleMouseHoldingERK7wxPoint	todo	TGameControl	HandleMouseHolding	TGameControl::HandleMouseHolding(wxPoint const&)
455756	_ZN12TGameControl14DisplayConsoleEv	todo	TGameControl	DisplayConsole	TGameControl::DisplayConsole()
455773	_ZN12TGameControl21DisplayInSceneConsoleEv	todo	TGameControl	DisplayInSceneConsole	TGameControl::DisplayInSceneConsole()
455790	_ZN12TGameControl13DisplayDialogEv	todo	TGameControl	DisplayDialog	TGameControl::DisplayDialog()
455896	_ZN12TGameControl12DisplayTextsEv	todo	TGameControl	DisplayTexts	TGameControl::DisplayTexts()
456047	_ZN12TVisObjTween6updateEd	todo	TVisObjTween	update	TVisObjTween::update(double)
456169	_ZN11SGameActionC2Ev	todo	SGameAction	SGameAction	SGameAction::SGameAction()
456185	_ZN12TGameControl11UpdateTextsEv	todo	TGameControl	UpdateTexts	TGameControl::UpdateTexts()
456292	_ZN12TGameControl15GetSceneControlEv	todo	TGameControl	GetSceneControl	TGameControl::GetSceneControl()
456309	_ZN12TGameControl8GetSceneEv	todo	TGameControl	GetScene	TGameControl::GetScene()
456328	_ZN12TGameControl19GetCurrentCharacterEv	todo	TGameControl	GetCurrentCharacter	TGameControl::GetCurrentCharacter()
456345	_ZNK12TGameControl26GetCurrentCharacterPointerEv	todo	TGameControl	GetCurrentCharacterPointer	TGameControl::GetCurrentCharacterPointer() const
456362	_ZN12TGameControl12GetCharacterERK10TVisObjRef	todo	TGameControl	GetCharacter	TGameControl::GetCharacter(TVisObjRef const&)
456438	_ZNK12TGameControl19GetCharacterPointerERK10TVisObjRef	todo	TGameControl	GetCharacterPointer	TGameControl::GetCharacterPointer(TVisObjRef const&) const
456514	_ZNK12TGameControl21GetCharacterPointerExERK10TVisObjRef	todo	TGameControl	GetCharacterPointerEx	TGameControl::GetCharacterPointerEx(TVisObjRef const&) const
456588	_ZN12TGameControl16GetAllCharactersEv	todo	TGameControl	GetAllCharacters	TGameControl::GetAllCharacters()
456605	_ZNK12TGameControl12GetInterfaceERK10TVisObjRef	todo	TGameControl	GetInterface	TGameControl::GetInterface(TVisObjRef const&) const
456658	_ZNK12TGameControl9GetObjectERK10TVisObjRef	todo	TGameControl	GetObject	TGameControl::GetObject(TVisObjRef const&) const
456747	_ZN12TGameControl16GetObjectManagerEv	todo	TGameControl	GetObjectManager	TGameControl::GetObjectManager()
456764	_ZN12TGameControl15SkipCurrentTextEv	todo	TGameControl	SkipCurrentText	TGameControl::SkipCurrentText()
456966	_ZN12TGameControl19UpdateCurrentObjectEv	todo	TGameControl	UpdateCurrentObject	TGameControl::UpdateCurrentObject()
457010	_ZN12TGameControl38RegisterHookFunctionSceneMousePositionERK8wxString	todo	TGameControl	RegisterHookFunctionSceneMousePosition	TGameControl::RegisterHookFunctionSceneMousePosition(wxString const&)
457027	_ZN12TGameControl10GetConsoleEv	todo	TGameControl	GetConsole	TGameControl::GetConsole()
457044	_ZN12TGameControl31ConvertControllerButtonToSymKeyE25SDL_ControllerButtonEvent	todo	TGameControl	ConvertControllerButtonToSymKey	TGameControl::ConvertControllerButtonToSymKey(SDL_ControllerButtonEvent)
457068	_ZN12TGameControl30ConvertControllerAxisToUnicodeE22SDL_GameControllerAxis	todo	TGameControl	ConvertControllerAxisToUnicode	TGameControl::ConvertControllerAxisToUnicode(SDL_GameControllerAxis)
457303	_ZN12TGameControl15StartGameActionE20TKeyboardMessageEnumRK8wxStringit	todo	TGameControl	StartGameAction	TGameControl::StartGameAction(TKeyboardMessageEnum, wxString const&, int, unsigned short)
457416	_ZN12TGameControl17UpdateAspectRatioEv	todo	TGameControl	UpdateAspectRatio	TGameControl::UpdateAspectRatio()
457468	_ZN12TGameControl22InitAfterLoadingScreenEv	todo	TGameControl	InitAfterLoadingScreen	TGameControl::InitAfterLoadingScreen()
457514	_ZN12TGameControl17SaveEventHandlersEv	todo	TGameControl	SaveEventHandlers	TGameControl::SaveEventHandlers()
458054	_ZN12TGameControl21ExecuteStartingActionEv	todo	TGameControl	ExecuteStartingAction	TGameControl::ExecuteStartingAction()
458126	_ZN12TGameControl14InitInterfacesEv	todo	TGameControl	InitInterfaces	TGameControl::InitInterfaces()
458260	_ZN12TGameControl22SetCharacterInterfacesEv	todo	TGameControl	SetCharacterInterfaces	TGameControl::SetCharacterInterfaces()
458295	_ZN12TGameControl9InitFontsEv	todo	TGameControl	InitFonts	TGameControl::InitFonts()
458341	_ZN12TGameControl11InitScriptsEv	todo	TGameControl	InitScripts	TGameControl::InitScripts()
458897	_ZN12TGameControl13GetGameSystemEv	todo	TGameControl	GetGameSystem	TGameControl::GetGameSystem()
458914	_ZN12TGameControl13GetVisionaireEv	todo	TGameControl	GetVisionaire	TGameControl::GetVisionaire()
458931	_ZN12TGameControl25ScrollToCharacterIfNeededERK10TVisObjRef	todo	TGameControl	ScrollToCharacterIfNeeded	TGameControl::ScrollToCharacterIfNeeded(TVisObjRef const&)
459288	_ZN12TGameControl9MoveSceneEv	todo	TGameControl	MoveScene	TGameControl::MoveScene()
460538	_ZN12TGameControl11CenterSceneEv	todo	TGameControl	CenterScene	TGameControl::CenterScene()
460725	_ZN12TGameControl22SetOnScrollDestinationEv	todo	TGameControl	SetOnScrollDestination	TGameControl::SetOnScrollDestination()
460831	_ZN12TGameControl16HandleCharactersEv	todo	TGameControl	HandleCharacters	TGameControl::HandleCharacters()
460876	_ZN12TGameControl29SetAllCharactersOnDestinationEv	todo	TGameControl	SetAllCharactersOnDestination	TGameControl::SetAllCharactersOnDestination()
460912	_ZN12TGameControl10ResetStateEv	todo	TGameControl	ResetState	TGameControl::ResetState()
460963	_ZNK12TGameControl9GetDialogEv	todo	TGameControl	GetDialog	TGameControl::GetDialog() const
460985	_ZN12TGameControl11StartDialogERK10TVisObjRef	todo	TGameControl	StartDialog	TGameControl::StartDialog(TVisObjRef const&)
461081	_ZN12TGameControl9EndDialogEv	todo	TGameControl	EndDialog	TGameControl::EndDialog()
461202	_ZN12TGameControl9StartTextERK10TVisObjRefP11TGCharacter17TextAlignmentEnumS2_RK7wxPoint	todo	TGameControl	StartText	TGameControl::StartText(TVisObjRef const&, TGCharacter*, TextAlignmentEnum, TVisObjRef const&, wxPoint const&)
461425	_ZN12TGameControl19StartBackgroundTextERK10TVisObjRefP11TGCharacter17TextAlignmentEnumS2_RK7wxPoint	todo	TGameControl	StartBackgroundText	TGameControl::StartBackgroundText(TVisObjRef const&, TGCharacter*, TextAlignmentEnum, TVisObjRef const&, wxPoint const&)
461601	_ZN12TGameControl24ReattachSceneObjectTextsEv	todo	TGameControl	ReattachSceneObjectTexts	TGameControl::ReattachSceneObjectTexts()
461676	_ZNK12TGameControl12IsTextActiveERK10TVisObjRef	todo	TGameControl	IsTextActive	TGameControl::IsTextActive(TVisObjRef const&) const
461749	_ZNK12TGameControl17IsNoTextDisplayedEv	todo	TGameControl	IsNoTextDisplayed	TGameControl::IsNoTextDisplayed() const
461787	_ZNK12TGameControl9IsTalkingERK10TVisObjRef	todo	TGameControl	IsTalking	TGameControl::IsTalking(TVisObjRef const&) const
461874	_ZN12TGameControl10ClearTextsEv	todo	TGameControl	ClearTexts	TGameControl::ClearTexts()
462003	_ZN12TGameControl16ClearCurrentTextEv	todo	TGameControl	ClearCurrentText	TGameControl::ClearCurrentText()
462050	_ZN12TGameControl9ClearTextERK10TVisObjRef	todo	TGameControl	ClearText	TGameControl::ClearText(TVisObjRef const&)
462160	_ZN12TGameControl15ClearObjectTextERK10TVisObjRef	todo	TGameControl	ClearObjectText	TGameControl::ClearObjectText(TVisObjRef const&)
462238	_ZN12TGameControl15StartObjectTextERK10TVisObjRefS2_17TextAlignmentEnumS2_RK7wxPoint	todo	TGameControl	StartObjectText	TGameControl::StartObjectText(TVisObjRef const&, TVisObjRef const&, TextAlignmentEnum, TVisObjRef const&, wxPoint const&)
462404	_Z17FillLoadingScreenR14SLoadingScreenRK10TVisObjRef	todo	(free function)	FillLoadingScreen	FillLoadingScreen(SLoadingScreen&, TVisObjRef const&)
462531	_ZNK12TGameControl11GetGamePathEv	todo	TGameControl	GetGamePath	TGameControl::GetGamePath() const
462547	_ZNK12TGameControl20IsClearingAnimationsEv	todo	TGameControl	IsClearingAnimations	TGameControl::IsClearingAnimations() const
462564	_ZN12TGameControl14SavegameExistsEi	todo	TGameControl	SavegameExists	TGameControl::SavegameExists(int)
462689	_ZN12TGameControl14DeleteSavegameEi	todo	TGameControl	DeleteSavegame	TGameControl::DeleteSavegame(int)
462783	_ZN12TGameControl4SaveEv	todo	TGameControl	Save	TGameControl::Save()
462981	_ZN12TGameControl8SaveGameEi	todo	TGameControl	SaveGame	TGameControl::SaveGame(int)
463282	_ZN12TGameControl30UnregisterEventHandlerMainLoopERK8wxString	todo	TGameControl	UnregisterEventHandlerMainLoop	TGameControl::UnregisterEventHandlerMainLoop(wxString const&)
463365	_ZN12TGameControl18UpdateRandomTimersEv	todo	TGameControl	UpdateRandomTimers	TGameControl::UpdateRandomTimers()
463476	_ZN12TGameControl19UpdateWalkingSoundsEv	todo	TGameControl	UpdateWalkingSounds	TGameControl::UpdateWalkingSounds()
463694	_ZN12TGameControl7PreLoadER8wxStringS1_b	todo	TGameControl	PreLoad	TGameControl::PreLoad(wxString&, wxString&, bool)
464975	_ZN12TGameControl24AdjustInterfacesOnScreenEbP13TPaintControl	todo	TGameControl	AdjustInterfacesOnScreen	TGameControl::AdjustInterfacesOnScreen(bool, TPaintControl*)
465535	_ZN12TGameControl13SetInterfacesEv	todo	TGameControl	SetInterfaces	TGameControl::SetInterfaces()
465681	_ZN12TGameControl25SetCharacterActiveCommandEv	todo	TGameControl	SetCharacterActiveCommand	TGameControl::SetCharacterActiveCommand()
465851	_ZN12TGameControl15ChangeCharacterERK10TVisObjRefbS2_	todo	TGameControl	ChangeCharacter	TGameControl::ChangeCharacter(TVisObjRef const&, bool, TVisObjRef const&)
466082	_ZNK12TGameControl19GetActiveInterfacesEv	todo	TGameControl	GetActiveInterfaces	TGameControl::GetActiveInterfaces() const
466143	_ZNK12TGameControl16GetAllInterfacesEv	todo	TGameControl	GetAllInterfaces	TGameControl::GetAllInterfaces() const
466203	_ZN12TGameControl14InitCharactersEv	todo	TGameControl	InitCharacters	TGameControl::InitCharacters()
466745	_ZN12TGameControl15InitGameActionsEv	todo	TGameControl	InitGameActions	TGameControl::InitGameActions()
467232	_ZN12TGameControl4InitEv	todo	TGameControl	Init	TGameControl::Init()
467635	_ZN12TGameControl15LoadAndInitGameER8wxStringRKS0_S0_b	todo	TGameControl	LoadAndInitGame	TGameControl::LoadAndInitGame(wxString&, wxString const&, wxString, bool)
468506	_ZN12TGameControl11ReplaceGameE10wxFileNameb	todo	TGameControl	ReplaceGame	TGameControl::ReplaceGame(wxFileName, bool)
469160	_ZN12TGameControl17HandleEngineEventERKSsS1_	todo	TGameControl	HandleEngineEvent	TGameControl::HandleEngineEvent(std::basic_string<char, std::char_traits<char>, std::allocator<char> > const&, std::basic_string<char, std::char_traits<char>, std::allocator<char> > const&)
469514	_ZN12TGameControl6UpdateEv	todo	TGameControl	Update	TGameControl::Update()
470965	_ZN12TGameControl14HandleKeyEventE20TKeyboardMessageEnumRK8wxStringit	todo	TGameControl	HandleKeyEvent	TGameControl::HandleKeyEvent(TKeyboardMessageEnum, wxString const&, int, unsigned short)
471724	_ZN12TGameControl20HandleControllerAxisE22SDL_GameControllerAxisii	todo	TGameControl	HandleControllerAxis	TGameControl::HandleControllerAxis(SDL_GameControllerAxis, int, int)
471827	_ZN12TGameControl29HandleControllerButtonReleaseE25SDL_ControllerButtonEventi	todo	TGameControl	HandleControllerButtonRelease	TGameControl::HandleControllerButtonRelease(SDL_ControllerButtonEvent, int)
471906	_ZN12TGameControl25HandleControllerButtonHitE25SDL_ControllerButtonEventi	todo	TGameControl	HandleControllerButtonHit	TGameControl::HandleControllerButtonHit(SDL_ControllerButtonEvent, int)
471985	_ZN12TGameControl15HandleMouseMoveERK7wxPointb	todo	TGameControl	HandleMouseMove	TGameControl::HandleMouseMove(wxPoint const&, bool)
472489	_ZN12TGameControl13HandleMouseUpERK7wxPoint17TMouseMessageEnum	todo	TGameControl	HandleMouseUp	TGameControl::HandleMouseUp(wxPoint const&, TMouseMessageEnum)
473309	_ZN12TGameControl15PushEngineEventERKSsS1_	todo	TGameControl	PushEngineEvent	TGameControl::PushEngineEvent(std::basic_string<char, std::char_traits<char>, std::allocator<char> > const&, std::basic_string<char, std::char_traits<char>, std::allocator<char> > const&)
473670	_ZN12TGameControl8SetDelayEdRKSs	todo	TGameControl	SetDelay	TGameControl::SetDelay(double, std::basic_string<char, std::char_traits<char>, std::allocator<char> > const&)
473753	_ZN12TGameControl8SetDelayEdi	todo	TGameControl	SetDelay	TGameControl::SetDelay(double, int)
473799	_ZN12TGameControl28RegisterEventHandlerMainLoopERK8wxString	todo	TGameControl	RegisterEventHandlerMainLoop	TGameControl::RegisterEventHandlerMainLoop(wxString const&)
473922	_ZN12TGameControlC2Ev	todo	TGameControl	TGameControl	TGameControl::TGameControl()
474214	_ZN12TGameControlD2Ev	todo	TGameControl	~TGameControl	TGameControl::~TGameControl()
474752	_ZN12TGameControlD0Ev	todo	TGameControl	~TGameControl	TGameControl::~TGameControl()
474772	_ZN12TGameControl16GetWalkingSoundsERSt6vectorI10wxFileNameSaIS1_EE	todo	TGameControl	GetWalkingSounds	TGameControl::GetWalkingSounds(std::vector<wxFileName, std::allocator<wxFileName> >&)
474995	_ZN12TGameControl10StartTweenERK12TVisObjTween	todo	TGameControl	StartTween	TGameControl::StartTween(TVisObjTween const&)
475146	_ZN12TGameControl17LoadEventHandlersEv	todo	TGameControl	LoadEventHandlers	TGameControl::LoadEventHandlers()
476661	_ZN12TGameControl4LoadEv	todo	TGameControl	Load	TGameControl::Load()
477405	_ZN12TGameControl8LoadGameEP10TMSavegame	todo	TGameControl	LoadGame	TGameControl::LoadGame(TMSavegame*)
478387	_ZN12TGameControl8LoadGameEi	todo	TGameControl	LoadGame	TGameControl::LoadGame(int)
478479	_ZN12TGameControl10StartTweenERK5TweenRKSs	todo	TGameControl	StartTween	TGameControl::StartTween(Tween const&, std::basic_string<char, std::char_traits<char>, std::allocator<char> > const&)
479251	_ZN4Geni10mslocale_tD2Ev_0	todo	Geni::mslocale_t	~mslocale_t	Geni::mslocale_t::~mslocale_t()
479291	_ZN14SLoadingScreenC2Ev	todo	SLoadingScreen	SLoadingScreen	SLoadingScreen::SLoadingScreen()
479330	_ZN14SLoadingScreenD2Ev	todo	SLoadingScreen	~SLoadingScreen	SLoadingScreen::~SLoadingScreen()
479462	_ZN8TGDialogD2Ev	todo	TGDialog	~TGDialog	TGDialog::~TGDialog()
481002	_ZN12TVisObjTweenC2ERKS_	todo	TVisObjTween	TVisObjTween	TVisObjTween::TVisObjTween(TVisObjTween const&)
483143	_GLOBAL__sub_I_MainLoopsPaused	todo	(free function)	_GLOBAL__sub_I_MainLoopsPaused	_GLOBAL__sub_I_MainLoopsPaused
483185	_ZN15TLoadingControl4DrawEv	todo	TLoadingControl	Draw	TLoadingControl::Draw()
483212	_ZN15TLoadingControlD2Ev	todo	TLoadingControl	~TLoadingControl	TLoadingControl::~TLoadingControl()
483283	_ZN15TLoadingControlD0Ev	todo	TLoadingControl	~TLoadingControl	TLoadingControl::~TLoadingControl()
483356	_ZN15TLoadingControlC2Ev	todo	TLoadingControl	TLoadingControl	TLoadingControl::TLoadingControl()
483423	_ZN15TLoadingControl4InitER14SLoadingScreenP15TSoundInterface	todo	TLoadingControl	Init	TLoadingControl::Init(SLoadingScreen&, TSoundInterface*)
483637	_ZN15TLoadingControl12UpdateStatusEii	todo	TLoadingControl	UpdateStatus	TLoadingControl::UpdateStatus(int, int)
483735	_ZN15TLoadingControl10EndLoadingEP15TSoundInterface	todo	TLoadingControl	EndLoading	TLoadingControl::EndLoading(TSoundInterface*)
483782	_Z34ix86_override_options_after_changev_40	todo	(free function)	ix86_override_options_after_change	ix86_override_options_after_change()
483805	_ZN14TCursorControl10GetOwnerIdEv	todo	TCursorControl	GetOwnerId	TCursorControl::GetOwnerId()
483828	_ZThn72_N14TCursorControl10GetOwnerIdEv	todo	TCursorControl	GetOwnerId	non-virtual thunk to TCursorControl::GetOwnerId()
483845	_ZN14TCursorControl16AnimationStoppedEP11TGAnimation	todo	TCursorControl	AnimationStopped	TCursorControl::AnimationStopped(TGAnimation*)
483891	_ZThn72_N14TCursorControl16AnimationStoppedEP11TGAnimation	todo	TCursorControl	AnimationStopped	non-virtual thunk to TCursorControl::AnimationStopped(TGAnimation*)
483908	_ZN14TCursorControl4DrawEv	todo	TCursorControl	Draw	TCursorControl::Draw()
483957	_ZN18no_check_checker_t9to_stringEv_0	todo	no_check_checker_t	to_string	no_check_checker_t::to_string()
483983	_ZThn72_N14TCursorControl12GetOwnerNameEv	todo	TCursorControl	GetOwnerName	non-virtual thunk to TCursorControl::GetOwnerName()
484000	_ZN14TCursorControlC2Ev	todo	TCursorControl	TCursorControl	TCursorControl::TCursorControl()
484029	_ZN14TCursorControl21ClearCurrentAnimationEv	todo	TCursorControl	ClearCurrentAnimation	TCursorControl::ClearCurrentAnimation()
484045	_ZN14TCursorControl10GetSCursorERK10TVisObjRefR7SCursor	todo	TCursorControl	GetSCursor	TCursorControl::GetSCursor(TVisObjRef const&, SCursor&)
484379	_ZN14TCursorControl9SetCursorEbib	todo	TCursorControl	SetCursor	TCursorControl::SetCursor(bool, int, bool)
484531	_ZN14TCursorControl9SetCursorEib	todo	TCursorControl	SetCursor	TCursorControl::SetCursor(int, bool)
484562	_ZN14TCursorControl15SetActiveCursorEv	todo	TCursorControl	SetActiveCursor	TCursorControl::SetActiveCursor()
484617	_ZN14TCursorControl17SetInactiveCursorEv	todo	TCursorControl	SetInactiveCursor	TCursorControl::SetInactiveCursor()
484672	_ZN14TCursorControl17SetCursorPositionEii	todo	TCursorControl	SetCursorPosition	TCursorControl::SetCursorPosition(int, int)
484690	_ZNK14TCursorControl23GetPositionNextToCursorEv	todo	TCursorControl	GetPositionNextToCursor	TCursorControl::GetPositionNextToCursor() const
484777	_ZN14TCursorControl13SetMoveObjectERK10TVisObjRef	todo	TCursorControl	SetMoveObject	TCursorControl::SetMoveObject(TVisObjRef const&)
484845	_ZN14TCursorControl17ReleaseMoveObjectEv	todo	TCursorControl	ReleaseMoveObject	TCursorControl::ReleaseMoveObject()
484940	_ZNK14TCursorControl18IsActiveMoveObjectEv	todo	TCursorControl	IsActiveMoveObject	TCursorControl::IsActiveMoveObject() const
484958	_ZN14TCursorControl14IsCursorActiveEv	todo	TCursorControl	IsCursorActive	TCursorControl::IsCursorActive()
484984	_ZN7SCursorD2Ev	todo	SCursor	~SCursor	SCursor::~SCursor()
485049	_ZN14TCursorControlD2Ev	todo	TCursorControl	~TCursorControl	TCursorControl::~TCursorControl()
485169	_ZN14TCursorControl5ClearEv	todo	TCursorControl	Clear	TCursorControl::Clear()
485265	_ZN14TCursorControl10LoadCursorERK10TVisObjRef	todo	TCursorControl	LoadCursor	TCursorControl::LoadCursor(TVisObjRef const&)
485408	_ZN14TCursorControl16LinkButtonCursorEii	todo	TCursorControl	LinkButtonCursor	TCursorControl::LinkButtonCursor(int, int)
485579	_Z34ix86_override_options_after_changev_41	todo	(free function)	ix86_override_options_after_change	ix86_override_options_after_change()
485602	_ZN14TMasterControl14DrawInterfacesEv	todo	TMasterControl	DrawInterfaces	TMasterControl::DrawInterfaces()
485732	_ZN14TMasterControl8QuitGameEv	todo	TMasterControl	QuitGame	TMasterControl::QuitGame()
485749	_ZNK14TMasterControl11GetQuitGameEv	todo	TMasterControl	GetQuitGame	TMasterControl::GetQuitGame() const
485766	_ZN14TMasterControl15SetClearMessageEv	todo	TMasterControl	SetClearMessage	TMasterControl::SetClearMessage()
485783	_ZN14TMasterControl15GetClearMessageEv	todo	TMasterControl	GetClearMessage	TMasterControl::GetClearMessage()
485801	_ZN14TMasterControl14GetMainControlEv	todo	TMasterControl	GetMainControl	TMasterControl::GetMainControl()
485818	_ZN14TMasterControl16GetCursorControlEv	todo	TMasterControl	GetCursorControl	TMasterControl::GetCursorControl()
485835	_ZN14TMasterControl17GetGameControllerEv	todo	TMasterControl	GetGameController	TMasterControl::GetGameController()
485852	_ZNK14TMasterControl15GetSoundManagerEv	todo	TMasterControl	GetSoundManager	TMasterControl::GetSoundManager() const
485869	_ZN14TMasterControl14GetFontManagerEv	todo	TMasterControl	GetFontManager	TMasterControl::GetFontManager()
485886	_ZNK14TMasterControl16GetGameClientSDKEv	todo	TMasterControl	GetGameClientSDK	TMasterControl::GetGameClientSDK() const
485903	_ZN14TMasterControl16SetLoadingScreenER14SLoadingScreen	todo	TMasterControl	SetLoadingScreen	TMasterControl::SetLoadingScreen(SLoadingScreen&)
485978	_ZN14TMasterControl7CleanUpEv	todo	TMasterControl	CleanUp	TMasterControl::CleanUp()
485992	_ZN14TMasterControl12EnableMoviesEb	todo	TMasterControl	EnableMovies	TMasterControl::EnableMovies(bool)
486009	_ZN14TMasterControl4DrawEb	todo	TMasterControl	Draw	TMasterControl::Draw(bool)
486607	_ZN14TMasterControl6SignalERK11TSignalDataRS0_	todo	TMasterControl	Signal	TMasterControl::Signal(TSignalData const&, TSignalData&)
486695	_ZN14TMasterControl12ScrollUpdateEv	todo	TMasterControl	ScrollUpdate	TMasterControl::ScrollUpdate()
487099	_ZN14TMasterControl7PlayAVIERK10wxFileNameb16HandleSoundsEnum	todo	TMasterControl	PlayAVI	TMasterControl::PlayAVI(wxFileName const&, bool, HandleSoundsEnum)
487906	_ZN14TMasterControl14IsVideoPlayingEv	todo	TMasterControl	IsVideoPlaying	TMasterControl::IsVideoPlaying()
487924	_ZN14TMasterControl10VideoFrameEv	todo	TMasterControl	VideoFrame	TMasterControl::VideoFrame()
487979	_ZN14TMasterControl28UnregisterEngineEventHandlerERK8wxString	todo	TMasterControl	UnregisterEngineEventHandler	TMasterControl::UnregisterEngineEventHandler(wxString const&)
488152	_ZN14TMasterControl30UnregisterKeyboardEventHandlerERK8wxString	todo	TMasterControl	UnregisterKeyboardEventHandler	TMasterControl::UnregisterKeyboardEventHandler(wxString const&)
488280	_ZNK14TMasterControl13GetWindowSizeEPiS0_	todo	TMasterControl	GetWindowSize	TMasterControl::GetWindowSize(int*, int*) const
488300	_ZNK14TMasterControl11GetMousePosEv	todo	TMasterControl	GetMousePos	TMasterControl::GetMousePos() const
488318	_ZN14TMasterControl11IsScrollingEv	todo	TMasterControl	IsScrolling	TMasterControl::IsScrolling()
488335	_ZN14TMasterControl17ShowLoadingScreenEv	todo	TMasterControl	ShowLoadingScreen	TMasterControl::ShowLoadingScreen()
488366	_ZN14TMasterControl15StartEarthquakeEii	todo	TMasterControl	StartEarthquake	TMasterControl::StartEarthquake(int, int)
488410	_ZN14TMasterControl14StopEarthquakeEv	todo	TMasterControl	StopEarthquake	TMasterControl::StopEarthquake()
488428	_ZN14TMasterControl27UnregisterMouseEventHandlerERK8wxString	todo	TMasterControl	UnregisterMouseEventHandler	TMasterControl::UnregisterMouseEventHandler(wxString const&)
488513	_ZN14TMasterControlD2Ev	todo	TMasterControl	~TMasterControl	TMasterControl::~TMasterControl()
488946	_ZN14TMasterControlD0Ev	todo	TMasterControl	~TMasterControl	TMasterControl::~TMasterControl()
488966	_ZN14TMasterControlC2Ev	todo	TMasterControl	TMasterControl	TMasterControl::TMasterControl()
489262	_ZN14TMasterControl14ProcessMessageE17TMouseMessageEnumRK7wxPoint	todo	TMasterControl	ProcessMessage	TMasterControl::ProcessMessage(TMouseMessageEnum, wxPoint const&)
489607	_ZN14TMasterControl14ProcessMessageE17TMouseMessageEnumRK7wxPointffi	todo	TMasterControl	ProcessMessage	TMasterControl::ProcessMessage(TMouseMessageEnum, wxPoint const&, float, float, int)
490064	_ZN14TMasterControl10MovieEventEPv	todo	TMasterControl	MovieEvent	TMasterControl::MovieEvent(void*)
490693	_ZN14TMasterControl26RegisterEngineEventHandlerERK8wxString	todo	TMasterControl	RegisterEngineEventHandler	TMasterControl::RegisterEngineEventHandler(wxString const&)
490857	_ZN14TMasterControl25RegisterMouseEventHandlerERK8wxStringRKSt6vectorIiSaIiEE	todo	TMasterControl	RegisterMouseEventHandler	TMasterControl::RegisterMouseEventHandler(wxString const&, std::vector<int, std::allocator<int> > const&)
491098	_ZN14TMasterControl28RegisterKeyboardEventHandlerERK8wxString	todo	TMasterControl	RegisterKeyboardEventHandler	TMasterControl::RegisterKeyboardEventHandler(wxString const&)
491249	_ZN14TGameClientSDKD2Ev	todo	TGameClientSDK	~TGameClientSDK	TGameClientSDK::~TGameClientSDK()
491488	_ZN14TGameClientSDKD0Ev	todo	TGameClientSDK	~TGameClientSDK	TGameClientSDK::~TGameClientSDK()
491536	_ZN6TMovieD2Ev	todo	TMovie	~TMovie	TMovie::~TMovie()
491886	_Z34ix86_override_options_after_changev_42	todo	(free function)	ix86_override_options_after_change	ix86_override_options_after_change()
491982	_Z20TerminateApplicationv	todo	(free function)	TerminateApplication	TerminateApplication()
492103	_Z15GetResourcePathRKSs	todo	(free function)	GetResourcePath	GetResourcePath(std::basic_string<char, std::char_traits<char>, std::allocator<char> > const&)
492124	_Z7CleanUpb	todo	(free function)	CleanUp	CleanUp(bool)
492257	_Z18setProcessDpiAwarev	todo	(free function)	setProcessDpiAware	setProcessDpiAware()
492271	_Z14CreateWindowGLRK6wxSizeRS_l	todo	(free function)	CreateWindowGL	CreateWindowGL(wxSize const&, wxSize&, long)
492894	_Z16ParseCommandLineiPPcR15wxCmdLineParser	todo	(free function)	ParseCommandLine	ParseCommandLine(int, char**, wxCmdLineParser&)
493088	_Z4InitRK8wxStringR6wxSizeS3_iPPcR15wxCmdLineParser	todo	(free function)	Init	Init(wxString const&, wxSize&, wxSize&, int, char**, wxCmdLineParser&)
497397	_Z14ShowMessageBoxRK8wxStringS1_	todo	(free function)	ShowMessageBox	ShowMessageBox(wxString const&, wxString const&)
497495	_Z24StartLoadingScreenThreadv	todo	(free function)	StartLoadingScreenThread	StartLoadingScreenThread()
497509	_Z9m_strncmpPKcS0_m	todo	(free function)	m_strncmp	m_strncmp(char const*, char const*, unsigned long)
497603	_Z14IsMultigesturev	todo	(free function)	IsMultigesture	IsMultigesture()
497640	_Z11ToScreenPosii	todo	(free function)	ToScreenPos	ToScreenPos(int, int)
497745	_Z9ShowFramePv	todo	(free function)	ShowFrame	ShowFrame(void*)
498899	_Z19LoadingScreenThreadPv	todo	(free function)	LoadingScreenThread	LoadingScreenThread(void*)
499237	_ZN17TCPDebuggerClientD2Ev	todo	TCPDebuggerClient	~TCPDebuggerClient	TCPDebuggerClient::~TCPDebuggerClient()
499508	main	todo	(free function)	main	main
500221	_GLOBAL__sub_I_graphics	todo	(free function)	_GLOBAL__sub_I_graphics	_GLOBAL__sub_I_graphics
500424	_Z14LoadConfigFileR8wxStringPS_PbS2_S2_P11eResolutionS2_R6wxSizeP10wxLogLevelPlS1_S9_S9_S9_S9_S9_S9_S2_P18eGraphicsInterfaceS2_S1_	todo	(free function)	LoadConfigFile	LoadConfigFile(wxString&, wxString*, bool*, bool*, bool*, eResolution*, bool*, wxSize&, wxLogLevel*, long*, wxString*, long*, long*, long*, long*, long*, long*, bool*, eGraphicsInterface*, bool*, wxString*)
503046	_Z11WriteVolumeiiiii	todo	(free function)	WriteVolume	WriteVolume(int, int, int, int, int)
504929	_Z34ix86_override_options_after_changev_43	todo	(free function)	ix86_override_options_after_change	ix86_override_options_after_change()
504952	_Z34ix86_override_options_after_changev_44	todo	(free function)	ix86_override_options_after_change	ix86_override_options_after_change()
505135	_ZL12_PrintStringPwmP11_FormatInfoPKw	todo	(free function)	_PrintString	_PrintString(wchar_t*, unsigned long, _FormatInfo*, wchar_t const*)
505305	_ZL18_PrintUnsignedLongPwmP11_FormatInfom	todo	(free function)	_PrintUnsignedLong	_PrintUnsignedLong(wchar_t*, unsigned long, _FormatInfo*, unsigned long)
505404	_ZL10_PrintLongPwmP11_FormatInfol	todo	(free function)	_PrintLong	_PrintLong(wchar_t*, unsigned long, _FormatInfo*, long)
505559	_ZL14_PrintLongLongPwmP11_FormatInfol	todo	(free function)	_PrintLongLong	_PrintLongLong(wchar_t*, unsigned long, _FormatInfo*, long)
505714	_ZL22_PrintUnsignedLongLongPwmP11_FormatInfom	todo	(free function)	_PrintUnsignedLongLong	_PrintUnsignedLongLong(wchar_t*, unsigned long, _FormatInfo*, unsigned long)
505813	_ZL18_PrintUnsignedLongPwmP11_FormatInfom_constprop_61	todo	(free function)	_PrintUnsignedLong	_PrintUnsignedLong(wchar_t*, unsigned long, _FormatInfo*, unsigned long)
505906	_ZL12_PrintStringR8wxStringP11_FormatInfoPKw	todo	(free function)	_PrintString	_PrintString(wxString&, _FormatInfo*, wchar_t const*)
506094	_ZL18_PrintUnsignedLongR8wxStringP11_FormatInfom	todo	(free function)	_PrintUnsignedLong	_PrintUnsignedLong(wxString&, _FormatInfo*, unsigned long)
506191	_ZL10_PrintLongR8wxStringP11_FormatInfol	todo	(free function)	_PrintLong	_PrintLong(wxString&, _FormatInfo*, long)
506345	_ZL14_PrintLongLongR8wxStringP11_FormatInfol	todo	(free function)	_PrintLongLong	_PrintLongLong(wxString&, _FormatInfo*, long)
506498	_ZL22_PrintUnsignedLongLongR8wxStringP11_FormatInfom	todo	(free function)	_PrintUnsignedLongLong	_PrintUnsignedLongLong(wxString&, _FormatInfo*, unsigned long)
506594	_ZL18_PrintUnsignedLongR8wxStringP11_FormatInfom_constprop_60	todo	(free function)	_PrintUnsignedLong	_PrintUnsignedLong(wxString&, _FormatInfo*, unsigned long)
506686	_Z7wstrchrPKwi	todo	(free function)	wstrchr	wstrchr(wchar_t const*, int)
507470	_Z12_wstr_printfR8wxStringPKwP13__va_list_tag	todo	(free function)	_wstr_printf	_wstr_printf(wxString&, wchar_t const*, __va_list_tag*)
508516	_Z11_wvsnprintfPwmPKwP13__va_list_tag	todo	(free function)	_wvsnprintf	_wvsnprintf(wchar_t*, unsigned long, wchar_t const*, __va_list_tag*)
509497	_ZN2v84base2OS8SNPrintFEPciPKcz	todo	v8::base::OS	SNPrintF	v8::base::OS::SNPrintF(char*, int, char const*, ...)
509555	_Z18wine_utf8_wcstombsiPKwiPci	todo	(free function)	wine_utf8_wcstombs	wine_utf8_wcstombs(int, wchar_t const*, int, char*, int)
509843	_Z18utf8_next_char_lenh	todo	(free function)	utf8_next_char_len	utf8_next_char_len(unsigned char)
509871	_Z16decode_utf8_charhPPKcS0_	todo	(free function)	decode_utf8_char	decode_utf8_char(unsigned char, char const**, char const*)
509954	_Z18wine_utf8_mbstowcsiPKciPwi	todo	(free function)	wine_utf8_mbstowcs	wine_utf8_mbstowcs(int, char const*, int, wchar_t*, int)
510608	_Z6t_initRi	todo	(free function)	t_init	t_init(int&)
510627	_Z7t_stateRiPcPKc	todo	(free function)	t_state	t_state(int&, char*, char const*)
510721	_Z7t_stateRiPc	todo	(free function)	t_state	t_state(int&, char*)
512009	_Z7wstrlenPKw	todo	(free function)	wstrlen	wstrlen(wchar_t const*)
512040	_Z9m_wstrcmpPKwS0_	todo	(free function)	m_wstrcmp	m_wstrcmp(wchar_t const*, wchar_t const*)
512120	_Z10m_wstrcmpiPKwS0_	todo	(free function)	m_wstrcmpi	m_wstrcmpi(wchar_t const*, wchar_t const*)
512847	_Z14wxConvertMB2WXPKc	todo	(free function)	wxConvertMB2WX	wxConvertMB2WX(char const*)
512950	_Z11SplitStringRSt6vectorISsSaISsEEPKcc	todo	(free function)	SplitString	SplitString(std::vector<std::basic_string<char, std::char_traits<char>, std::allocator<char> >, std::allocator<std::basic_string<char, std::char_traits<char>, std::allocator<char> > > >&, char const*, char)
513201	_Z11SplitStringRSt6vectorI8wxStringSaIS0_EEPKww	todo	(free function)	SplitString	SplitString(std::vector<wxString, std::allocator<wxString> >&, wchar_t const*, wchar_t)
513537	_Z11SplitStringRSt6vectorI8wxStringSaIS0_EEPKcc	todo	(free function)	SplitString	SplitString(std::vector<wxString, std::allocator<wxString> >&, char const*, char)
513866	_Z34ix86_override_options_after_changev_45	todo	(free function)	ix86_override_options_after_change	ix86_override_options_after_change()
513888	_ZN4sha112_GLOBAL__N_19innerHashEPjS1_	todo	sha1		sha1::(anonymous namespace)::innerHash(unsigned int*, unsigned int*)
515313	_ZN4sha110initResultEv	todo	sha1	initResult	sha1::initResult()
515336	_ZN4sha17doBlockEPKhPjS2_	todo	sha1	doBlock	sha1::doBlock(unsigned char const*, unsigned int*, unsigned int*)
515673	_ZN4sha16finishEPKhPjmmS2_Ph	todo	sha1	finish	sha1::finish(unsigned char const*, unsigned int*, unsigned long, unsigned long, unsigned int*, unsigned char*)
515800	_ZN4sha14calcEPKviPh	todo	sha1	calc	sha1::calc(void const*, int, unsigned char*)
516154	_ZN4sha111toHexStringEPKhPc	todo	sha1	toHexString	sha1::toHexString(unsigned char const*, char*)
516200	_ZN4sha113base64_encodeEPKhj	todo	sha1	base64_encode	sha1::base64_encode(unsigned char const*, unsigned int)
516547	_ZN4sha113base64_decodeERKSs	todo	sha1	base64_decode	sha1::base64_decode(std::basic_string<char, std::char_traits<char>, std::allocator<char> > const&)
516880	_GLOBAL__sub_I__ZN4sha110initResultEv	todo	(free function)	_GLOBAL__sub_I__ZN4sha110initResultEv	_GLOBAL__sub_I__ZN4sha110initResultEv
516915	_ZN20TComposedFileManager4InitERK10wxFileNameRK8wxStringRKSt6vectorI11TCharHolderSaIS7_EE	todo	TComposedFileManager	Init	TComposedFileManager::Init(wxFileName const&, wxString const&, std::vector<TCharHolder, std::allocator<TCharHolder> > const&)
517074	_ZN20TComposedFileManager4InitERK10wxFileNameRK8wxStringiS2_iS2_iS2_iS2_iS2_	todo	TComposedFileManager	Init	TComposedFileManager::Init(wxFileName const&, wxString const&, int, wxFileName const&, int, wxFileName const&, int, wxFileName const&, int, wxFileName const&, int, wxFileName const&)
517456	_ZN20TComposedFileManager7CleanUpEv	todo	TComposedFileManager	CleanUp	TComposedFileManager::CleanUp()
517562	_ZN20TComposedFileManager16GetMainContainerEv	todo	TComposedFileManager	GetMainContainer	TComposedFileManager::GetMainContainer()
517579	_ZN20TComposedFileManager15SetSavegameFileERK10wxFileNameRK8wxString	todo	TComposedFileManager	SetSavegameFile	TComposedFileManager::SetSavegameFile(wxFileName const&, wxString const&)
517599	_ZN20TComposedFileManager14IsComposedFileERK10wxFileName	todo	TComposedFileManager	IsComposedFile	TComposedFileManager::IsComposedFile(wxFileName const&)
517741	_ZN20TComposedFileManager17InitMainContainerERK10wxFileNameRK8wxString	todo	TComposedFileManager	InitMainContainer	TComposedFileManager::InitMainContainer(wxFileName const&, wxString const&)
517775	_ZN20TComposedFileManager14IsGameCompiledEv	todo	TComposedFileManager	IsGameCompiled	TComposedFileManager::IsGameCompiled()
517792	_ZN20TComposedFileManager15GetComposedFileERK17TComposedFileInfo	todo	TComposedFileManager	GetComposedFile	TComposedFileManager::GetComposedFile(TComposedFileInfo const&)
517946	_ZN20TComposedFileManager19GetComposedFileInfoERK10wxFileNameR17TComposedFileInfo	todo	TComposedFileManager	GetComposedFileInfo	TComposedFileManager::GetComposedFileInfo(wxFileName const&, TComposedFileInfo&)
518474	_ZN20TComposedFileManager13GetMemoryFileER11TMemoryFileRK10wxFileName	todo	TComposedFileManager	GetMemoryFile	TComposedFileManager::GetMemoryFile(TMemoryFile&, wxFileName const&)
518972	_ZN20TComposedFileManager4OpenER5TFileRK10wxFileName	todo	TComposedFileManager	Open	TComposedFileManager::Open(TFile&, wxFileName const&)
519264	_ZN20TComposedFileManager6ExportERK10wxFileNameS2_RS0_	todo	TComposedFileManager	Export	TComposedFileManager::Export(wxFileName const&, wxFileName const&, wxFileName&)
519379	_ZN20TComposedFileManager19DecryptComposedFileERK10wxFileNameRS0_RK8wxString	todo	TComposedFileManager	DecryptComposedFile	TComposedFileManager::DecryptComposedFile(wxFileName const&, wxFileName&, wxString const&)
519509	_ZN20TComposedFileManager19EncryptComposedFileERK10wxFileNameRK8wxString	todo	TComposedFileManager	EncryptComposedFile	TComposedFileManager::EncryptComposedFile(wxFileName const&, wxString const&)
519571	_ZN20TComposedFileManager24GetComposedMovieFileNameERK10wxFileNameRS0_	todo	TComposedFileManager	GetComposedMovieFileName	TComposedFileManager::GetComposedMovieFileName(wxFileName const&, wxFileName&)
519724	_ZN20TComposedFileManager10FileExistsERK10wxFileName	todo	TComposedFileManager	FileExists	TComposedFileManager::FileExists(wxFileName const&)
519845	_GLOBAL__sub_I__ZN20TComposedFileManager15s_mainContainerE	todo	(free function)	_GLOBAL__sub_I__ZN20TComposedFileManager15s_mainContainerE	_GLOBAL__sub_I__ZN20TComposedFileManager15s_mainContainerE
519891	_ZN10TXMLWriter25StartTagWithoutAttributesEi	todo	TXMLWriter	StartTagWithoutAttributes	TXMLWriter::StartTagWithoutAttributes(int)
519916	_ZN10TXMLWriter9SerializeEiRK7wxPoint	todo	TXMLWriter	Serialize	TXMLWriter::Serialize(int, wxPoint const&)
519956	_ZN10TXMLWriter9SerializeEiRKSt6vectorI6wxRectSaIS1_EE	todo	TXMLWriter	Serialize	TXMLWriter::Serialize(int, std::vector<wxRect, std::allocator<wxRect> > const&)
520016	_ZN10TXMLWriter9SerializeEiRKSt6vectorI7TSpriteSaIS1_EE	todo	TXMLWriter	Serialize	TXMLWriter::Serialize(int, std::vector<TSprite, std::allocator<TSprite> > const&)
520084	_ZN10TXMLWriter9SerializeEiRKSt6vectorI7wxPointSaIS1_EE	todo	TXMLWriter	Serialize	TXMLWriter::Serialize(int, std::vector<wxPoint, std::allocator<wxPoint> > const&)
520142	_ZN10TXMLWriter9SerializeEiRKSt6vectorIiSaIiEE	todo	TXMLWriter	Serialize	TXMLWriter::Serialize(int, std::vector<int, std::allocator<int> > const&)
520208	_ZN10TXMLWriter9SerializeEiRKSt6vectorIfSaIfEE	todo	TXMLWriter	Serialize	TXMLWriter::Serialize(int, std::vector<float, std::allocator<float> > const&)
520274	_ZN10TXMLWriter9SerializeEiRK6wxRect	todo	TXMLWriter	Serialize	TXMLWriter::Serialize(int, wxRect const&)
520336	_ZN10TXMLWriter9StartTagSEPKc	todo	TXMLWriter	StartTagS	TXMLWriter::StartTagS(char const*)
520375	_ZN10TXMLWriter13AddAttributeSEiRK11TCharHolder	todo	TXMLWriter	AddAttributeS	TXMLWriter::AddAttributeS(int, TCharHolder const&)
520499	_ZN10TXMLWriter12AddAttributeEib	todo	TXMLWriter	AddAttribute	TXMLWriter::AddAttribute(int, bool)
520552	_ZN10TXMLWriter8StartTagEi	todo	TXMLWriter	StartTag	TXMLWriter::StartTag(int)
520585	_ZN10TXMLWriter12AddAttributeEii	todo	TXMLWriter	AddAttribute	TXMLWriter::AddAttribute(int, int)
520721	_ZN10TXMLWriter16FinishAttributesEb	todo	TXMLWriter	FinishAttributes	TXMLWriter::FinishAttributes(bool)
520753	_ZN10TXMLWriter9SerializeEiRKSt6vectorI13TTextLanguageSaIS1_EE	todo	TXMLWriter	Serialize	TXMLWriter::Serialize(int, std::vector<TTextLanguage, std::allocator<TTextLanguage> > const&)
520859	_ZN10TXMLWriterD2Ev	todo	TXMLWriter	~TXMLWriter	TXMLWriter::~TXMLWriter()
520955	_ZN10TXMLWriter12AddAttributeEif	todo	TXMLWriter	AddAttribute	TXMLWriter::AddAttribute(int, float)
521045	_ZN10TXMLWriterD0Ev	todo	TXMLWriter	~TXMLWriter	TXMLWriter::~TXMLWriter()
521143	_ZN10TXMLWriter9FinishTagEi	todo	TXMLWriter	FinishTag	TXMLWriter::FinishTag(int)
521249	_ZN10TXMLWriter12AddAttributeEiRK11TFieldValue	todo	TXMLWriter	AddAttribute	TXMLWriter::AddAttribute(int, TFieldValue const&)
521335	_ZN10TXMLWriter9SerializeEiRKSt6vectorI11TCharHolderSaIS1_EE	todo	TXMLWriter	Serialize	TXMLWriter::Serialize(int, std::vector<TCharHolder, std::allocator<TCharHolder> > const&)
521440	_ZN10TXMLWriterC2Ev	todo	TXMLWriter	TXMLWriter	TXMLWriter::TXMLWriter()
521526	_ZN10TXMLWriter14WriteXMLHeaderEv	todo	TXMLWriter	WriteXMLHeader	TXMLWriter::WriteXMLHeader()
521543	_ZN10TXMLWriter26StartTagWithoutAttributesSEPKc	todo	TXMLWriter	StartTagWithoutAttributesS	TXMLWriter::StartTagWithoutAttributesS(char const*)
521567	_ZN10TXMLWriter12AddAttributeEij	todo	TXMLWriter	AddAttribute	TXMLWriter::AddAttribute(int, unsigned int)
521684	_ZN10TXMLWriter9SerializeEiRK7TSprite	todo	TXMLWriter	Serialize	TXMLWriter::Serialize(int, TSprite const&)
521813	_ZN10TXMLWriter13AddAttributeSEPKcRK8wxString	todo	TXMLWriter	AddAttributeS	TXMLWriter::AddAttributeS(char const*, wxString const&)
521861	_ZN10TXMLWriter13AddAttributeSEPKcRKSs	todo	TXMLWriter	AddAttributeS	TXMLWriter::AddAttributeS(char const*, std::basic_string<char, std::char_traits<char>, std::allocator<char> > const&)
521909	_ZN10TXMLWriter17FinishWithContentEiRK8wxString	todo	TXMLWriter	FinishWithContent	TXMLWriter::FinishWithContent(int, wxString const&)
521957	_ZN10TXMLWriter17FinishWithContentERK8wxStringS2_	todo	TXMLWriter	FinishWithContent	TXMLWriter::FinishWithContent(wxString const&, wxString const&)
522002	_ZN10TXMLWriter10AddContentERK8wxString	todo	TXMLWriter	AddContent	TXMLWriter::AddContent(wxString const&)
522049	_ZN10TXMLWriter10FinishTagSEPKc	todo	TXMLWriter	FinishTagS	TXMLWriter::FinishTagS(char const*)
522102	_ZN10TXMLWriter9SerializeEiRK10wxFileName	todo	TXMLWriter	Serialize	TXMLWriter::Serialize(int, wxFileName const&)
522192	_ZN18TProjectFileWriterD2Ev	todo	TProjectFileWriter	~TProjectFileWriter	TProjectFileWriter::~TProjectFileWriter()
522208	_ZN18TProjectFileWriterD0Ev	todo	TProjectFileWriter	~TProjectFileWriter	TProjectFileWriter::~TProjectFileWriter()
522229	_ZN11TFieldValueD2Ev	todo	TFieldValue	~TFieldValue	TFieldValue::~TFieldValue()
522292	_Z34ix86_override_options_after_changev_46	todo	(free function)	ix86_override_options_after_change	ix86_override_options_after_change()
522315	_ZN5TFileD2Ev	todo	TFile	~TFile	TFile::~TFile()
522399	_ZN5TFileD0Ev	todo	TFile	~TFile	TFile::~TFile()
522419	_ZN8TVedFileD2Ev	todo	TVedFile	~TVedFile	TVedFile::~TVedFile()
522467	_ZN8TVedFileD0Ev	todo	TVedFile	~TVedFile	TVedFile::~TVedFile()
522517	_ZN5TFileC2Ev	todo	TFile	TFile	TFile::TFile()
522546	_ZN5TFile4SeekEm10wxSeekMode	todo	TFile	Seek	TFile::Seek(unsigned long, wxSeekMode)
522611	_ZN5TFile15SetContentFlagsEl	todo	TFile	SetContentFlags	TFile::SetContentFlags(long)
522628	_ZN5TFile21SetUncompressedLengthEl	todo	TFile	SetUncompressedLength	TFile::SetUncompressedLength(long)
522645	_ZNK5TFile19IsContentCompressedEv	todo	TFile	IsContentCompressed	TFile::IsContentCompressed() const
522663	_ZNK5TFile25IsContentCompressedChunksEv	todo	TFile	IsContentCompressedChunks	TFile::IsContentCompressedChunks() const
522681	_ZNK5TFile18IsContentEncryptedEv	todo	TFile	IsContentEncrypted	TFile::IsContentEncrypted() const
522699	_ZNK5TFile20IsPNGHeaderEncryptedEv	todo	TFile	IsPNGHeaderEncrypted	TFile::IsPNGHeaderEncrypted() const
522717	_ZN5TFile11GetFileTimeERK10wxFileName	todo	TFile	GetFileTime	TFile::GetFileTime(wxFileName const&)
522746	_ZN5TFile8OpenReadERK10wxFileName	todo	TFile	OpenRead	TFile::OpenRead(wxFileName const&)
522896	_ZN5TFile24OpenReadFromComposedFileERK10wxFileNameRK8wxStringll	todo	TFile	OpenReadFromComposedFile	TFile::OpenReadFromComposedFile(wxFileName const&, wxString const&, long, long)
523061	_ZNK5TFile8IsOpenedEv	todo	TFile	IsOpened	TFile::IsOpened() const
523078	_ZNK5TFile3EofEv	todo	TFile	Eof	TFile::Eof() const
523120	_ZNK5TFile14GetFilePointerEv	todo	TFile	GetFilePointer	TFile::GetFilePointer() const
523136	_ZNK5TFile13GetFileLengthEv	todo	TFile	GetFileLength	TFile::GetFileLength() const
523152	_ZNK5TFile13GetCurrentPosEv	todo	TFile	GetCurrentPos	TFile::GetCurrentPos() const
523174	_ZN5TFile9OpenWriteERK10wxFileName	todo	TFile	OpenWrite	TFile::OpenWrite(wxFileName const&)
523325	_ZN5TFile5CloseEv	todo	TFile	Close	TFile::Close()
523362	_ZNK5TFile7GetPathEv	todo	TFile	GetPath	TFile::GetPath() const
523378	_ZN5TFile15SetOriginalPathERK10wxFileName	todo	TFile	SetOriginalPath	TFile::SetOriginalPath(wxFileName const&)
523642	_ZNK5TFile15GetOriginalPathEv	todo	TFile	GetOriginalPath	TFile::GetOriginalPath() const
523658	_ZN5TFile13DecryptHeaderERK10wxFileNameRK8wxString	todo	TFile	DecryptHeader	TFile::DecryptHeader(wxFileName const&, wxString const&)
523821	_ZN5TFile13EncryptHeaderERK10wxFileNameRK8wxString	todo	TFile	EncryptHeader	TFile::EncryptHeader(wxFileName const&, wxString const&)
523836	_ZN5TFile11WriteToFileERK10wxFileName	todo	TFile	WriteToFile	TFile::WriteToFile(wxFileName const&)
524018	_ZN5TFile9ReadToBufER13TMemoryBufferm	todo	TFile	ReadToBuf	TFile::ReadToBuf(TMemoryBuffer&, unsigned long)
524140	_ZN5TFile12WriteFromBufERK13TMemoryBufferb	todo	TFile	WriteFromBuf	TFile::WriteFromBuf(TMemoryBuffer const&, bool)
524189	_ZN5TFile8ReadByteERc	todo	TFile	ReadByte	TFile::ReadByte(char&)
524271	_ZN5TFile8ReadByteERh	todo	TFile	ReadByte	TFile::ReadByte(unsigned char&)
524353	_ZN5TFile9ReadShortERs	todo	TFile	ReadShort	TFile::ReadShort(short&)
524444	_ZN5TFile9ReadShortERt	todo	TFile	ReadShort	TFile::ReadShort(unsigned short&)
524535	_ZN5TFile8ReadLongERl	todo	TFile	ReadLong	TFile::ReadLong(long&)
524635	_ZN5TFile8ReadLongERm	todo	TFile	ReadLong	TFile::ReadLong(unsigned long&)
524737	_ZN5TFile7ReadMemEPvm	todo	TFile	ReadMem	TFile::ReadMem(void*, unsigned long)
524821	_ZN5TFile9PasteFileERK10wxFileNameRK8wxStringlRm	todo	TFile	PasteFile	TFile::PasteFile(wxFileName const&, wxString const&, long, unsigned long&)
525436	_ZN5TFile9PasteDataER13TMemoryBufferRK8wxStringlRm	todo	TFile	PasteData	TFile::PasteData(TMemoryBuffer&, wxString const&, long, unsigned long&)
525526	_ZN8TVedFileC2Ev	todo	TVedFile	TVedFile	TVedFile::TVedFile()
525563	_ZN8TVedFile16SetReferencePathERK10wxFileName	todo	TVedFile	SetReferencePath	TVedFile::SetReferencePath(wxFileName const&)
525579	_ZN8TVedFile10SetVersionEii	todo	TVedFile	SetVersion	TVedFile::SetVersion(int, int)
525597	_ZNK8TVedFile8IsBinaryEv	todo	TVedFile	IsBinary	TVedFile::IsBinary() const
525613	_ZN8TVedFile11CheckBinaryEv	todo	TVedFile	CheckBinary	TVedFile::CheckBinary()
525685	_ZNK8TVedFile12GetVersionOkEii	todo	TVedFile	GetVersionOk	TVedFile::GetVersionOk(int, int) const
525740	_ZN8TVedFile11SetSaveGameEb	todo	TVedFile	SetSaveGame	TVedFile::SetSaveGame(bool)
525756	_ZNK8TVedFile10IsSaveGameEv	todo	TVedFile	IsSaveGame	TVedFile::IsSaveGame() const
525772	_Z34ix86_override_options_after_changev_47	todo	(free function)	ix86_override_options_after_change	ix86_override_options_after_change()
525795	_Z9CONVTOSTRRKi	todo	(free function)	CONVTOSTR	CONVTOSTR(int const&)
525860	_Z9CONVTOSTRRKj	todo	(free function)	CONVTOSTR	CONVTOSTR(unsigned int const&)
525924	_Z9CONVTOSTRRKl	todo	(free function)	CONVTOSTR	CONVTOSTR(long const&)
525989	_Z9CONVTOSTRRKm	todo	(free function)	CONVTOSTR	CONVTOSTR(unsigned long const&)
526053	_ZN12TPolygonListD2Ev	todo	TPolygonList	~TPolygonList	TPolygonList::~TPolygonList()
526114	_ZN12TPolygonList5clearEv	todo	TPolygonList	clear	TPolygonList::clear()
526164	_ZN12TPolygonList5eraseEN9__gnu_cxx17__normal_iteratorIPPSt6vectorI7wxPointSaIS3_EES2_IS6_SaIS6_EEEE	todo	TPolygonList	erase	TPolygonList::erase(__gnu_cxx::__normal_iterator<std::vector<wxPoint, std::allocator<wxPoint> >**, std::vector<std::vector<wxPoint, std::allocator<wxPoint> >*, std::allocator<std::vector<wxPoint, std::allocator<wxPoint> >*> > >)
526230	_ZN12TPolygonList2atEi	todo	TPolygonList	at	TPolygonList::at(int)
526258	_ZN12TPolygonList5frontEv	todo	TPolygonList	front	TPolygonList::front()
526273	_ZN12TPolygonList4backEv	todo	TPolygonList	back	TPolygonList::back()
526289	_ZN12TPolygonList5beginEv	todo	TPolygonList	begin	TPolygonList::begin()
526304	_ZN12TPolygonList3endEv	todo	TPolygonList	end	TPolygonList::end()
526319	_ZN12TPolygonList6rbeginEv	todo	TPolygonList	rbegin	TPolygonList::rbegin()
526336	_ZN12TPolygonList4rendEv	todo	TPolygonList	rend	TPolygonList::rend()
526353	_ZNK12TPolygonList5beginEv	todo	TPolygonList	begin	TPolygonList::begin() const
526369	_ZNK12TPolygonList3endEv	todo	TPolygonList	end	TPolygonList::end() const
526385	_ZN12TPolygonList8pop_backEv	todo	TPolygonList	pop_back	TPolygonList::pop_back()
526400	_ZNK12TPolygonList4sizeEv	todo	TPolygonList	size	TPolygonList::size() const
526418	_ZNK12TPolygonList5emptyEv	todo	TPolygonList	empty	TPolygonList::empty() const
526436	_ZN12TPolygonListixEm	todo	TPolygonList	operator[]	TPolygonList::operator[](unsigned long)
526453	_ZNK12TPolygonListixEm	todo	TPolygonList	operator[]	TPolygonList::operator[](unsigned long) const
526470	_Z8SameListRKSt6vectorI6wxRectSaIS0_EES4_	todo	(free function)	SameList	SameList(std::vector<wxRect, std::allocator<wxRect> > const&, std::vector<wxRect, std::allocator<wxRect> > const&)
526558	_Z8SameListRKSt6vectorI7wxPointSaIS0_EES4_	todo	(free function)	SameList	SameList(std::vector<wxPoint, std::allocator<wxPoint> > const&, std::vector<wxPoint, std::allocator<wxPoint> > const&)
526626	_Z8SameListRKSt6vectorI7TSpriteSaIS0_EES4_	todo	(free function)	SameList	SameList(std::vector<TSprite, std::allocator<TSprite> > const&, std::vector<TSprite, std::allocator<TSprite> > const&)
526697	_Z8SameListRKSt6vectorI11TCharHolderSaIS0_EES4_	todo	(free function)	SameList	SameList(std::vector<TCharHolder, std::allocator<TCharHolder> > const&, std::vector<TCharHolder, std::allocator<TCharHolder> > const&)
526785	_Z8SameListRKSt6vectorIiSaIiEES3_	todo	(free function)	SameList	SameList(std::vector<int, std::allocator<int> > const&, std::vector<int, std::allocator<int> > const&)
526850	_Z8SameListRKSt6vectorIfSaIfEES3_	todo	(free function)	SameList	SameList(std::vector<float, std::allocator<float> > const&, std::vector<float, std::allocator<float> > const&)
526916	_Z8SameListRKSt6vectorI8wxStringSaIS0_EES4_	todo	(free function)	SameList	SameList(std::vector<wxString, std::allocator<wxString> > const&, std::vector<wxString, std::allocator<wxString> > const&)
527002	_ZN9TXMLNames11IsScrambledEv	todo	TXMLNames	IsScrambled	TXMLNames::IsScrambled()
527018	_ZN9TXMLNames12SetScrambledEb	todo	TXMLNames	SetScrambled	TXMLNames::SetScrambled(bool)
527033	_ZN9TXMLNames7CleanUpEv	todo	TXMLNames	CleanUp	TXMLNames::CleanUp()
527123	_ZN9TXMLNames9GetStringEi	todo	TXMLNames	GetString	TXMLNames::GetString(int)
527177	_ZN9TXMLNames13GetStringUtf8Ei	todo	TXMLNames	GetStringUtf8	TXMLNames::GetStringUtf8(int)
527208	_ZN9TXMLNames5GetNrERK8wxString	todo	TXMLNames	GetNr	TXMLNames::GetNr(wxString const&)
527340	_ZN9TXMLNames15GetNrByUtf8NameEPKc	todo	TXMLNames	GetNrByUtf8Name	TXMLNames::GetNrByUtf8Name(char const*)
527454	_Z12ConvertToIntPKcS0_	todo	(free function)	ConvertToInt	ConvertToInt(char const*, char const*)
527575	_Z14ConvertToFloatPKcS0_	todo	(free function)	ConvertToFloat	ConvertToFloat(char const*, char const*)
527701	_Z13ConvertToBoolPKcS0_	todo	(free function)	ConvertToBool	ConvertToBool(char const*, char const*)
527746	_Z15ConvertToStringPKcS0_	todo	(free function)	ConvertToString	ConvertToString(char const*, char const*)
527885	_Z17ConvertToFileNamePKcS0_	todo	(free function)	ConvertToFileName	ConvertToFileName(char const*, char const*)
528207	_ZN11TFieldValueC2Ev	todo	TFieldValue	TFieldValue	TFieldValue::TFieldValue()
528225	_ZN11TFieldValueC2Eb	todo	TFieldValue	TFieldValue	TFieldValue::TFieldValue(bool)
528244	_ZN11TFieldValueC2El	todo	TFieldValue	TFieldValue	TFieldValue::TFieldValue(long)
528263	_ZN11TFieldValueC2Ef	todo	TFieldValue	TFieldValue	TFieldValue::TFieldValue(float)
528282	_ZN11TFieldValueC2ERK8wxString	todo	TFieldValue	TFieldValue	TFieldValue::TFieldValue(wxString const&)
528329	_ZN11TFieldValueC2ERK10wxFileName	todo	TFieldValue	TFieldValue	TFieldValue::TFieldValue(wxFileName const&)
528389	_ZN11TFieldValueC2ERK10wxFileNameS2_	todo	TFieldValue	TFieldValue	TFieldValue::TFieldValue(wxFileName const&, wxFileName const&)
528588	_ZNK11TFieldValue8ToStringEv	todo	TFieldValue	ToString	TFieldValue::ToString() const
529250	_ZN11TCharHolderC2EPKw	todo	TCharHolder	TCharHolder	TCharHolder::TCharHolder(wchar_t const*)
529373	_ZN11TCharHolderC2ERKS_	todo	TCharHolder	TCharHolder	TCharHolder::TCharHolder(TCharHolder const&)
529429	_ZN11TCharHolderC2ERK10wxFileName	todo	TCharHolder	TCharHolder	TCharHolder::TCharHolder(wxFileName const&)
529553	_ZN11TCharHolderC2ERK8wxString	todo	TCharHolder	TCharHolder	TCharHolder::TCharHolder(wxString const&)
529651	_ZN11TCharHolderC2Ev	todo	TCharHolder	TCharHolder	TCharHolder::TCharHolder()
529666	_ZN11TCharHolderC2EPKc	todo	TCharHolder	TCharHolder	TCharHolder::TCharHolder(char const*)
529717	_ZN11TCharHolderC2EPKcS1_	todo	TCharHolder	TCharHolder	TCharHolder::TCharHolder(char const*, char const*)
529792	yasm_value_delete	todo	(free function)	yasm_value_delete	yasm_value_delete
529819	yasm_value_delete_0	todo	(free function)	yasm_value_delete_0	yasm_value_delete_0
529844	_ZN11TCharHolder4copyEPKc	todo	TCharHolder	copy	TCharHolder::copy(char const*)
529900	_ZN11TCharHolder4copyEPKci	todo	TCharHolder	copy	TCharHolder::copy(char const*, int)
529964	_ZN11TCharHolder6resizeEm	todo	TCharHolder	resize	TCharHolder::resize(unsigned long)
530023	yasm_value_delete_1	todo	(free function)	yasm_value_delete_1	yasm_value_delete_1
530049	_ZNK11TCharHolder4sizeEv	todo	TCharHolder	size	TCharHolder::size() const
530065	_ZNK11TCharHolder4IsOkEv	todo	TCharHolder	IsOk	TCharHolder::IsOk() const
530082	_ZNK11TCharHolder11GetFullPathEv	todo	TCharHolder	GetFullPath	TCharHolder::GetFullPath() const
530126	_ZNK11TCharHolder11GetFullPathE12wxPathFormat	todo	TCharHolder	GetFullPath	TCharHolder::GetFullPath(wxPathFormat) const
530295	_ZNK11TCharHolder3CmpERKS_	todo	TCharHolder	Cmp	TCharHolder::Cmp(TCharHolder const&) const
530384	_ZNK11TCharHolder9CmpNoCaseERKS_	todo	TCharHolder	CmpNoCase	TCharHolder::CmpNoCase(TCharHolder const&) const
530466	_ZNK11TCharHolder5c_strEv	todo	TCharHolder	c_str	TCharHolder::c_str() const
530523	_ZNK11TCharHolder6mb_strEv	todo	TCharHolder	mb_str	TCharHolder::mb_str() const
530540	_ZNK11TCharHolder5LowerEv	todo	TCharHolder	Lower	TCharHolder::Lower() const
530650	_ZNK11TCharHolder8ToDoubleEPd	todo	TCharHolder	ToDouble	TCharHolder::ToDouble(double*) const
530735	_ZN11TCharHolder8exchangeERS_	todo	TCharHolder	exchange	TCharHolder::exchange(TCharHolder&)
530781	_ZN11TCharHolderaSEPKc	todo	TCharHolder	operator=	TCharHolder::operator=(char const*)
530838	_ZN11TCharHolderaSERK10wxFileName	todo	TCharHolder	operator=	TCharHolder::operator=(wxFileName const&)
530962	_ZN11TCharHolderaSERKS_	todo	TCharHolder	operator=	TCharHolder::operator=(TCharHolder const&)
531028	_ZN11TCharHolder6AssignEPKcS1_	todo	TCharHolder	Assign	TCharHolder::Assign(char const*, char const*)
531117	_ZN11TCharHolder6AssignERK8wxString	todo	TCharHolder	Assign	TCharHolder::Assign(wxString const&)
531204	_ZNK11TCharHoldereqERKS_	todo	TCharHolder	operator==	TCharHolder::operator==(TCharHolder const&) const
531254	_ZNK11TCharHoldereqERK8wxString	todo	TCharHolder	operator==	TCharHolder::operator==(wxString const&) const
531378	_ZNK11TCharHoldereqEPKw	todo	TCharHolder	operator==	TCharHolder::operator==(wchar_t const*) const
531518	_ZNK11TCharHoldereqEPKc	todo	TCharHolder	operator==	TCharHolder::operator==(char const*) const
531579	_ZNK11TCharHolderneERKS_	todo	TCharHolder	operator!=	TCharHolder::operator!=(TCharHolder const&) const
531627	_ZNK11TCharHolder6SameAsERKS_	todo	TCharHolder	SameAs	TCharHolder::SameAs(TCharHolder const&) const
531676	_ZNK11TCharHoldercv10wxFileNameEv	todo	(free function)	wxFileName	TCharHolder::operator wxFileName() const
531830	_ZNK11TCharHoldercv8wxStringEv	todo	(free function)	wxString	TCharHolder::operator wxString() const
531875	_ZN15pattern_matcher8AddGroupEP13pattern_group	todo	pattern_matcher	AddGroup	pattern_matcher::AddGroup(pattern_group*)
531923	_ZN12TPolygonListaSERKS_	todo	TPolygonList	operator=	TPolygonList::operator=(TPolygonList const&)
532096	_ZN12TPolygonList9push_backERKSt6vectorI7wxPointSaIS1_EE	todo	TPolygonList	push_back	TPolygonList::push_back(std::vector<wxPoint, std::allocator<wxPoint> > const&)
532226	_ZN9TXMLNames10AddXMLNameERK8wxStringib	todo	TXMLNames	AddXMLName	TXMLNames::AddXMLName(wxString const&, int, bool)
532745	_ZN9TXMLNames10AddXMLNameERK8wxStringib_constprop_149	todo	TXMLNames	AddXMLName	TXMLNames::AddXMLName(wxString const&, int, bool)
533265	_ZN9TXMLNames18InitXMLNamesInternEv	todo	TXMLNames	InitXMLNamesIntern	TXMLNames::InitXMLNamesIntern()
535313	_Z11xmlReadFilePKc	todo	(free function)	xmlReadFile	xmlReadFile(char const*)
539784	_GLOBAL__sub_I__Z9CONVTOSTRRKi	todo	(free function)	_GLOBAL__sub_I__Z9CONVTOSTRRKi	_GLOBAL__sub_I__Z9CONVTOSTRRKi
539847	_ZNK16TXMLStringWriter9GetBufferEv	todo	TXMLStringWriter	GetBuffer	TXMLStringWriter::GetBuffer() const
539865	_ZThn240_NK16TXMLStringWriter9GetBufferEv	todo	TXMLStringWriter	GetBuffer	non-virtual thunk to TXMLStringWriter::GetBuffer() const
539882	_ZN16TXMLStringWriter17GetBufferNonConstEv	todo	TXMLStringWriter	GetBufferNonConst	TXMLStringWriter::GetBufferNonConst()
539900	_ZThn240_N16TXMLStringWriter17GetBufferNonConstEv	todo	TXMLStringWriter	GetBufferNonConst	non-virtual thunk to TXMLStringWriter::GetBufferNonConst()
539917	_ZNK16TXMLStringWriter11GetFilePathEv	todo	TXMLStringWriter	GetFilePath	TXMLStringWriter::GetFilePath() const
539933	_ZThn240_NK16TXMLStringWriter11GetFilePathEv	todo	TXMLStringWriter	GetFilePath	non-virtual thunk to TXMLStringWriter::GetFilePath() const
539950	_ZN16TXMLStringWriter11FinishWriteEv	todo	TXMLStringWriter	FinishWrite	TXMLStringWriter::FinishWrite()
539994	_ZN16TXMLStringWriterC2Ev	todo	TXMLStringWriter	TXMLStringWriter	TXMLStringWriter::TXMLStringWriter()
540016	_ZN16TXMLStringWriterD2Ev	todo	TXMLStringWriter	~TXMLStringWriter	TXMLStringWriter::~TXMLStringWriter()
540033	_ZN16TXMLStringWriterD0Ev	todo	TXMLStringWriter	~TXMLStringWriter	TXMLStringWriter::~TXMLStringWriter()
540055	_Z34ix86_override_options_after_changev_48	todo	(free function)	ix86_override_options_after_change	ix86_override_options_after_change()
540078	_Z9strToLongRK8wxString	todo	(free function)	strToLong	strToLong(wxString const&)
540102	_Z10strToFloatRK8wxString	todo	(free function)	strToFloat	strToFloat(wxString const&)
540127	_Z8strtointRK8wxString	todo	(free function)	strtoint	strtoint(wxString const&)
540151	_Z19ConvertStringToSizeRK8wxStringR6wxSize	todo	(free function)	ConvertStringToSize	ConvertStringToSize(wxString const&, wxSize&)
540426	_Z23ConvertHexStringToColorRK8wxStringR8wxColour	todo	(free function)	ConvertHexStringToColor	ConvertHexStringToColor(wxString const&, wxColour&)
540655	_Z17ByteStreamToULongPh	todo	(free function)	ByteStreamToULong	ByteStreamToULong(unsigned char*)
540681	_Z16ByteStreamToLongPh	todo	(free function)	ByteStreamToLong	ByteStreamToLong(unsigned char*)
540707	_Z23GetLargestFreeHeapBlockv	todo	(free function)	GetLargestFreeHeapBlock	GetLargestFreeHeapBlock()
540723	_Z13base64_encodePKhj	todo	(free function)	base64_encode	base64_encode(unsigned char const*, unsigned int)
541071	_Z13base64_decodeRKSs	todo	(free function)	base64_decode	base64_decode(std::basic_string<char, std::char_traits<char>, std::allocator<char> > const&)
541405	_GLOBAL__sub_I__Z9strToLongRK8wxString	todo	(free function)	_GLOBAL__sub_I__Z9strToLongRK8wxString	_GLOBAL__sub_I__Z9strToLongRK8wxString
541440	_ZN10SEntryInfoC2Ev	todo	SEntryInfo	SEntryInfo	SEntryInfo::SEntryInfo()
541459	_ZN13TComposedFile12InitForWriteEl18TContainerTypeEnumb	todo	TComposedFile	InitForWrite	TComposedFile::InitForWrite(long, TContainerTypeEnum, bool)
541543	_ZN13TComposedFile12InitForWriteElRK10wxFileNamebb	todo	TComposedFile	InitForWrite	TComposedFile::InitForWrite(long, wxFileName const&, bool, bool)
541639	_ZN13TComposedFile12ClearEntriesEv	todo	TComposedFile	ClearEntries	TComposedFile::ClearEntries()
541702	_ZNK13TComposedFile25GetContainerFileExtensionE8wxStringl	todo	TComposedFile	GetContainerFileExtension	TComposedFile::GetContainerFileExtension(wxString, long) const
541791	_ZNK13TComposedFile18GetNumberOfEntriesEv	todo	TComposedFile	GetNumberOfEntries	TComposedFile::GetNumberOfEntries() const
541812	_ZNK13TComposedFile24GetComposedFileExtensionEv	todo	TComposedFile	GetComposedFileExtension	TComposedFile::GetComposedFileExtension() const
542348	_ZN13TComposedFile10SetExeFileERK10wxFileName	todo	TComposedFile	SetExeFile	TComposedFile::SetExeFile(wxFileName const&)
542364	_ZN13TComposedFile11WriteToDiskERK10wxFileNameRK8wxStringP6wxFileP12EventHandler	todo	TComposedFile	WriteToDisk	TComposedFile::WriteToDisk(wxFileName const&, wxString const&, wxFile*, EventHandler*)
543915	_ZN13TComposedFile11WriteToDiskERK8wxStringP6wxFileP12EventHandler	todo	TComposedFile	WriteToDisk	TComposedFile::WriteToDisk(wxString const&, wxFile*, EventHandler*)
543935	_ZN13TComposedFile8GetEntryEi	todo	TComposedFile	GetEntry	TComposedFile::GetEntry(int)
543953	_ZN13TComposedFile6ExportElR10wxFileNameRK8wxStringS4_	todo	TComposedFile	Export	TComposedFile::Export(long, wxFileName&, wxString const&, wxString const&)
544169	_ZN13TComposedFileD2Ev	todo	TComposedFile	~TComposedFile	TComposedFile::~TComposedFile()
544306	_ZN13TComposedFileC2Ev	todo	TComposedFile	TComposedFile	TComposedFile::TComposedFile()
544356	_ZN13TComposedFile11InitEntriesEv	todo	TComposedFile	InitEntries	TComposedFile::InitEntries()
545563	_ZN13TComposedFile4OpenER5TFileRK10wxFileNamel	todo	TComposedFile	Open	TComposedFile::Open(TFile&, wxFileName const&, long)
545837	_ZN13TComposedFile13GetMemoryFileER11TMemoryFileRK10wxFileNamel	todo	TComposedFile	GetMemoryFile	TComposedFile::GetMemoryFile(TMemoryFile&, wxFileName const&, long)
546098	_ZN13TComposedFile4InitERK10wxFileNameRK8wxStringl	todo	TComposedFile	Init	TComposedFile::Init(wxFileName const&, wxString const&, long)
546304	_ZN13TComposedFile7AddDataERK13TMemoryBuffer10wxFileNameRS3_i	todo	TComposedFile	AddData	TComposedFile::AddData(TMemoryBuffer const&, wxFileName, wxFileName&, int)
546627	_ZN13TComposedFile7AddFileE10wxFileNameRS0_R13StringHashMapI8wxStringS3_PKw10StringHashIS5_EEi	todo	TComposedFile	AddFile	TComposedFile::AddFile(wxFileName, wxFileName&, StringHashMap<wxString, wxString, wchar_t const*, StringHash<wchar_t const*> >&, int)
548209	_ZN13TComposedFile15AddComposedFileERK10wxFileNameRSt6vectorIS0_SaIS0_EE	todo	TComposedFile	AddComposedFile	TComposedFile::AddComposedFile(wxFileName const&, std::vector<wxFileName, std::allocator<wxFileName> >&)
548597	_ZN18BuildProgressEvent5CloneEv	todo	BuildProgressEvent	Clone	BuildProgressEvent::Clone()
548654	_ZN18BuildProgressEventD0Ev	todo	BuildProgressEvent	~BuildProgressEvent	BuildProgressEvent::~BuildProgressEvent()
548703	_ZN18BuildProgressEventD2Ev	todo	BuildProgressEvent	~BuildProgressEvent	BuildProgressEvent::~BuildProgressEvent()
549264	_GLOBAL__sub_I__ZN13TComposedFile7onErrorE	todo	(free function)	_GLOBAL__sub_I__ZN13TComposedFile7onErrorE	_GLOBAL__sub_I__ZN13TComposedFile7onErrorE
549297	_ZN13TMemoryBufferC2Ev	todo	TMemoryBuffer	TMemoryBuffer	TMemoryBuffer::TMemoryBuffer()
549315	_ZN13TMemoryBufferD2Ev	todo	TMemoryBuffer	~TMemoryBuffer	TMemoryBuffer::~TMemoryBuffer()
549342	_ZN13TMemoryBuffer13ReleaseMemoryEv	todo	TMemoryBuffer	ReleaseMemory	TMemoryBuffer::ReleaseMemory()
549370	_ZN13TMemoryBuffer11ClearMemoryEv	todo	TMemoryBuffer	ClearMemory	TMemoryBuffer::ClearMemory()
549387	_ZN13TMemoryBuffer7ReserveEm	todo	TMemoryBuffer	Reserve	TMemoryBuffer::Reserve(unsigned long)
549443	_ZN13TMemoryBuffer16EnsureBufferSizeEm	todo	TMemoryBuffer	EnsureBufferSize	TMemoryBuffer::EnsureBufferSize(unsigned long)
549520	_ZN13TMemoryBuffer4InitEm	todo	TMemoryBuffer	Init	TMemoryBuffer::Init(unsigned long)
549577	_ZN13TMemoryBuffer10AppendDataEPvm	todo	TMemoryBuffer	AppendData	TMemoryBuffer::AppendData(void*, unsigned long)
549728	_ZN13TMemoryBuffer10AppendByteEh	todo	TMemoryBuffer	AppendByte	TMemoryBuffer::AppendByte(unsigned char)
549830	_ZNK13TMemoryBuffer7GetDataEv	todo	TMemoryBuffer	GetData	TMemoryBuffer::GetData() const
549846	_ZNK13TMemoryBuffer6GetLenEv	todo	TMemoryBuffer	GetLen	TMemoryBuffer::GetLen() const
549862	_ZN13TMemoryBufferlsEc	todo	TMemoryBuffer	operator<<(char)	TMemoryBuffer::operator<<(char)
549963	_ZN13TMemoryBufferlsEPKc	todo	TMemoryBuffer	operator<<(char const*)	TMemoryBuffer::operator<<(char const*)
550115	_ZN13TMemoryBufferlsEh	todo	TMemoryBuffer	operator<<(unsigned char)	TMemoryBuffer::operator<<(unsigned char)
550215	_ZN13TMemoryBufferlsEs	todo	TMemoryBuffer	operator<<(short)	TMemoryBuffer::operator<<(short)
550323	_ZN13TMemoryBufferlsEt	todo	TMemoryBuffer	operator<<(unsigned short)	TMemoryBuffer::operator<<(unsigned short)
550428	_ZN13TMemoryBufferlsEl	todo	TMemoryBuffer	operator<<(long)	TMemoryBuffer::operator<<(long)
550539	_ZN13TMemoryBufferlsEm	todo	TMemoryBuffer	operator<<(unsigned long)	TMemoryBuffer::operator<<(unsigned long)
550650	_ZN13TMemoryBufferlsERK10wxFileName	todo	TMemoryBuffer	operator<<(wxFileName const&)	TMemoryBuffer::operator<<(wxFileName const&)
550872	_ZN13TMemoryBufferlsERK8wxString	todo	TMemoryBuffer	operator<<(wxString const&)	TMemoryBuffer::operator<<(wxString const&)
551062	_ZN13TMemoryBuffer19AppendStringWithLenERK8wxString	todo	TMemoryBuffer	AppendStringWithLen	TMemoryBuffer::AppendStringWithLen(wxString const&)
551323	_ZN13TMemoryBuffer10UncompressERS_l	todo	TMemoryBuffer	Uncompress	TMemoryBuffer::Uncompress(TMemoryBuffer&, long)
551447	_ZN13TMemoryBuffer10UncompressEl	todo	TMemoryBuffer	Uncompress	TMemoryBuffer::Uncompress(long)
551564	_ZN13TMemoryBuffer8CompressEv	todo	TMemoryBuffer	Compress	TMemoryBuffer::Compress()
551698	_ZN13TMemoryBuffer7DecryptERK8wxStringPmm	todo	TMemoryBuffer	Decrypt	TMemoryBuffer::Decrypt(wxString const&, unsigned long*, unsigned long)
551826	_ZN13TMemoryBuffer7EncryptERK8wxStringPmm	todo	TMemoryBuffer	Encrypt	TMemoryBuffer::Encrypt(wxString const&, unsigned long*, unsigned long)
551846	_Z34ix86_override_options_after_changev_49	todo	(free function)	ix86_override_options_after_change	ix86_override_options_after_change()
551869	_ZN11TMemoryFileC2Ev	todo	TMemoryFile	TMemoryFile	TMemoryFile::TMemoryFile()
551884	_ZN11TMemoryFileD2Ev	todo	TMemoryFile	~TMemoryFile	TMemoryFile::~TMemoryFile()
551910	_ZN11TMemoryFile12DetachBufferEv	todo	TMemoryFile	DetachBuffer	TMemoryFile::DetachBuffer()
551925	_ZN11TMemoryFile9GetBufferEv	todo	TMemoryFile	GetBuffer	TMemoryFile::GetBuffer()
552048	_ZNK11TMemoryFile7GetSizeEv	todo	TMemoryFile	GetSize	TMemoryFile::GetSize() const
552064	_ZN11TMemoryFile13ReleaseMemoryEv	todo	TMemoryFile	ReleaseMemory	TMemoryFile::ReleaseMemory()
552091	_ZN11TMemoryFile7ReserveEl	todo	TMemoryFile	Reserve	TMemoryFile::Reserve(long)
552164	_Z34ix86_override_options_after_changev_50	todo	(free function)	ix86_override_options_after_change	ix86_override_options_after_change()
552187	_ZN14TStandardPathsD2Ev	todo	TStandardPaths	~TStandardPaths	TStandardPaths::~TStandardPaths()
552203	_ZN14TStandardPathsD0Ev	todo	TStandardPaths	~TStandardPaths	TStandardPaths::~TStandardPaths()
552219	_ZN14TStandardPathsC2Ev	todo	TStandardPaths	TStandardPaths	TStandardPaths::TStandardPaths()
552234	_ZN14TStandardPaths9SetEditorEb	todo	TStandardPaths	SetEditor	TStandardPaths::SetEditor(bool)
552250	_ZN14TStandardPaths14SetUseLocalDirEb	todo	TStandardPaths	SetUseLocalDir	TStandardPaths::SetUseLocalDir(bool)
552267	_ZN14TStandardPaths22InitGameAndCompanyNameERK8wxStringS2_S2_	todo	TStandardPaths	InitGameAndCompanyName	TStandardPaths::InitGameAndCompanyName(wxString const&, wxString const&, wxString const&)
552303	_ZN14TStandardPaths13GetLogFileDirEv	todo	TStandardPaths	GetLogFileDir	TStandardPaths::GetLogFileDir()
552838	_ZN14TStandardPaths12GetConfigDirEv	todo	TStandardPaths	GetConfigDir	TStandardPaths::GetConfigDir()
553262	_ZN14TStandardPaths15GetResourcesDirEb	todo	TStandardPaths	GetResourcesDir	TStandardPaths::GetResourcesDir(bool)
553296	_ZN14TStandardPaths15GetSavegamePathEv	todo	TStandardPaths	GetSavegamePath	TStandardPaths::GetSavegamePath()
553340	_ZN14TStandardPaths10GetTempDirEv	todo	TStandardPaths	GetTempDir	TStandardPaths::GetTempDir()
553362	_ZN14TStandardPaths17GetExecutablePathEv	todo	TStandardPaths	GetExecutablePath	TStandardPaths::GetExecutablePath()
553383	_ZN14TStandardPaths14GetUserDataDirEv	todo	TStandardPaths	GetUserDataDir	TStandardPaths::GetUserDataDir()
553402	_GLOBAL__sub_I__ZN14TStandardPaths13s_isEditorAppE	todo	(free function)	_GLOBAL__sub_I__ZN14TStandardPaths13s_isEditorAppE	_GLOBAL__sub_I__ZN14TStandardPaths13s_isEditorAppE
553440	_ZN9TTempFile15DeleteTempFilesEv	todo	TTempFile	DeleteTempFiles	TTempFile::DeleteTempFiles()
553545	_ZN9TTempFile11AddTempFileERK8wxStringS2_	todo	TTempFile	AddTempFile	TTempFile::AddTempFile(wxString const&, wxString const&)
553922	_GLOBAL__sub_I__ZN4Geni6DBconn11_dbpoollockE_0	todo	(free function)	_GLOBAL__sub_I__ZN4Geni6DBconn11_dbpoollockE_0	_GLOBAL__sub_I__ZN4Geni6DBconn11_dbpoollockE_0
553952	_Z4SaltPc	todo	(free function)	Salt	Salt(char*)
554001	_Z7ShufflePc	todo	(free function)	Shuffle	Shuffle(char*)
554077	_Z7shufflePhm	todo	(free function)	shuffle	shuffle(unsigned char*, unsigned long)
554193	_Z16ManipulateForMD5Pc	todo	(free function)	ManipulateForMD5	ManipulateForMD5(char*)
554256	_Z8PrintMD5Ph	todo	(free function)	PrintMD5	PrintMD5(unsigned char*)
554434	_ZN3md54InitEv	todo	md5	Init	md5::Init()
554453	_ZN3md59TransformEPh	todo	md5	Transform	md5::Transform(unsigned char*)
555250	_Z10MD4_UpdateP7MD4_CTXPKhj	todo	(free function)	MD4_Update	MD4_Update(MD4_CTX*, unsigned char const*, unsigned int)
555357	_ZN3md58FinalizeEv	todo	md5	Finalize	md5::Finalize()
555612	_Z7MD5FilePc	todo	(free function)	MD5File	MD5File(char*)
555941	_Z9MD5StringPKcm	todo	(free function)	MD5String	MD5String(char const*, unsigned long)
556225	_ZN3md56EncodeEPhPjj	todo	md5	Encode	md5::Encode(unsigned char*, unsigned int*, unsigned int)
556285	_ZN3md56DecodeEPjPhj	todo	md5	Decode	md5::Decode(unsigned int*, unsigned char*, unsigned int)
556344	_Z34ix86_override_options_after_changev_51	todo	(free function)	ix86_override_options_after_change	ix86_override_options_after_change()
556367	_Z14ConvertFromLuaR7wxPointi	todo	(free function)	ConvertFromLua	ConvertFromLua(wxPoint&, int)
556442	_Z12ConvertToLuaRK7wxPoint	todo	(free function)	ConvertToLua	ConvertToLua(wxPoint const&)
556481	_Z14ConvertFromLuaR6wxRecti	todo	(free function)	ConvertFromLua	ConvertFromLua(wxRect&, int)
556594	_Z12ConvertToLuaRK6wxRect	todo	(free function)	ConvertToLua	ConvertToLua(wxRect const&)
556651	_Z14ConvertFromLuaR7TSpritei	todo	(free function)	ConvertFromLua	ConvertFromLua(TSprite&, int)
556849	_Z12ConvertToLuaRK7TSprite	todo	(free function)	ConvertToLua	ConvertToLua(TSprite const&)
557096	_Z14ConvertFromLuaR13TTextLanguagei	todo	(free function)	ConvertFromLua	ConvertFromLua(TTextLanguage&, int)
557204	_Z12ConvertToLuaRK13TTextLanguage	todo	(free function)	ConvertToLua	ConvertToLua(TTextLanguage const&)
557263	_Z12ConvertToLuaRKSt6vectorIiSaIiEE	todo	(free function)	ConvertToLua	ConvertToLua(std::vector<int, std::allocator<int> > const&)
557313	_Z12ConvertToLuaRKSt6vectorIfSaIfEE	todo	(free function)	ConvertToLua	ConvertToLua(std::vector<float, std::allocator<float> > const&)
557364	_Z12ConvertToLuaRKSt6vectorI7wxPointSaIS0_EE	todo	(free function)	ConvertToLua	ConvertToLua(std::vector<wxPoint, std::allocator<wxPoint> > const&)
557435	_Z12ConvertToLuaRKSt6vectorI13TTextLanguageSaIS0_EE	todo	(free function)	ConvertToLua	ConvertToLua(std::vector<TTextLanguage, std::allocator<TTextLanguage> > const&)
557487	_Z12ConvertToLuaRKSt6vectorI6wxRectSaIS0_EE	todo	(free function)	ConvertToLua	ConvertToLua(std::vector<wxRect, std::allocator<wxRect> > const&)
557576	_Z12ConvertToLuaRKSt6vectorI11TCharHolderSaIS0_EE	todo	(free function)	ConvertToLua	ConvertToLua(std::vector<TCharHolder, std::allocator<TCharHolder> > const&)
557632	_Z12ConvertToLuaRKSt6vectorI7TSpriteSaIS0_EE	todo	(free function)	ConvertToLua	ConvertToLua(std::vector<TSprite, std::allocator<TSprite> > const&)
557684	_Z14ConvertFromLuaRSt6vectorI7wxPointSaIS0_EEi	todo	(free function)	ConvertFromLua	ConvertFromLua(std::vector<wxPoint, std::allocator<wxPoint> >&, int)
557822	_Z14ConvertFromLuaRSt6vectorI6wxRectSaIS0_EEi	todo	(free function)	ConvertFromLua	ConvertFromLua(std::vector<wxRect, std::allocator<wxRect> >&, int)
557925	_Z14ConvertFromLuaRSt6vectorI7TSpriteSaIS0_EEi	todo	(free function)	ConvertFromLua	ConvertFromLua(std::vector<TSprite, std::allocator<TSprite> >&, int)
558061	_Z14ConvertFromLuaRSt6vectorIiSaIiEEi	todo	(free function)	ConvertFromLua	ConvertFromLua(std::vector<int, std::allocator<int> >&, int)
558160	_Z14ConvertFromLuaRSt6vectorIfSaIfEEi	todo	(free function)	ConvertFromLua	ConvertFromLua(std::vector<float, std::allocator<float> >&, int)
558329	_Z14ConvertFromLuaRSt6vectorI11TCharHolderSaIS0_EEi	todo	(free function)	ConvertFromLua	ConvertFromLua(std::vector<TCharHolder, std::allocator<TCharHolder> >&, int)
558449	_Z14ConvertFromLuaRSt6vectorI13TTextLanguageSaIS0_EEi	todo	(free function)	ConvertFromLua	ConvertFromLua(std::vector<TTextLanguage, std::allocator<TTextLanguage> >&, int)
558635	_ZN13TTextLanguageD2Ev	todo	TTextLanguage	~TTextLanguage	TTextLanguage::~TTextLanguage()
559349	_Z34ix86_override_options_after_changev_52	todo	(free function)	ix86_override_options_after_change	ix86_override_options_after_change()
559372	_ZN6TTimerC2Ev	todo	TTimer	TTimer	TTimer::TTimer()
559394	_ZN6TTimerD2Ev	todo	TTimer	~TTimer	TTimer::~TTimer()
559409	_ZNK6TTimer7GetTimeEv	todo	TTimer	GetTime	TTimer::GetTime() const
559437	_ZN6TTimer7SetTimeEv	todo	TTimer	SetTime	TTimer::SetTime()
559457	_ZN6TTimer11AdjustTimerEl	todo	TTimer	AdjustTimer	TTimer::AdjustTimer(long)
559473	_ZN6TTimer9WaitUntilEl	todo	TTimer	WaitUntil	TTimer::WaitUntil(long)
559488	_Z34ix86_override_options_after_changev_53	todo	(free function)	ix86_override_options_after_change	ix86_override_options_after_change()
559527	_Z5EnterPv	todo	(free function)	Enter	Enter(void*)
559546	_Z12DoStringHashIKwEmPT_	todo	(free function)	DoStringHash<wchar_t const>	unsigned long DoStringHash<wchar_t const>(wchar_t const*)
559589	_Z12DoStringHashIKcEmPT_	todo	(free function)	DoStringHash<char const>	unsigned long DoStringHash<char const>(char const*)
559663	_ZZN12wxFileConfig5FlushEvENKUlRK13ConfigSettingS2_E_clES2_S2__isra_6	todo	wxFileConfig	Flush	wxFileConfig::Flush()::{lambda(ConfigSetting const&, ConfigSetting const&)#1}::operator()(ConfigSetting const&, ConfigSetting const&) const
559793	_Z17file_get_contentsPKc	todo	(free function)	file_get_contents	file_get_contents(char const*)
559894	_Z20wxGetLocalTimeMillisv	todo	(free function)	wxGetLocalTimeMillis	wxGetLocalTimeMillis()
559911	_Z11timeGetTimev	todo	(free function)	timeGetTime	timeGetTime()
559925	_Z12wxMilliSleepl	todo	(free function)	wxMilliSleep	wxMilliSleep(long)
559982	_Z14wxGetLocalTimev	todo	(free function)	wxGetLocalTime	wxGetLocalTime()
560181	_ZeqRK7wxPointS1_	todo	(free function)	operator==	operator==(wxPoint const&, wxPoint const&)
560208	_ZneRK7wxPointS1_	todo	(free function)	operator!=	operator!=(wxPoint const&, wxPoint const&)
560235	_ZpLR7wxPointRKS_	todo	(free function)	operator+=	operator+=(wxPoint&, wxPoint const&)
560255	_ZmIR7wxPointRKS_	todo	(free function)	operator-=	operator-=(wxPoint&, wxPoint const&)
560275	_ZmlRK7wxPointRKf	todo	(free function)	operator*	operator*(wxPoint const&, float const&)
560299	_ZplRK7wxPointS1_	todo	(free function)	operator+	operator+(wxPoint const&, wxPoint const&)
560321	_ZmiRK7wxPointS1_	todo	(free function)	operator-	operator-(wxPoint const&, wxPoint const&)
560343	_ZngRK7wxPoint	todo	(free function)	operator-	operator-(wxPoint const&)
561236	_Z12wxInitializev	todo	(free function)	wxInitialize	wxInitialize()
561251	_Z14wxUninitializev	todo	(free function)	wxUninitialize	wxUninitialize()
562200	_Z16CheckIfDirExistsRK8wxString	todo	(free function)	CheckIfDirExists	CheckIfDirExists(wxString const&)
562321	_Z12fastMatchingR8wxStringS0_	todo	(free function)	fastMatching	fastMatching(wxString&, wxString&)
562692	_Z5toUTFP8wxStringPKc	todo	(free function)	toUTF	toUTF(wxString*, char const*)
562756	_Z9GetFolderi	todo	(free function)	GetFolder	GetFolder(int)
563470	_Z4toMBPSsPKw	todo	(free function)	toMB	toMB(std::basic_string<char, std::char_traits<char>, std::allocator<char> >*, wchar_t const*)
567004	_Z8wxStrlenPKw	todo	(free function)	wxStrlen	wxStrlen(wchar_t const*)
567033	_Z8wxStrlenPKc	todo	(free function)	wxStrlen	wxStrlen(char const*)
567061	_Z12wxStringHashRKSbIwSt11char_traitsIwESaIwEE	todo	(free function)	wxStringHash	wxStringHash(std::basic_string<wchar_t, std::char_traits<wchar_t>, std::allocator<wchar_t> > const&)
567078	_Z12wxStringHashPKw	todo	(free function)	wxStringHash	wxStringHash(wchar_t const*)
567093	_Z12wxStringHashRKSs	todo	(free function)	wxStringHash	wxStringHash(std::basic_string<char, std::char_traits<char>, std::allocator<char> > const&)
567109	_Z12wxStringHashPKc	todo	(free function)	wxStringHash	wxStringHash(char const*)
567124	_Z13wxStringEqualPKcS0_	todo	(free function)	wxStringEqual	wxStringEqual(char const*, char const*)
567143	_Z13wxIntegerHashi	todo	(free function)	wxIntegerHash	wxIntegerHash(int)
567158	_Z14wxIntegerEqualii	todo	(free function)	wxIntegerEqual	wxIntegerEqual(int, int)
567174	_Z12wxRemoveFile8wxString	todo	(free function)	wxRemoveFile	wxRemoveFile(wxString)
567318	_Z6wxStatRK10wxFileNameP12wxStructStat	todo	(free function)	wxStat	wxStat(wxFileName const&, wxStructStat*)
567442	_Z22wxFileModificationTimeRK8wxString	todo	(free function)	wxFileModificationTime	wxFileModificationTime(wxString const&)
567685	_Z13couldBeNumberR8wxString	todo	(free function)	couldBeNumber	couldBeNumber(wxString&)
568091	_Z10wxCopyFileRK8wxStringS1_	todo	(free function)	wxCopyFile	wxCopyFile(wxString const&, wxString const&)
568218	_Z13wxStringEqualRKSbIwSt11char_traitsIwESaIwEES4_	todo	(free function)	wxStringEqual	wxStringEqual(std::basic_string<wchar_t, std::char_traits<wchar_t>, std::allocator<wchar_t> > const&, std::basic_string<wchar_t, std::char_traits<wchar_t>, std::allocator<wchar_t> > const&)
568252	_Z8x_assertbPKcS0_i	todo	(free function)	x_assert	x_assert(bool, char const*, char const*, int)
569033	_Z22wxLaunchDefaultBrowserRK8wxString	todo	(free function)	wxLaunchDefaultBrowser	wxLaunchDefaultBrowser(wxString const&)
569571	_Z12wxRenameFile8wxStringS_	todo	(free function)	wxRenameFile	wxRenameFile(wxString, wxString)
569769	_Z10wxLangInitv	todo	(free function)	wxLangInit	wxLangInit()
579294	_ZN13ConfigSettingD2Ev	todo	ConfigSetting	~ConfigSetting	ConfigSetting::~ConfigSetting()
580456	_ZN13ConfigSettingC2ERKS_	todo	ConfigSetting	ConfigSetting	ConfigSetting::ConfigSetting(ConfigSetting const&)
580506	_ZN13ConfigSettingaSERKS_	todo	ConfigSetting	operator=	ConfigSetting::operator=(ConfigSetting const&)
581350	_ZNSbIwSt11char_traitsIwESaIwEE12_S_constructIPwEES4_T_S5_RKS1_St20forward_iterator_tag	todo	std::basic_string<wchar_t, std::char_traits<wchar_t>, std::allocator<wchar_t> >	_S_construct<wchar_t*>	wchar_t* std::basic_string<wchar_t, std::char_traits<wchar_t>, std::allocator<wchar_t> >::_S_construct<wchar_t*>(wchar_t*, wchar_t*, std::allocator<wchar_t> const&, std::forward_iterator_tag)
582955	_GLOBAL__sub_I__Z17file_get_contentsPKc	todo	(free function)	_GLOBAL__sub_I__Z17file_get_contentsPKc	_GLOBAL__sub_I__Z17file_get_contentsPKc
582998	_ZN7TSprite3SetERKS_	todo	TSprite	Set	TSprite::Set(TSprite const&)
583039	_ZN7TSpriteD2Ev	todo	TSprite	~TSprite	TSprite::~TSprite()
583078	_ZN7TSpriteD0Ev	todo	TSprite	~TSprite	TSprite::~TSprite()
583119	_ZN7TSpriteC2Ev	todo	TSprite	TSprite	TSprite::TSprite()
583190	_ZN7TSpriteC2ERKS_	todo	TSprite	TSprite	TSprite::TSprite(TSprite const&)
583283	_ZN7TSpriteC2ERK10wxFileName	todo	TSprite	TSprite	TSprite::TSprite(wxFileName const&)
583361	_ZNK7TSpriteeqERKS_	todo	TSprite	operator==	TSprite::operator==(TSprite const&) const
583446	_ZNK7TSprite15CmpReloadNeededERKS_	todo	TSprite	CmpReloadNeeded	TSprite::CmpReloadNeeded(TSprite const&) const
583635	_ZN7TSprite5ClearEv	todo	TSprite	Clear	TSprite::Clear()
583664	_ZNK7TSprite11ToLuaStringEv	todo	TSprite	ToLuaString	TSprite::ToLuaString() const
583939	_ZN7TSprite16SetFromLuaStringERK8wxString	todo	TSprite	SetFromLuaString	TSprite::SetFromLuaString(wxString const&)
584060	_ZNK7TSprite7GetNameEv	todo	TSprite	GetName	TSprite::GetName() const
584080	_ZN7TSprite7SetNameERK11TCharHolder	todo	TSprite	SetName	TSprite::SetName(TCharHolder const&)
584096	_ZN7TSprite12SetImageSizeEii	todo	TSprite	SetImageSize	TSprite::SetImageSize(int, int)
584113	_ZNK7TSprite8GetWidthEv	todo	TSprite	GetWidth	TSprite::GetWidth() const
584129	_ZNK7TSprite9GetHeightEv	todo	TSprite	GetHeight	TSprite::GetHeight() const
584145	_ZNK7TSprite7IsEmptyEv	todo	TSprite	IsEmpty	TSprite::IsEmpty() const
584165	_ZNK7TSprite11GetPositionEv	todo	TSprite	GetPosition	TSprite::GetPosition() const
584185	_ZN7TSprite15SetTransparencyE17eTransparencyModej	todo	TSprite	SetTransparency	TSprite::SetTransparency(eTransparencyMode, unsigned int)
584210	_ZNK7TSprite15GetTransparencyEv	todo	TSprite	GetTransparency	TSprite::GetTransparency() const
584227	_ZN7TSprite19SetTransparentColorERKj	todo	TSprite	SetTransparentColor	TSprite::SetTransparentColor(unsigned int const&)
584245	_ZNK7TSprite19GetTransparentColorEv	todo	TSprite	GetTransparentColor	TSprite::GetTransparentColor() const
584262	_ZNK7TSprite19IsTransparencyEqualERKS_	todo	TSprite	IsTransparencyEqual	TSprite::IsTransparencyEqual(TSprite const&) const
584298	_ZNK7TSprite7GetPathEv	todo	TSprite	GetPath	TSprite::GetPath() const
584319	_ZN7TSprite15GetPathNonConstEv	todo	TSprite	GetPathNonConst	TSprite::GetPathNonConst()
584336	_ZN7TSprite15GetNameNonConstEv	todo	TSprite	GetNameNonConst	TSprite::GetNameNonConst()
584353	_ZN7TSprite7SetPathERK11TCharHolder	todo	TSprite	SetPath	TSprite::SetPath(TCharHolder const&)
584370	_ZNK7TSprite10IsMirroredEv	todo	TSprite	IsMirrored	TSprite::IsMirrored() const
584388	_ZN7TSprite11SetMirroredEb	todo	TSprite	SetMirrored	TSprite::SetMirrored(bool)
584415	_ZNK7TSprite13GetSizedWidthEv	todo	TSprite	GetSizedWidth	TSprite::GetSizedWidth() const
584433	_ZNK7TSprite14GetSizedHeightEv	todo	TSprite	GetSizedHeight	TSprite::GetSizedHeight() const
584452	_ZN7TSprite11SetPositionERK7wxPointf	todo	TSprite	SetPosition	TSprite::SetPosition(wxPoint const&, float)
584475	_ZNK7TSprite7GetSizeEv	todo	TSprite	GetSize	TSprite::GetSize() const
584491	_ZN7TSprite8SetPauseEi	todo	TSprite	SetPause	TSprite::SetPause(int)
584507	_ZNK7TSprite8GetPauseEv	todo	TSprite	GetPause	TSprite::GetPause() const
584523	_Z34ix86_override_options_after_changev_54	todo	(free function)	ix86_override_options_after_change	ix86_override_options_after_change()
584546	_ZN10TTypeGroupC2Ei16eVisionaireTable9eSaveGameiiii	todo	TTypeGroup	TTypeGroup	TTypeGroup::TTypeGroup(int, eVisionaireTable, eSaveGame, int, int, int, int)
584587	_ZN10TTypeGroupC2Ei16eVisionaireTableii	todo	TTypeGroup	TTypeGroup	TTypeGroup::TTypeGroup(int, eVisionaireTable, int, int)
584621	_ZN10TTypeGroup9SetCreateEPFvP17TVisionaireObjectE	todo	TTypeGroup	SetCreate	TTypeGroup::SetCreate(void (*)(TVisionaireObject*))
584638	_ZN10TTypeGroup7SetInitEPFvP17TVisionaireObjectE	todo	TTypeGroup	SetInit	TTypeGroup::SetInit(void (*)(TVisionaireObject*))
584655	_ZN10TTypeGroup13SetNameInListEPF8wxStringPK17TVisionaireObjectE	todo	TTypeGroup	SetNameInList	TTypeGroup::SetNameInList(wxString (*)(TVisionaireObject const*))
584673	_ZNK10TTypeGroup8OnCreateEP17TVisionaireObject	todo	TTypeGroup	OnCreate	TTypeGroup::OnCreate(TVisionaireObject*) const
584698	_ZNK10TTypeGroup6OnInitEP17TVisionaireObject	todo	TTypeGroup	OnInit	TTypeGroup::OnInit(TVisionaireObject*) const
584723	_ZNK10TTypeGroup13GetNameInListEPK17TVisionaireObjectR8wxString	todo	TTypeGroup	GetNameInList	TTypeGroup::GetNameInList(TVisionaireObject const*, wxString&) const
584791	_ZN10TTypeGroup10ClearTypesEii	todo	TTypeGroup	ClearTypes	TTypeGroup::ClearTypes(int, int)
584849	_ZN10TTypeGroupaSERKS_	todo	TTypeGroup	operator=	TTypeGroup::operator=(TTypeGroup const&)
584872	_ZNK10TTypeGroup8GetTypesEv	todo	TTypeGroup	GetTypes	TTypeGroup::GetTypes() const
584888	_ZNK10TTypeGroup14GetNeededTypesEv	todo	TTypeGroup	GetNeededTypes	TTypeGroup::GetNeededTypes() const
584905	_ZNK10TTypeGroup14GetTypeElementEv	todo	TTypeGroup	GetTypeElement	TTypeGroup::GetTypeElement() const
584921	_ZNK10TTypeGroup14GetDescriptionEv	todo	TTypeGroup	GetDescription	TTypeGroup::GetDescription() const
584938	_ZNK10TTypeGroup12GetVersionInEv	todo	TTypeGroup	GetVersionIn	TTypeGroup::GetVersionIn() const
584954	_ZNK10TTypeGroup13GetVersionOutEv	todo	TTypeGroup	GetVersionOut	TTypeGroup::GetVersionOut() const
584970	_ZNK10TTypeGroup15GetSaveGameTypeEv	todo	TTypeGroup	GetSaveGameType	TTypeGroup::GetSaveGameType() const
584987	_ZNK10TTypeGroup11GetSizeDataEv	todo	TTypeGroup	GetSizeData	TTypeGroup::GetSizeData() const
585004	_ZNK10TTypeGroup15GetSizeTempDataEv	todo	TTypeGroup	GetSizeTempData	TTypeGroup::GetSizeTempData() const
585021	_ZNK10TTypeGroup21IsFittingSaveGameTypeEb	todo	TTypeGroup	IsFittingSaveGameType	TTypeGroup::IsFittingSaveGameType(bool) const
585065	_ZNK10TTypeGroup20AppliesToFileVersionERK8TVedFile	todo	TTypeGroup	AppliesToFileVersion	TTypeGroup::AppliesToFileVersion(TVedFile const&) const
585134	_ZNK10TTypeGroup11GetTypeDataEi	todo	TTypeGroup	GetTypeData	TTypeGroup::GetTypeData(int) const
585293	_ZNK10TTypeGroup14GetTypeDataPtrEi	todo	TTypeGroup	GetTypeDataPtr	TTypeGroup::GetTypeDataPtr(int) const
585339	_ZNK10TTypeGroup7GetTypeEib	todo	TTypeGroup	GetType	TTypeGroup::GetType(int, bool) const
585473	_ZNK10TTypeGroup11GetTypeLinkEi	todo	TTypeGroup	GetTypeLink	TTypeGroup::GetTypeLink(int) const
585525	_ZN10TTypeGroup12SetScrambledEi	todo	TTypeGroup	SetScrambled	TTypeGroup::SetScrambled(int)
585639	_ZN10TTypeGroupD2Ev	todo	TTypeGroup	~TTypeGroup	TTypeGroup::~TTypeGroup()
585714	_ZN10TTypeGroupC2ERKS_	todo	TTypeGroup	TTypeGroup	TTypeGroup::TTypeGroup(TTypeGroup const&)
585762	_ZN10TTypeGroup16SetupNeededTypesEbbb	todo	TTypeGroup	SetupNeededTypes	TTypeGroup::SetupNeededTypes(bool, bool, bool)
585963	_ZN10TTypeGroup7AddTypeERK9TTypeData	todo	TTypeGroup	AddType	TTypeGroup::AddType(TTypeData const&)
586456	_Z34ix86_override_options_after_changev_55	todo	(free function)	ix86_override_options_after_change	ix86_override_options_after_change()
586479	_Z8cmpOrderPK17TVisionaireObjectS1_	todo	(free function)	cmpOrder	cmpOrder(TVisionaireObject const*, TVisionaireObject const*)
586522	_ZN6TVListD2Ev	todo	TVList	~TVList	TVList::~TVList()
586597	_ZN6TVList5clearEv	todo	TVList	clear	TVList::clear()
586648	_ZN6TVList5eraseEN9__gnu_cxx17__normal_iteratorIPP17TVisionaireObjectSt6vectorIS3_SaIS3_EEEE	todo	TVList	erase	TVList::erase(__gnu_cxx::__normal_iterator<TVisionaireObject**, std::vector<TVisionaireObject*, std::allocator<TVisionaireObject*> > >)
586720	_ZN6TVList2atEi	todo	TVList	at	TVList::at(int)
586749	_ZN6TVList5frontEv	todo	TVList	front	TVList::front()
586765	_ZN6TVList4backEv	todo	TVList	back	TVList::back()
586781	_ZN6TVList5beginEv	todo	TVList	begin	TVList::begin()
586797	_ZN6TVList3endEv	todo	TVList	end	TVList::end()
586813	_ZN6TVList6rbeginEv	todo	TVList	rbegin	TVList::rbegin()
586831	_ZN6TVList4rendEv	todo	TVList	rend	TVList::rend()
586849	_ZNK6TVList5beginEv	todo	TVList	begin	TVList::begin() const
586865	_ZNK6TVList3endEv	todo	TVList	end	TVList::end() const
586881	_ZN6TVList8pop_backEv	todo	TVList	pop_back	TVList::pop_back()
586940	_ZNK6TVList4sizeEv	todo	TVList	size	TVList::size() const
586958	_ZNK6TVList5emptyEv	todo	TVList	empty	TVList::empty() const
586976	_ZN3TIdC2ERKS_	todo	TId	TId	TId::TId(TId const&)
586997	_ZN3TIdC2Eii	todo	TId	TId	TId::TId(int, int)
587019	_ZNK3TIdeqERKS_	todo	TId	operator==	TId::operator==(TId const&) const
587066	_ZNK3TIdneERKS_	todo	TId	operator!=	TId::operator!=(TId const&) const
587114	_Z6PackIdRK3TId	todo	(free function)	PackId	PackId(TId const&)
587148	_Z8UnpackIdl	todo	(free function)	UnpackId	UnpackId(long)
587176	_Z5cmpIdPK17TVisionaireObjectS1_	todo	(free function)	cmpId	cmpId(TVisionaireObject const*, TVisionaireObject const*)
587215	_Z7cmpNamePK17TVisionaireObjectS1_	todo	(free function)	cmpName	cmpName(TVisionaireObject const*, TVisionaireObject const*)
587318	_ZN17TVisionaireObject16SetNameNewObjectERK11TCharHolder	todo	TVisionaireObject	SetNameNewObject	TVisionaireObject::SetNameNewObject(TCharHolder const&)
587335	_ZN17TVisionaireObject16GetNameNewObjectEv	todo	TVisionaireObject	GetNameNewObject	TVisionaireObject::GetNameNewObject()
587353	_ZN17TVisionaireObjectC2EP11TVisionaire	todo	TVisionaireObject	TVisionaireObject	TVisionaireObject::TVisionaireObject(TVisionaire*)
587387	_ZN17TVisionaireObjectC2EbP11TVisionaire	todo	TVisionaireObject	TVisionaireObject	TVisionaireObject::TVisionaireObject(bool, TVisionaire*)
587421	_ZN17TVisionaireObjectC2EiiiP11TVisionairePK10TTypeGroupb	todo	TVisionaireObject	TVisionaireObject	TVisionaireObject::TVisionaireObject(int, int, int, TVisionaire*, TTypeGroup const*, bool)
587508	_ZN17TVisionaireObject4InitEPS_i	todo	TVisionaireObject	Init	TVisionaireObject::Init(TVisionaireObject*, int)
587560	_ZN17TVisionaireObject12SetLuaObjectEi	todo	TVisionaireObject	SetLuaObject	TVisionaireObject::SetLuaObject(int)
587577	_ZN17TVisionaireObject12GetLuaObjectEv	todo	TVisionaireObject	GetLuaObject	TVisionaireObject::GetLuaObject()
587595	_ZN17TVisionaireObject12GetReferenceEv	todo	TVisionaireObject	GetReference	TVisionaireObject::GetReference()
587613	_ZN17TVisionaireObject7ReleaseEv	todo	TVisionaireObject	Release	TVisionaireObject::Release()
587652	_ZNK17TVisionaireObject13GetVisionaireEv	todo	TVisionaireObject	GetVisionaire	TVisionaireObject::GetVisionaire() const
587669	_ZN17TVisionaireObject12GetTypeGroupEv	todo	TVisionaireObject	GetTypeGroup	TVisionaireObject::GetTypeGroup()
587685	_ZNK17TVisionaireObject9GetParentEv	todo	TVisionaireObject	GetParent	TVisionaireObject::GetParent() const
587727	_ZNK17TVisionaireObject14GetParentFieldEv	todo	TVisionaireObject	GetParentField	TVisionaireObject::GetParentField() const
587744	_ZNK17TVisionaireObject15IsMemoryBlockedEv	todo	TVisionaireObject	IsMemoryBlocked	TVisionaireObject::IsMemoryBlocked() const
587763	_ZNK17TVisionaireObject5GetIdEv	todo	TVisionaireObject	GetId	TVisionaireObject::GetId() const
587780	_ZNK17TVisionaireObject7IsEmptyEv	todo	TVisionaireObject	IsEmpty	TVisionaireObject::IsEmpty() const
587817	_ZNK17TVisionaireObject11IsAnyObjectEv	todo	TVisionaireObject	IsAnyObject	TVisionaireObject::IsAnyObject() const
587835	_ZNK17TVisionaireObject11IsTemporaryEv	todo	TVisionaireObject	IsTemporary	TVisionaireObject::IsTemporary() const
587876	_ZN17TVisionaireObject12SetTemporaryEb	todo	TVisionaireObject	SetTemporary	TVisionaireObject::SetTemporary(bool)
587916	_ZN17TVisionaireObjectaSERKS_	todo	TVisionaireObject	operator=	TVisionaireObject::operator=(TVisionaireObject const&)
587939	_ZN17TVisionaireObjectaSEPKS_	todo	TVisionaireObject	operator=	TVisionaireObject::operator=(TVisionaireObject const*)
587962	_ZNK17TVisionaireObjecteqERKS_	todo	TVisionaireObject	operator==	TVisionaireObject::operator==(TVisionaireObject const&) const
588075	_ZNK17TVisionaireObject11GetTypeLinkEi	todo	TVisionaireObject	GetTypeLink	TVisionaireObject::GetTypeLink(int) const
588122	_ZNK17TVisionaireObject12GetTypeFieldEi	todo	TVisionaireObject	GetTypeField	TVisionaireObject::GetTypeField(int) const
588170	_ZN17TVisionaireObject7SetNameERK11TCharHolder	todo	TVisionaireObject	SetName	TVisionaireObject::SetName(TCharHolder const&)
588355	_ZNK17TVisionaireObject7GetNameEv	todo	TVisionaireObject	GetName	TVisionaireObject::GetName() const
588415	_ZNK17TVisionaireObject18GetNameWithParentsEi	todo	TVisionaireObject	GetNameWithParents	TVisionaireObject::GetNameWithParents(int) const
588745	_ZNK17TVisionaireObject13GetNameInListEv	todo	TVisionaireObject	GetNameInList	TVisionaireObject::GetNameInList() const
588889	_ZN17TVisionaireObject11ChangeOrderE14TMoveOrderEnum	todo	TVisionaireObject	ChangeOrder	TVisionaireObject::ChangeOrder(TMoveOrderEnum)
588940	_ZN17TVisionaireObject8SetOrderEi	todo	TVisionaireObject	SetOrder	TVisionaireObject::SetOrder(int)
588962	_ZNK17TVisionaireObject8GetOrderEv	todo	TVisionaireObject	GetOrder	TVisionaireObject::GetOrder() const
588990	_ZNK17TVisionaireObject15GetLastModifiedEv	todo	TVisionaireObject	GetLastModified	TVisionaireObject::GetLastModified() const
589031	_ZN17TVisionaireObject15SetLastModifiedEl	todo	TVisionaireObject	SetLastModified	TVisionaireObject::SetLastModified(long)
589075	_ZN17TVisionaireObject15SetLastModifiedEv	todo	TVisionaireObject	SetLastModified	TVisionaireObject::SetLastModified()
589120	_ZN17TVisionaireObject8SetValueEiPv9eTypeData14TSendEventEnum	todo	TVisionaireObject	SetValue	TVisionaireObject::SetValue(int, void*, eTypeData, TSendEventEnum)
589204	_ZNK17TVisionaireObject12IsFieldEmptyEi	todo	TVisionaireObject	IsFieldEmpty	TVisionaireObject::IsFieldEmpty(int) const
589250	_ZNK17TVisionaireObject8GetValueEi9eTypeData	todo	TVisionaireObject	GetValue	TVisionaireObject::GetValue(int, eTypeData) const
589292	_ZNK17TVisionaireObject8GetTextsEiPPSt6vectorI13TTextLanguageSaIS1_EE	todo	TVisionaireObject	GetTexts	TVisionaireObject::GetTexts(int, std::vector<TTextLanguage, std::allocator<TTextLanguage> >**) const
589398	_ZNK17TVisionaireObject8GetPathsEiPPSt6vectorI11TCharHolderSaIS1_EE	todo	TVisionaireObject	GetPaths	TVisionaireObject::GetPaths(int, std::vector<TCharHolder, std::allocator<TCharHolder> >**) const
589460	_ZNK17TVisionaireObject6GetIntEi	todo	TVisionaireObject	GetInt	TVisionaireObject::GetInt(int) const
589515	_ZNK17TVisionaireObject8GetFloatEi	todo	TVisionaireObject	GetFloat	TVisionaireObject::GetFloat(int) const
589570	_ZNK17TVisionaireObject7GetBoolEi	todo	TVisionaireObject	GetBool	TVisionaireObject::GetBool(int) const
589625	_ZNK17TVisionaireObject6GetStrEi	todo	TVisionaireObject	GetStr	TVisionaireObject::GetStr(int) const
589740	_ZNK17TVisionaireObject12GetStrHolderEi	todo	TVisionaireObject	GetStrHolder	TVisionaireObject::GetStrHolder(int) const
589856	_ZNK17TVisionaireObject7GetPathEi	todo	TVisionaireObject	GetPath	TVisionaireObject::GetPath(int) const
589982	_ZNK17TVisionaireObject8GetPointEi	todo	TVisionaireObject	GetPoint	TVisionaireObject::GetPoint(int) const
590067	_ZNK17TVisionaireObject7GetRectEi	todo	TVisionaireObject	GetRect	TVisionaireObject::GetRect(int) const
590154	_ZNK17TVisionaireObject9GetSpriteEi	todo	TVisionaireObject	GetSprite	TVisionaireObject::GetSprite(int) const
590251	_ZNK17TVisionaireObject7GetLinkEi	todo	TVisionaireObject	GetLink	TVisionaireObject::GetLink(int) const
590357	_ZNK17TVisionaireObject9GetLinkIdEi	todo	TVisionaireObject	GetLinkId	TVisionaireObject::GetLinkId(int) const
590454	_ZN17TVisionaireObject23GetLinkByNameIgnoreCaseERK8wxStringi	todo	TVisionaireObject	GetLinkByNameIgnoreCase	TVisionaireObject::GetLinkByNameIgnoreCase(wxString const&, int)
590603	_ZN17TVisionaireObject13GetLinkByNameERK8wxStringi	todo	TVisionaireObject	GetLinkByName	TVisionaireObject::GetLinkByName(wxString const&, int)
590762	_ZNK17TVisionaireObject7GetListEiR6TVList	todo	TVisionaireObject	GetList	TVisionaireObject::GetList(int, TVList&) const
590853	_ZNK17TVisionaireObject16GetLinksListSizeEi	todo	TVisionaireObject	GetLinksListSize	TVisionaireObject::GetLinksListSize(int) const
591029	_ZNK17TVisionaireObject20GetLinksHighestOrderEi	todo	TVisionaireObject	GetLinksHighestOrder	TVisionaireObject::GetLinksHighestOrder(int) const
591138	_ZN17TVisionaireObject8SetValueEib14TSendEventEnum	todo	TVisionaireObject	SetValue	TVisionaireObject::SetValue(int, bool, TSendEventEnum)
591200	_ZN17TVisionaireObject8SetValueEii14TSendEventEnum	todo	TVisionaireObject	SetValue	TVisionaireObject::SetValue(int, int, TSendEventEnum)
591260	_ZN17TVisionaireObject8SetValueEif14TSendEventEnum	todo	TVisionaireObject	SetValue	TVisionaireObject::SetValue(int, float, TSendEventEnum)
591320	_ZN17TVisionaireObject8SetValueEiRK11TCharHolder14TSendEventEnum	todo	TVisionaireObject	SetValue	TVisionaireObject::SetValue(int, TCharHolder const&, TSendEventEnum)
591375	_ZN17TVisionaireObject8SetValueEiRK7wxPoint14TSendEventEnum	todo	TVisionaireObject	SetValue	TVisionaireObject::SetValue(int, wxPoint const&, TSendEventEnum)
591429	_ZN17TVisionaireObject8SetValueEiRK6wxRect14TSendEventEnum	todo	TVisionaireObject	SetValue	TVisionaireObject::SetValue(int, wxRect const&, TSendEventEnum)
591484	_ZN17TVisionaireObject8SetValueEiRK10wxFileName14TSendEventEnum	todo	TVisionaireObject	SetValue	TVisionaireObject::SetValue(int, wxFileName const&, TSendEventEnum)
591570	_ZN17TVisionaireObject8SetValueEiRK8wxString14TSendEventEnum	todo	TVisionaireObject	SetValue	TVisionaireObject::SetValue(int, wxString const&, TSendEventEnum)
591655	_ZN17TVisionaireObject8SetValueEiRK7TSprite14TSendEventEnum	todo	TVisionaireObject	SetValue	TVisionaireObject::SetValue(int, TSprite const&, TSendEventEnum)
591710	_ZN17TVisionaireObject8SetValueEiRKSt6vectorI6wxRectSaIS1_EE14TSendEventEnum	todo	TVisionaireObject	SetValue	TVisionaireObject::SetValue(int, std::vector<wxRect, std::allocator<wxRect> > const&, TSendEventEnum)
591765	_ZN17TVisionaireObject8SetValueEiRKSt6vectorI7TSpriteSaIS1_EE14TSendEventEnum	todo	TVisionaireObject	SetValue	TVisionaireObject::SetValue(int, std::vector<TSprite, std::allocator<TSprite> > const&, TSendEventEnum)
591820	_ZN17TVisionaireObject8SetValueEiRKSt6vectorI7wxPointSaIS1_EE14TSendEventEnum	todo	TVisionaireObject	SetValue	TVisionaireObject::SetValue(int, std::vector<wxPoint, std::allocator<wxPoint> > const&, TSendEventEnum)
591875	_ZN17TVisionaireObject8SetValueEiRKSt6vectorI11TCharHolderSaIS1_EE14TSendEventEnum	todo	TVisionaireObject	SetValue	TVisionaireObject::SetValue(int, std::vector<TCharHolder, std::allocator<TCharHolder> > const&, TSendEventEnum)
591929	_ZN17TVisionaireObject11SetPathListEiRKSt6vectorI11TCharHolderSaIS1_EE14TSendEventEnum	todo	TVisionaireObject	SetPathList	TVisionaireObject::SetPathList(int, std::vector<TCharHolder, std::allocator<TCharHolder> > const&, TSendEventEnum)
591983	_ZN17TVisionaireObject8SetValueEiRKSt6vectorIiSaIiEE14TSendEventEnum	todo	TVisionaireObject	SetValue	TVisionaireObject::SetValue(int, std::vector<int, std::allocator<int> > const&, TSendEventEnum)
592037	_ZN17TVisionaireObject8SetValueEiRKSt6vectorIfSaIfEE14TSendEventEnum	todo	TVisionaireObject	SetValue	TVisionaireObject::SetValue(int, std::vector<float, std::allocator<float> > const&, TSendEventEnum)
592091	_ZN17TVisionaireObject8SetValueEiRKSt6vectorI13TTextLanguageSaIS1_EE14TSendEventEnum	todo	TVisionaireObject	SetValue	TVisionaireObject::SetValue(int, std::vector<TTextLanguage, std::allocator<TTextLanguage> > const&, TSendEventEnum)
592146	_ZN17TVisionaireObject9ClearLinkEib	todo	TVisionaireObject	ClearLink	TVisionaireObject::ClearLink(int, bool)
592189	_ZN17TVisionaireObject16SetLinkAnyObjectEib	todo	TVisionaireObject	SetLinkAnyObject	TVisionaireObject::SetLinkAnyObject(int, bool)
592232	_ZN17TVisionaireObject7SetLinkEiRK3TIdb	todo	TVisionaireObject	SetLink	TVisionaireObject::SetLink(int, TId const&, bool)
592274	_ZN17TVisionaireObject10RemoveLinkEiRK3TIdb	todo	TVisionaireObject	RemoveLink	TVisionaireObject::RemoveLink(int, TId const&, bool)
592316	_ZN17TVisionaireObject8SetValueEiRK6TVListb	todo	TVisionaireObject	SetValue	TVisionaireObject::SetValue(int, TVList const&, bool)
592508	_ZNK17TVisionaireObject8IsLinkedEiPKS_	todo	TVisionaireObject	IsLinked	TVisionaireObject::IsLinked(int, TVisionaireObject const*) const
592740	_ZN17TVisionaireObject11CopyContentEPKS_bPSt6vectorIiSaIiEE	todo	TVisionaireObject	CopyContent	TVisionaireObject::CopyContent(TVisionaireObject const*, bool, std::vector<int, std::allocator<int> >*)
592878	_ZNK17TVisionaireObject13GetSizeMemoryEbb	todo	TVisionaireObject	GetSizeMemory	TVisionaireObject::GetSizeMemory(bool, bool) const
592921	_ZNK17TVisionaireObject18GetLinksSizeMemoryEi	todo	TVisionaireObject	GetLinksSizeMemory	TVisionaireObject::GetLinksSizeMemory(int) const
593023	_ZN17TVisionaireObject20RegisterEventHandlerEP22TEventHandlerInterface10TEventEnum	todo	TVisionaireObject	RegisterEventHandler	TVisionaireObject::RegisterEventHandler(TEventHandlerInterface*, TEventEnum)
593063	_ZN17TVisionaireObject22UnRegisterEventHandlerEP22TEventHandlerInterface	todo	TVisionaireObject	UnRegisterEventHandler	TVisionaireObject::UnRegisterEventHandler(TEventHandlerInterface*)
593103	_ZN17TVisionaireObject6RemoveEbb	todo	TVisionaireObject	Remove	TVisionaireObject::Remove(bool, bool)
593292	_ZN17TVisionaireObjectD2Ev	todo	TVisionaireObject	~TVisionaireObject	TVisionaireObject::~TVisionaireObject()
593445	_ZN17TVisionaireObjectD0Ev	todo	TVisionaireObject	~TVisionaireObject	TVisionaireObject::~TVisionaireObject()
593465	_ZNK17TVisionaireObject8GetRectsEiRSt6vectorI6wxRectSaIS1_EE	todo	TVisionaireObject	GetRects	TVisionaireObject::GetRects(int, std::vector<wxRect, std::allocator<wxRect> >&) const
593529	_ZNK17TVisionaireObject9GetPointsEiRSt6vectorI7wxPointSaIS1_EE	todo	TVisionaireObject	GetPoints	TVisionaireObject::GetPoints(int, std::vector<wxPoint, std::allocator<wxPoint> >&) const
593593	_ZNK17TVisionaireObject10GetSpritesEiRSt6vectorI7TSpriteSaIS1_EE	todo	TVisionaireObject	GetSprites	TVisionaireObject::GetSprites(int, std::vector<TSprite, std::allocator<TSprite> >&) const
593657	_ZNK17TVisionaireObject8GetPathsEiRSt6vectorI11TCharHolderSaIS1_EE	todo	TVisionaireObject	GetPaths	TVisionaireObject::GetPaths(int, std::vector<TCharHolder, std::allocator<TCharHolder> >&) const
593721	_ZNK17TVisionaireObject10GetStringsEiRSt6vectorI11TCharHolderSaIS1_EE	todo	TVisionaireObject	GetStrings	TVisionaireObject::GetStrings(int, std::vector<TCharHolder, std::allocator<TCharHolder> >&) const
593784	_ZNK17TVisionaireObject7GetIntsEiRSt6vectorIiSaIiEE	todo	TVisionaireObject	GetInts	TVisionaireObject::GetInts(int, std::vector<int, std::allocator<int> >&) const
593848	_ZNK17TVisionaireObject9GetFloatsEiRSt6vectorIfSaIfEE	todo	TVisionaireObject	GetFloats	TVisionaireObject::GetFloats(int, std::vector<float, std::allocator<float> >&) const
593912	_ZN6TVList9push_backERK10TVisObjRef	todo	TVList	push_back	TVList::push_back(TVisObjRef const&)
593980	_ZN6TVList6insertEN9__gnu_cxx17__normal_iteratorIPP17TVisionaireObjectSt6vectorIS3_SaIS3_EEEERS2_	todo	TVList	insert	TVList::insert(__gnu_cxx::__normal_iterator<TVisionaireObject**, std::vector<TVisionaireObject*, std::allocator<TVisionaireObject*> > >, TVisionaireObject&)
594025	_ZN6TVList6insertEN9__gnu_cxx17__normal_iteratorIPP17TVisionaireObjectSt6vectorIS3_SaIS3_EEEERK10TVisObjRef	todo	TVList	insert	TVList::insert(__gnu_cxx::__normal_iterator<TVisionaireObject**, std::vector<TVisionaireObject*, std::allocator<TVisionaireObject*> > >, TVisObjRef const&)
594114	_ZN6TVListaSERKS_	todo	TVList	operator=	TVList::operator=(TVList const&)
594219	_ZN6TVList9push_backEP17TVisionaireObject	todo	TVList	push_back	TVList::push_back(TVisionaireObject*)
594290	_ZNK17TVisionaireObject18GetObjectsLinkedToER6TVListRSt6vectorIiSaIiEE	todo	TVisionaireObject	GetObjectsLinkedTo	TVisionaireObject::GetObjectsLinkedTo(TVList&, std::vector<int, std::allocator<int> >&) const
594476	_ZNK17TVisionaireObject11GetChildrenER6TVList	todo	TVisionaireObject	GetChildren	TVisionaireObject::GetChildren(TVList&) const
594785	_ZN6TVList4copyERKS_	todo	TVList	copy	TVList::copy(TVList const&)
594889	_ZN17TVisionaireObject14ContainsLinkToERKS_RSt6vectorIiSaIiEERS2_IbSaIbEES8_	todo	TVisionaireObject	ContainsLinkTo	TVisionaireObject::ContainsLinkTo(TVisionaireObject const&, std::vector<int, std::allocator<int> >&, std::vector<bool, std::allocator<bool> >&, std::vector<bool, std::allocator<bool> >&)
595326	_ZNK17TVisionaireObject12GetTextsCopyEiRSt6vectorI13TTextLanguageSaIS1_EE	todo	TVisionaireObject	GetTextsCopy	TVisionaireObject::GetTextsCopy(int, std::vector<TTextLanguage, std::allocator<TTextLanguage> >&) const
595390	_ZNK17TVisionaireObject8GetLinksEi10eTypeOrderR6TVList	todo	TVisionaireObject	GetLinks	TVisionaireObject::GetLinks(int, eTypeOrder, TVList&) const
597579	_GLOBAL__sub_I_AnyId	todo	(free function)	_GLOBAL__sub_I_AnyId	_GLOBAL__sub_I_AnyId
597612	_ZN10TVisObjRefC2Ev	todo	TVisObjRef	TVisObjRef	TVisObjRef::TVisObjRef()
597628	_ZN10TVisObjRefC2EPK17TVisionaireObject	todo	TVisObjRef	TVisObjRef	TVisObjRef::TVisObjRef(TVisionaireObject const*)
597659	_ZN10TVisObjRefC2ERK17TVisionaireObject	todo	TVisObjRef	TVisObjRef	TVisObjRef::TVisObjRef(TVisionaireObject const&)
597681	_ZN10TVisObjRefD2Ev	todo	TVisObjRef	~TVisObjRef	TVisObjRef::~TVisObjRef()
597706	_ZN10TVisObjRef5ClearEv	todo	TVisObjRef	Clear	TVisObjRef::Clear()
597731	_ZN10TVisObjRef6RemoveEv	todo	TVisObjRef	Remove	TVisObjRef::Remove()
597758	_ZN10TVisObjRefC2ERKS_	todo	TVisObjRef	TVisObjRef	TVisObjRef::TVisObjRef(TVisObjRef const&)
597788	_ZN10TVisObjRefaSERKS_	todo	TVisObjRef	operator=	TVisObjRef::operator=(TVisObjRef const&)
597831	_ZNK10TVisObjRefeqERKS_	todo	TVisObjRef	operator==	TVisObjRef::operator==(TVisObjRef const&) const
597873	_ZNK10TVisObjRefeqERK17TVisionaireObject	todo	TVisObjRef	operator==	TVisObjRef::operator==(TVisionaireObject const&) const
597898	_ZN10TVisObjRef3SetEP17TVisionaireObject	todo	TVisObjRef	Set	TVisObjRef::Set(TVisionaireObject*)
597940	_ZNK10TVisObjRef16GetObjectPointerEv	todo	TVisObjRef	GetObjectPointer	TVisObjRef::GetObjectPointer() const
597957	_ZNK10TVisObjRef12GetReferenceEv	todo	TVisObjRef	GetReference	TVisObjRef::GetReference() const
597982	_ZNK10TVisObjRef7IsEmptyEv	todo	TVisObjRef	IsEmpty	TVisObjRef::IsEmpty() const
598006	_ZNK10TVisObjRef11IsAnyObjectEv	todo	TVisObjRef	IsAnyObject	TVisObjRef::IsAnyObject() const
598031	_ZNK10TVisObjRef11GetTypeLinkEi	todo	TVisObjRef	GetTypeLink	TVisObjRef::GetTypeLink(int) const
598055	_ZNK10TVisObjRef12GetTypeFieldEi	todo	TVisObjRef	GetTypeField	TVisObjRef::GetTypeField(int) const
598080	_ZNK10TVisObjRef9GetParentEv	todo	TVisObjRef	GetParent	TVisObjRef::GetParent() const
598177	_ZNK10TVisObjRef14GetParentFieldEv	todo	TVisObjRef	GetParentField	TVisObjRef::GetParentField() const
598202	_ZNK10TVisObjRef5GetIdEv	todo	TVisObjRef	GetId	TVisObjRef::GetId() const
598257	_ZNK10TVisObjRef8GetOrderEv	todo	TVisObjRef	GetOrder	TVisObjRef::GetOrder() const
598280	_ZN10TVisObjRef11ChangeOrderE14TMoveOrderEnum	todo	TVisObjRef	ChangeOrder	TVisObjRef::ChangeOrder(TMoveOrderEnum)
598305	_ZN10TVisObjRef7SetNameERK11TCharHolder	todo	TVisObjRef	SetName	TVisObjRef::SetName(TCharHolder const&)
598330	_ZNK10TVisObjRef7GetNameEv	todo	TVisObjRef	GetName	TVisObjRef::GetName() const
598389	_ZNK10TVisObjRef18GetNameWithParentsEi	todo	TVisObjRef	GetNameWithParents	TVisObjRef::GetNameWithParents(int) const
598469	_ZNK10TVisObjRef11GetChildrenER6TVList	todo	TVisObjRef	GetChildren	TVisObjRef::GetChildren(TVList&) const
598493	_ZN10TVisObjRef23GetLinkByNameIgnoreCaseERK8wxStringiRS_	todo	TVisObjRef	GetLinkByNameIgnoreCase	TVisObjRef::GetLinkByNameIgnoreCase(wxString const&, int, TVisObjRef&)
598541	_ZN10TVisObjRef13GetLinkByNameERK8wxStringiRS_	todo	TVisObjRef	GetLinkByName	TVisObjRef::GetLinkByName(wxString const&, int, TVisObjRef&)
598590	_ZNK10TVisObjRef6GetIntEi	todo	TVisObjRef	GetInt	TVisObjRef::GetInt(int) const
598614	_ZNK10TVisObjRef8GetFloatEi	todo	TVisObjRef	GetFloat	TVisObjRef::GetFloat(int) const
598638	_ZNK10TVisObjRef7GetBoolEi	todo	TVisObjRef	GetBool	TVisObjRef::GetBool(int) const
598662	_ZNK10TVisObjRef6GetStrEi	todo	TVisObjRef	GetStr	TVisObjRef::GetStr(int) const
598741	_ZNK10TVisObjRef12GetStrHolderEi	todo	TVisObjRef	GetStrHolder	TVisObjRef::GetStrHolder(int) const
598813	_ZNK10TVisObjRef7GetPathEi	todo	TVisObjRef	GetPath	TVisObjRef::GetPath(int) const
598895	_ZNK10TVisObjRef8GetPointEi	todo	TVisObjRef	GetPoint	TVisObjRef::GetPoint(int) const
598950	_ZNK10TVisObjRef7GetRectEi	todo	TVisObjRef	GetRect	TVisObjRef::GetRect(int) const
599007	_ZNK10TVisObjRef9GetSpriteEi	todo	TVisObjRef	GetSprite	TVisObjRef::GetSprite(int) const
599078	_ZNK10TVisObjRef7GetLinkEi	todo	TVisObjRef	GetLink	TVisObjRef::GetLink(int) const
599116	_ZNK10TVisObjRef8GetLinksEi10eTypeOrderR6TVList	todo	TVisObjRef	GetLinks	TVisObjRef::GetLinks(int, eTypeOrder, TVList&) const
599141	_ZNK10TVisObjRef9GetPointsEiRSt6vectorI7wxPointSaIS1_EE	todo	TVisObjRef	GetPoints	TVisObjRef::GetPoints(int, std::vector<wxPoint, std::allocator<wxPoint> >&) const
599166	_ZNK10TVisObjRef8GetRectsEiRSt6vectorI6wxRectSaIS1_EE	todo	TVisObjRef	GetRects	TVisObjRef::GetRects(int, std::vector<wxRect, std::allocator<wxRect> >&) const
599191	_ZNK10TVisObjRef10GetSpritesEiRSt6vectorI7TSpriteSaIS1_EE	todo	TVisObjRef	GetSprites	TVisObjRef::GetSprites(int, std::vector<TSprite, std::allocator<TSprite> >&) const
599216	_ZNK10TVisObjRef10GetStringsEiRSt6vectorI11TCharHolderSaIS1_EE	todo	TVisObjRef	GetStrings	TVisObjRef::GetStrings(int, std::vector<TCharHolder, std::allocator<TCharHolder> >&) const
599241	_ZNK10TVisObjRef8GetPathsEiPPSt6vectorI11TCharHolderSaIS1_EE	todo	TVisObjRef	GetPaths	TVisObjRef::GetPaths(int, std::vector<TCharHolder, std::allocator<TCharHolder> >**) const
599267	_ZNK10TVisObjRef8GetPathsEiRSt6vectorI11TCharHolderSaIS1_EE	todo	TVisObjRef	GetPaths	TVisObjRef::GetPaths(int, std::vector<TCharHolder, std::allocator<TCharHolder> >&) const
599292	_ZNK10TVisObjRef7GetIntsEiRSt6vectorIiSaIiEE	todo	TVisObjRef	GetInts	TVisObjRef::GetInts(int, std::vector<int, std::allocator<int> >&) const
599317	_ZNK10TVisObjRef9GetFloatsEiRSt6vectorIfSaIfEE	todo	TVisObjRef	GetFloats	TVisObjRef::GetFloats(int, std::vector<float, std::allocator<float> >&) const
599342	_ZNK10TVisObjRef8GetTextsEiPPSt6vectorI13TTextLanguageSaIS1_EE	todo	TVisObjRef	GetTexts	TVisObjRef::GetTexts(int, std::vector<TTextLanguage, std::allocator<TTextLanguage> >**) const
599367	_ZNK10TVisObjRef12GetTextsCopyEiRSt6vectorI13TTextLanguageSaIS1_EE	todo	TVisObjRef	GetTextsCopy	TVisObjRef::GetTextsCopy(int, std::vector<TTextLanguage, std::allocator<TTextLanguage> >&) const
599391	_ZNK10TVisObjRef7GetListEiR6TVList	todo	TVisObjRef	GetList	TVisObjRef::GetList(int, TVList&) const
599416	_ZNK10TVisObjRef16GetLinksListSizeEi	todo	TVisObjRef	GetLinksListSize	TVisObjRef::GetLinksListSize(int) const
599441	_ZNK10TVisObjRef20GetLinksHighestOrderEi	todo	TVisObjRef	GetLinksHighestOrder	TVisObjRef::GetLinksHighestOrder(int) const
599465	_ZN10TVisObjRef8SetValueEib14TSendEventEnum	todo	TVisObjRef	SetValue	TVisObjRef::SetValue(int, bool, TSendEventEnum)
599490	_ZN10TVisObjRef8SetValueEii14TSendEventEnum	todo	TVisObjRef	SetValue	TVisObjRef::SetValue(int, int, TSendEventEnum)
599515	_ZN10TVisObjRef8SetValueEif14TSendEventEnum	todo	TVisObjRef	SetValue	TVisObjRef::SetValue(int, float, TSendEventEnum)
599540	_ZN10TVisObjRef8SetValueEiRK11TCharHolder14TSendEventEnum	todo	TVisObjRef	SetValue	TVisObjRef::SetValue(int, TCharHolder const&, TSendEventEnum)
599566	_ZN10TVisObjRef8SetValueEiRK7wxPoint14TSendEventEnum	todo	TVisObjRef	SetValue	TVisObjRef::SetValue(int, wxPoint const&, TSendEventEnum)
599591	_ZN10TVisObjRef8SetValueEiRK6wxRect14TSendEventEnum	todo	TVisObjRef	SetValue	TVisObjRef::SetValue(int, wxRect const&, TSendEventEnum)
599617	_ZN10TVisObjRef8SetValueEiRK10wxFileName14TSendEventEnum	todo	TVisObjRef	SetValue	TVisObjRef::SetValue(int, wxFileName const&, TSendEventEnum)
599642	_ZN10TVisObjRef8SetValueEiRK8wxString14TSendEventEnum	todo	TVisObjRef	SetValue	TVisObjRef::SetValue(int, wxString const&, TSendEventEnum)
599667	_ZN10TVisObjRef8SetValueEiRK7TSprite14TSendEventEnum	todo	TVisObjRef	SetValue	TVisObjRef::SetValue(int, TSprite const&, TSendEventEnum)
599692	_ZN10TVisObjRef8SetValueEiRK6TVListb	todo	TVisObjRef	SetValue	TVisObjRef::SetValue(int, TVList const&, bool)
599717	_ZN10TVisObjRef8SetValueEiRKSt6vectorI6wxRectSaIS1_EE14TSendEventEnum	todo	TVisObjRef	SetValue	TVisObjRef::SetValue(int, std::vector<wxRect, std::allocator<wxRect> > const&, TSendEventEnum)
599741	_ZN10TVisObjRef8SetValueEiRKSt6vectorI7TSpriteSaIS1_EE14TSendEventEnum	todo	TVisObjRef	SetValue	TVisObjRef::SetValue(int, std::vector<TSprite, std::allocator<TSprite> > const&, TSendEventEnum)
599766	_ZN10TVisObjRef8SetValueEiRKSt6vectorI7wxPointSaIS1_EE14TSendEventEnum	todo	TVisObjRef	SetValue	TVisObjRef::SetValue(int, std::vector<wxPoint, std::allocator<wxPoint> > const&, TSendEventEnum)
599790	_ZN10TVisObjRef8SetValueEiRKSt6vectorI11TCharHolderSaIS1_EE14TSendEventEnum	todo	TVisObjRef	SetValue	TVisObjRef::SetValue(int, std::vector<TCharHolder, std::allocator<TCharHolder> > const&, TSendEventEnum)
599815	_ZN10TVisObjRef11SetPathListEiRKSt6vectorI11TCharHolderSaIS1_EE14TSendEventEnum	todo	TVisObjRef	SetPathList	TVisObjRef::SetPathList(int, std::vector<TCharHolder, std::allocator<TCharHolder> > const&, TSendEventEnum)
599839	_ZN10TVisObjRef8SetValueEiRKSt6vectorIiSaIiEE14TSendEventEnum	todo	TVisObjRef	SetValue	TVisObjRef::SetValue(int, std::vector<int, std::allocator<int> > const&, TSendEventEnum)
599864	_ZN10TVisObjRef8SetValueEiRKSt6vectorIfSaIfEE14TSendEventEnum	todo	TVisObjRef	SetValue	TVisObjRef::SetValue(int, std::vector<float, std::allocator<float> > const&, TSendEventEnum)
599889	_ZN10TVisObjRef8SetValueEiRKSt6vectorI13TTextLanguageSaIS1_EE14TSendEventEnum	todo	TVisObjRef	SetValue	TVisObjRef::SetValue(int, std::vector<TTextLanguage, std::allocator<TTextLanguage> > const&, TSendEventEnum)
599913	_ZN10TVisObjRef16SetLinkAnyObjectEib	todo	TVisObjRef	SetLinkAnyObject	TVisObjRef::SetLinkAnyObject(int, bool)
599937	_ZN10TVisObjRef7SetLinkEiRKS_b	todo	TVisObjRef	SetLink	TVisObjRef::SetLink(int, TVisObjRef const&, bool)
600024	_ZN10TVisObjRef10RemoveLinkEiRK3TIdb	todo	TVisObjRef	RemoveLink	TVisObjRef::RemoveLink(int, TId const&, bool)
600049	_ZN10TVisObjRef9ClearLinkEib	todo	TVisObjRef	ClearLink	TVisObjRef::ClearLink(int, bool)
600073	_ZNK10TVisObjRef18GetObjectsLinkedToER6TVListRSt6vectorIiSaIiEE	todo	TVisObjRef	GetObjectsLinkedTo	TVisObjRef::GetObjectsLinkedTo(TVList&, std::vector<int, std::allocator<int> >&) const
600096	_ZN10TVisObjRef14ContainsLinkToERKS_RSt6vectorIiSaIiEERS2_IbSaIbEES8_	todo	TVisObjRef	ContainsLinkTo	TVisObjRef::ContainsLinkTo(TVisObjRef const&, std::vector<int, std::allocator<int> >&, std::vector<bool, std::allocator<bool> >&, std::vector<bool, std::allocator<bool> >&)
600124	_ZNK10TVisObjRef13GetSizeMemoryEbb	todo	TVisObjRef	GetSizeMemory	TVisObjRef::GetSizeMemory(bool, bool) const
600150	_ZN10TVisObjRef11CopyContentERKS_bPSt6vectorIiSaIiEE	todo	TVisObjRef	CopyContent	TVisObjRef::CopyContent(TVisObjRef const&, bool, std::vector<int, std::allocator<int> >*)
600183	_ZN10TVisObjRef12SetTemporaryEb	todo	TVisObjRef	SetTemporary	TVisObjRef::SetTemporary(bool)
600208	_ZNK10TVisObjRef15GetLastModifiedEv	todo	TVisObjRef	GetLastModified	TVisObjRef::GetLastModified() const
600232	_ZN10TVisObjRef15SetLastModifiedEl	todo	TVisObjRef	SetLastModified	TVisObjRef::SetLastModified(long)
600255	_ZN10TVisObjRef15SetLastModifiedEv	todo	TVisObjRef	SetLastModified	TVisObjRef::SetLastModified()
600278	_ZN10TVisObjRef20RegisterEventHandlerEP22TEventHandlerInterface10TEventEnum	todo	TVisObjRef	RegisterEventHandler	TVisObjRef::RegisterEventHandler(TEventHandlerInterface*, TEventEnum)
600302	_ZN10TVisObjRef22UnRegisterEventHandlerEP22TEventHandlerInterface	todo	TVisObjRef	UnRegisterEventHandler	TVisObjRef::UnRegisterEventHandler(TEventHandlerInterface*)
600326	_ZNK10TVisObjRef13GetVisionaireEv	todo	TVisObjRef	GetVisionaire	TVisObjRef::GetVisionaire() const
600366	_Z34ix86_override_options_after_changev_56	todo	(free function)	ix86_override_options_after_change	ix86_override_options_after_change()
600389	_ZN10TDataGroup14CreateTempDataEv	todo	TDataGroup	CreateTempData	TDataGroup::CreateTempData()
600516	_ZN10TDataGroup14RemoveTempDataEv	todo	TDataGroup	RemoveTempData	TDataGroup::RemoveTempData()
600634	_ZNK10TDataGroup15GetTypeGroupPtrEv	todo	TDataGroup	GetTypeGroupPtr	TDataGroup::GetTypeGroupPtr() const
600651	_ZN10TDataGroup23GetTypeGroupPtrNonConstEv	todo	TDataGroup	GetTypeGroupPtrNonConst	TDataGroup::GetTypeGroupPtrNonConst()
600668	_ZN10TDataGroup11NotifyEventEi10TEventEnumP3TId	todo	TDataGroup	NotifyEvent	TDataGroup::NotifyEvent(int, TEventEnum, TId*)
600771	_ZN10TDataGroup10RemoveLinkEiRK3TIdb_part_134	todo	TDataGroup	RemoveLink	TDataGroup::RemoveLink(int, TId const&, bool)
601106	_ZN10TDataGroup8SetValueEiPKv9eTypeData14TSendEventEnum	todo	TDataGroup	SetValue	TDataGroup::SetValue(int, void const*, eTypeData, TSendEventEnum)
601431	_ZNK10TDataGroup7GetDataERK9TTypeData	todo	TDataGroup	GetData	TDataGroup::GetData(TTypeData const&) const
601503	_ZNK10TDataGroup8GetValueEi9eTypeData	todo	TDataGroup	GetValue	TDataGroup::GetValue(int, eTypeData) const
601760	_ZN10TDataGroup10ClearLinksEib	todo	TDataGroup	ClearLinks	TDataGroup::ClearLinks(int, bool)
601942	_ZN10TDataGroup10RemoveLinkEiRK3TIdb	todo	TDataGroup	RemoveLink	TDataGroup::RemoveLink(int, TId const&, bool)
601982	_ZN10TDataGroup21ValidateAndAdaptLinksEv	todo	TDataGroup	ValidateAndAdaptLinks	TDataGroup::ValidateAndAdaptLinks()
602428	_ZN10TDataGroup9SerializeEiiiRK11TCharHolder	todo	TDataGroup	Serialize	TDataGroup::Serialize(int, int, int, TCharHolder const&)
602465	_ZN10TDataGroup7SetNameERK11TCharHolder	todo	TDataGroup	SetName	TDataGroup::SetName(TCharHolder const&)
602508	_ZNK10TDataGroup7GetNameEv	todo	TDataGroup	GetName	TDataGroup::GetName() const
602524	_ZN10TDataGroup15GetNameNonConstEv	todo	TDataGroup	GetNameNonConst	TDataGroup::GetNameNonConst()
602542	_ZNK10TDataGroup11GetListSizeEi	todo	TDataGroup	GetListSize	TDataGroup::GetListSize(int) const
602577	_ZNK10TDataGroup13GetSizeMemoryEb	todo	TDataGroup	GetSizeMemory	TDataGroup::GetSizeMemory(bool) const
602702	_ZNK10TDataGroup15GetLastModifiedEv	todo	TDataGroup	GetLastModified	TDataGroup::GetLastModified() const
602730	_ZNK10TDataGroup5GetIdEv	todo	TDataGroup	GetId	TDataGroup::GetId() const
602746	_ZNK10TDataGroup7IsDirtyEv	todo	TDataGroup	IsDirty	TDataGroup::IsDirty() const
602762	_ZN10TDataGroup8SetDirtyEv	todo	TDataGroup	SetDirty	TDataGroup::SetDirty()
602777	_ZNK10TDataGroup11IsTemporaryEv	todo	TDataGroup	IsTemporary	TDataGroup::IsTemporary() const
602796	_ZN10TDataGroup12SetTemporaryEb	todo	TDataGroup	SetTemporary	TDataGroup::SetTemporary(bool)
602823	_ZNK10TDataGroup23IsOrderContainsPositionEv	todo	TDataGroup	IsOrderContainsPosition	TDataGroup::IsOrderContainsPosition() const
602842	_ZN10TDataGroup24SetOrderContainsPositionEb	todo	TDataGroup	SetOrderContainsPosition	TDataGroup::SetOrderContainsPosition(bool)
602869	_ZN10TDataGroup22UnRegisterEventHandlerEP22TEventHandlerInterface	todo	TDataGroup	UnRegisterEventHandler	TDataGroup::UnRegisterEventHandler(TEventHandlerInterface*)
602944	_ZN10TDataGroupD2Ev	todo	TDataGroup	~TDataGroup	TDataGroup::~TDataGroup()
603093	_ZN10TDataGroupC2EPK10TTypeGroupP17TVisionaireObject	todo	TDataGroup	TDataGroup	TDataGroup::TDataGroup(TTypeGroup const*, TVisionaireObject*)
603266	_ZN10TDataGroup20RegisterEventHandlerEP22TEventHandlerInterface10TEventEnum	todo	TDataGroup	RegisterEventHandler	TDataGroup::RegisterEventHandler(TEventHandlerInterface*, TEventEnum)
603378	_ZN10TDataGroup11ForEachCallE9eActivityPvS1_	todo	TDataGroup	ForEachCall	TDataGroup::ForEachCall(eActivity, void*, void*)
604383	_ZN10TDataGroup5ClearEv	todo	TDataGroup	Clear	TDataGroup::Clear()
604508	_ZN10TDataGroup11ForEachCallE9eActivityPvS1__constprop_220	todo	TDataGroup	ForEachCall	TDataGroup::ForEachCall(eActivity, void*, void*)
605492	_ZN10TDataGroup9SerializeER18TProjectFileWriter	todo	TDataGroup	Serialize	TDataGroup::Serialize(TProjectFileWriter&)
605610	_ZN10TDataGroup7SetLinkEiRK3TIdbb	todo	TDataGroup	SetLink	TDataGroup::SetLink(int, TId const&, bool, bool)
605944	_ZN10TDataGroup7SetLinkEiRK3TIdb	todo	TDataGroup	SetLink	TDataGroup::SetLink(int, TId const&, bool)
605963	_ZN10TDataGroup13SetParentLinkEiRK3TIdb	todo	TDataGroup	SetParentLink	TDataGroup::SetParentLink(int, TId const&, bool)
605981	_ZN10TDataGroup9ClearLinkEib	todo	TDataGroup	ClearLink	TDataGroup::ClearLink(int, bool)
606022	_ZN10TDataGroup16SetLinkAnyObjectEib	todo	TDataGroup	SetLinkAnyObject	TDataGroup::SetLinkAnyObject(int, bool)
606140	_ZN10TDataGroup11CopyContentERKS_bPSt6vectorIiSaIiEE	todo	TDataGroup	CopyContent	TDataGroup::CopyContent(TDataGroup const&, bool, std::vector<int, std::allocator<int> >*)
607108	_ZNK10TDataGroup7GetListEiR6TVList	todo	TDataGroup	GetList	TDataGroup::GetList(int, TVList&) const
607243	_ZN4Geni12authresult_tD2Ev	todo	Geni::authresult_t	~authresult_t	Geni::authresult_t::~authresult_t()
608330	_Z34ix86_override_options_after_changev_57	todo	(free function)	ix86_override_options_after_change	ix86_override_options_after_change()
608353	_Z16ScrambledSortingP6TTableS0_	todo	(free function)	ScrambledSorting	ScrambledSorting(TTable*, TTable*)
608417	_ZN11TVisionaire10CopyObjectEPK17TVisionaireObjectPS0_ib_constprop_145	todo	TVisionaire	CopyObject	TVisionaire::CopyObject(TVisionaireObject const*, TVisionaireObject*, int, bool)
608543	_Z17CmpLinkReferencesRK8TLinkRefS1_	todo	(free function)	CmpLinkReferences	CmpLinkReferences(TLinkRef const&, TLinkRef const&)
608930	_ZN11TVisionaire7CleanUpEv	todo	TVisionaire	CleanUp	TVisionaire::CleanUp()
608956	_ZN11TVisionaire5ClearEv	todo	TVisionaire	Clear	TVisionaire::Clear()
609040	_ZN11TVisionaire11SetModifiedEb	todo	TVisionaire	SetModified	TVisionaire::SetModified(bool)
609057	_ZNK11TVisionaire10IsModifiedEv	todo	TVisionaire	IsModified	TVisionaire::IsModified() const
609073	_ZNK11TVisionaire7GetGameEv	todo	TVisionaire	GetGame	TVisionaire::GetGame() const
609111	_ZNK11TVisionaire9GetGameIdEv	todo	TVisionaire	GetGameId	TVisionaire::GetGameId() const
609126	_ZNK11TVisionaire14GetEmptyObjectEv	todo	TVisionaire	GetEmptyObject	TVisionaire::GetEmptyObject() const
609148	_ZNK11TVisionaire12GetAnyObjectEv	todo	TVisionaire	GetAnyObject	TVisionaire::GetAnyObject() const
609187	_ZN11TVisionaire15GetObjectByNameERK8wxStringiR10TVisObjRef	todo	TVisionaire	GetObjectByName	TVisionaire::GetObjectByName(wxString const&, int, TVisObjRef&)
609221	_ZNK11TVisionaire13GetObjectByIdERK3TIdR10TVisObjRefb	todo	TVisionaire	GetObjectById	TVisionaire::GetObjectById(TId const&, TVisObjRef&, bool) const
609307	_ZNK11TVisionaire13GetObjectByIdERK3TId	todo	TVisionaire	GetObjectById	TVisionaire::GetObjectById(TId const&) const
609369	_ZNK11TVisionaire12GetTypeGroupEiRi	todo	TVisionaire	GetTypeGroup	TVisionaire::GetTypeGroup(int, int&) const
609452	_ZN11TVisionaire12CreateObjectEiR10TVisObjRefi	todo	TVisionaire	CreateObject	TVisionaire::CreateObject(int, TVisObjRef&, int)
609515	_ZN11TVisionaire18CreateObjectWithIdEiRK3TIdi	todo	TVisionaire	CreateObjectWithId	TVisionaire::CreateObjectWithId(int, TId const&, int)
609550	_ZN11TVisionaire11CloneObjectERK10TVisObjRefb	todo	TVisionaire	CloneObject	TVisionaire::CloneObject(TVisObjRef const&, bool)
609716	_ZN11TVisionaire10CopyObjectEPK17TVisionaireObjectPS0_ib	todo	TVisionaire	CopyObject	TVisionaire::CopyObject(TVisionaireObject const*, TVisionaireObject*, int, bool)
609850	_ZN11TVisionaire10CopyObjectERK10TVisObjRefRS0_i	todo	TVisionaire	CopyObject	TVisionaire::CopyObject(TVisObjRef const&, TVisObjRef&, int)
609921	_ZN11TVisionaire18CreateActiveObjectEiRK10TVisObjRef	todo	TVisionaire	CreateActiveObject	TVisionaire::CreateActiveObject(int, TVisObjRef const&)
609968	_ZN11TVisionaire15GetActiveObjectEiRK3TId	todo	TVisionaire	GetActiveObject	TVisionaire::GetActiveObject(int, TId const&)
610008	_ZN11TVisionaire15ResetActiveDataEv	todo	TVisionaire	ResetActiveData	TVisionaire::ResetActiveData()
610043	_ZN11TVisionaire15ResetActiveDataE16eVisionaireTable	todo	TVisionaire	ResetActiveData	TVisionaire::ResetActiveData(eVisionaireTable)
610079	_ZN11TVisionaire27RemoveObjectWithoutChildrenER10TVisObjRef	todo	TVisionaire	RemoveObjectWithoutChildren	TVisionaire::RemoveObjectWithoutChildren(TVisObjRef&)
610137	_ZN11TVisionaire20RemoveObjectByParentEP17TVisionaireObject	todo	TVisionaire	RemoveObjectByParent	TVisionaire::RemoveObjectByParent(TVisionaireObject*)
610422	_ZN11TVisionaire12RemoveObjectEP17TVisionaireObject	todo	TVisionaire	RemoveObject	TVisionaire::RemoveObject(TVisionaireObject*)
610534	_ZNK11TVisionaire7GetListEiR6TVListb	todo	TVisionaire	GetList	TVisionaire::GetList(int, TVList&, bool) const
610571	_ZNK11TVisionaire11GetListSizeEi	todo	TVisionaire	GetListSize	TVisionaire::GetListSize(int) const
610604	_ZN11TVisionaire11ChangeOrderERK10TVisObjRef14TMoveOrderEnum	todo	TVisionaire	ChangeOrder	TVisionaire::ChangeOrder(TVisObjRef const&, TMoveOrderEnum)
610749	_ZNK11TVisionaire13GetSizeMemoryEi	todo	TVisionaire	GetSizeMemory	TVisionaire::GetSizeMemory(int) const
610781	_ZN11TVisionaire14RemoveTempDataEv	todo	TVisionaire	RemoveTempData	TVisionaire::RemoveTempData()
610820	_ZN11TVisionaire14CreateTempDataEv	todo	TVisionaire	CreateTempData	TVisionaire::CreateTempData()
610860	_ZN11TVisionaire10InitMemoryEi	todo	TVisionaire	InitMemory	TVisionaire::InitMemory(int)
610909	_ZN11TVisionaire7ReserveEv	todo	TVisionaire	Reserve	TVisionaire::Reserve()
610941	_ZN11TVisionaire7NewGameEv	todo	TVisionaire	NewGame	TVisionaire::NewGame()
611005	_ZNK11TVisionaire15IsMasterProjectEv	todo	TVisionaire	IsMasterProject	TVisionaire::IsMasterProject() const
611023	_ZNK11TVisionaire14IsSlaveProjectEv	todo	TVisionaire	IsSlaveProject	TVisionaire::IsSlaveProject() const
611040	_ZN11TVisionaire19InitAsMasterProjectEv	todo	TVisionaire	InitAsMasterProject	TVisionaire::InitAsMasterProject()
611082	_ZN11TVisionaire18InitAsSlaveProjectEv	todo	TVisionaire	InitAsSlaveProject	TVisionaire::InitAsSlaveProject()
611117	_ZNK11TVisionaire11GetRevisionEv	todo	TVisionaire	GetRevision	TVisionaire::GetRevision() const
611133	_ZN11TVisionaire11SetRevisionEi	todo	TVisionaire	SetRevision	TVisionaire::SetRevision(int)
611151	_ZN11TVisionaire14SetProjectTypeEi	todo	TVisionaire	SetProjectType	TVisionaire::SetProjectType(int)
611169	_ZN11TVisionaire16IncreaseRevisionEv	todo	TVisionaire	IncreaseRevision	TVisionaire::IncreaseRevision()
611190	_ZN11TVisionaire16InitVersionedIdsEv	todo	TVisionaire	InitVersionedIds	TVisionaire::InitVersionedIds()
611225	_ZNK11TVisionaire13GetNewObjectsER6TVList	todo	TVisionaire	GetNewObjects	TVisionaire::GetNewObjects(TVList&) const
611262	_ZNK11TVisionaire17GetDeletedObjectsERKS_R6TVList	todo	TVisionaire	GetDeletedObjects	TVisionaire::GetDeletedObjects(TVisionaire const&, TVList&) const
611327	_ZNK11TVisionaire17GetChangedObjectsER6TVList	todo	TVisionaire	GetChangedObjects	TVisionaire::GetChangedObjects(TVList&) const
611388	_ZNK11TVisionaire25GetConflictedObjectsCountERKS_	todo	TVisionaire	GetConflictedObjectsCount	TVisionaire::GetConflictedObjectsCount(TVisionaire const&) const
611477	_ZN11TVisionaire16ImportNewObjectsERKS_	todo	TVisionaire	ImportNewObjects	TVisionaire::ImportNewObjects(TVisionaire const&)
611564	_ZNK11TVisionaire7HasPathEv	todo	TVisionaire	HasPath	TVisionaire::HasPath() const
611579	_ZNK11TVisionaire7GetPathEv	todo	TVisionaire	GetPath	TVisionaire::GetPath() const
611594	_ZNK11TVisionaire8GetTableEiPP6TTable	todo	TVisionaire	GetTable	TVisionaire::GetTable(int, TTable**) const
611624	_ZNK11TVisionaire13GetTableConstEiPPK6TTable	todo	TVisionaire	GetTableConst	TVisionaire::GetTableConst(int, TTable const**) const
611653	_ZNK11TVisionaire15GetVisTableNameEib	todo	TVisionaire	GetVisTableName	TVisionaire::GetVisTableName(int, bool) const
611793	_ZNK11TVisionaire20GetTableNameSingularEib	todo	TVisionaire	GetTableNameSingular	TVisionaire::GetTableNameSingular(int, bool) const
611934	_ZNK11TVisionaire18GetTableNamePluralEib	todo	TVisionaire	GetTableNamePlural	TVisionaire::GetTableNamePlural(int, bool) const
612075	_ZNK11TVisionaire27GetTableIdentifierByVisNameERK8wxStringb	todo	TVisionaire	GetTableIdentifierByVisName	TVisionaire::GetTableIdentifierByVisName(wxString const&, bool) const
612269	_ZNK11TVisionaire32GetTableIdentifierBySingularNameERK8wxStringb	todo	TVisionaire	GetTableIdentifierBySingularName	TVisionaire::GetTableIdentifierBySingularName(wxString const&, bool) const
612463	_ZNK11TVisionaire30GetTableIdentifierByPluralNameERK8wxStringb	todo	TVisionaire	GetTableIdentifierByPluralName	TVisionaire::GetTableIdentifierByPluralName(wxString const&, bool) const
612658	_ZNK11TVisionaire31GetTableIdentifierByDescriptionEib	todo	TVisionaire	GetTableIdentifierByDescription	TVisionaire::GetTableIdentifierByDescription(int, bool) const
612764	_ZNK11TVisionaire14CompleteTablesEv	todo	TVisionaire	CompleteTables	TVisionaire::CompleteTables() const
612824	_ZN11TVisionaire24RemoveParentLinkedObjectERK5TLink	todo	TVisionaire	RemoveParentLinkedObject	TVisionaire::RemoveParentLinkedObject(TLink const&)
612924	_ZN11TVisionaire16SetVisPlayerModeEb	todo	TVisionaire	SetVisPlayerMode	TVisionaire::SetVisPlayerMode(bool)
612941	_ZN11TVisionaire10RemoveLinkERK3TIdS2_i	todo	TVisionaire	RemoveLink	TVisionaire::RemoveLink(TId const&, TId const&, int)
613166	_ZN11TVisionaire15StoreLinksCountEv	todo	TVisionaire	StoreLinksCount	TVisionaire::StoreLinksCount()
613187	_ZN11TVisionaire12SetupParentsEv	todo	TVisionaire	SetupParents	TVisionaire::SetupParents()
613265	_ZN11TVisionaire10BeginPasteEv	todo	TVisionaire	BeginPaste	TVisionaire::BeginPaste()
613301	_ZN11TVisionaire11GetMappedIdERK3TId	todo	TVisionaire	GetMappedId	TVisionaire::GetMappedId(TId const&)
613407	_Z12CmpMappedIdsRK9TMappedIdS1_	todo	(free function)	CmpMappedIds	CmpMappedIds(TMappedId const&, TMappedId const&)
613460	_ZN11TVisionaire8EndPasteEv	todo	TVisionaire	EndPaste	TVisionaire::EndPaste()
613497	_ZN11TVisionaire8EndMergeEv	todo	TVisionaire	EndMerge	TVisionaire::EndMerge()
613714	_ZN11TVisionaireD2Ev	todo	TVisionaire	~TVisionaire	TVisionaire::~TVisionaire()
614163	_ZN11TVisionaireC2ERK10TTypeGroupi	todo	TVisionaire	TVisionaire	TVisionaire::TVisionaire(TTypeGroup const&, int)
614496	_ZN11TVisionaire12MergeObjectsERKS_R21TVisObjectCompareInfo	todo	TVisionaire	MergeObjects	TVisionaire::MergeObjects(TVisionaire const&, TVisObjectCompareInfo&)
614808	_ZN11TVisionaire8AddTableEiiRK8wxStringS2_S2_RK10TTypeGroupib	todo	TVisionaire	AddTable	TVisionaire::AddTable(int, int, wxString const&, wxString const&, wxString const&, TTypeGroup const&, int, bool)
615478	_ZNK11TVisionaire18GetObjectsLinkedToERK3TIdRSt6vectorI8TLinkRefSaIS4_EE	todo	TVisionaire	GetObjectsLinkedTo	TVisionaire::GetObjectsLinkedTo(TId const&, std::vector<TLinkRef, std::allocator<TLinkRef> >&) const
615757	_ZN11TVisionaire12CreateTablesEi	todo	TVisionaire	CreateTables	TVisionaire::CreateTables(int)
616051	_ZN11TVisionaire13AddParentLinkERK3TIdS2_i	todo	TVisionaire	AddParentLink	TVisionaire::AddParentLink(TId const&, TId const&, int)
616124	_ZN11TVisionaire7AddLinkERK3TIdS2_ib	todo	TVisionaire	AddLink	TVisionaire::AddLink(TId const&, TId const&, int, bool)
616471	_ZN11TVisionaire11PasteObjectEPK17TVisionaireObjectRK3TIdi	todo	TVisionaire	PasteObject	TVisionaire::PasteObject(TVisionaireObject const*, TId const&, int)
616587	_ZN11TVisionaire11PasteObjectERK10TVisObjRefRK3TIdi	todo	TVisionaire	PasteObject	TVisionaire::PasteObject(TVisObjRef const&, TId const&, int)
616654	_ZN11TVisionaire12SetScrambledEv	todo	TVisionaire	SetScrambled	TVisionaire::SetScrambled()
616818	_ZN11TVisionaire8SaveDataER18TProjectFileWriterP12EventHandlerb	todo	TVisionaire	SaveData	TVisionaire::SaveData(TProjectFileWriter&, EventHandler*, bool)
617211	_ZN11TVisionaire12SaveDataGameERK10wxFileNameP12EventHandler	todo	TVisionaire	SaveDataGame	TVisionaire::SaveDataGame(wxFileName const&, EventHandler*)
618630	_ZN11TVisionaire8SaveDataER18TProjectFileWriterP12EventHandlerb_constprop_136	todo	TVisionaire	SaveData	TVisionaire::SaveData(TProjectFileWriter&, EventHandler*, bool)
618973	_ZN11TVisionaire20SaveDataGameToStringEv	todo	TVisionaire	SaveDataGameToString	TVisionaire::SaveDataGameToString()
619088	_ZN11TVisionaire12SaveSaveGameER18TProjectFileWriter	todo	TVisionaire	SaveSaveGame	TVisionaire::SaveSaveGame(TProjectFileWriter&)
619851	_ZN11TVisionaire9SortLinksEv	todo	TVisionaire	SortLinks	TVisionaire::SortLinks()
619961	_ZN11TVisionaire4LoadERK10wxFileNameRK8wxString9eSaveGame16TLoadingTypeEnumPiP11TSignalSlotP12EventHandler	todo	TVisionaire	Load	TVisionaire::Load(wxFileName const&, wxString const&, eSaveGame, TLoadingTypeEnum, int*, TSignalSlot*, EventHandler*)
620666	_ZN11TVisionaire10BeforeSaveEv	todo	TVisionaire	BeforeSave	TVisionaire::BeforeSave()
620683	_ZN21LoadSaveProgressEventD0Ev	todo	LoadSaveProgressEvent	~LoadSaveProgressEvent	LoadSaveProgressEvent::~LoadSaveProgressEvent()
620733	_ZN21LoadSaveProgressEventD2Ev	todo	LoadSaveProgressEvent	~LoadSaveProgressEvent	LoadSaveProgressEvent::~LoadSaveProgressEvent()
620781	_ZN21LoadSaveProgressEvent5CloneEv	todo	LoadSaveProgressEvent	Clone	LoadSaveProgressEvent::Clone()
620868	_ZN13StringHashMapI8wxStringiPKw10StringHashIS2_EED2Ev	todo	StringHashMap<wxString, int, wchar_t const*, StringHash<wchar_t const*> >	~StringHashMap	StringHashMap<wxString, int, wchar_t const*, StringHash<wchar_t const*> >::~StringHashMap()
623878	_GLOBAL__sub_I_g_lookupTable	todo	(free function)	_GLOBAL__sub_I_g_lookupTable	_GLOBAL__sub_I_g_lookupTable
623914	_Z9GetRefIntPKv	todo	(free function)	GetRefInt	GetRefInt(void const*)
623989	_Z11GetRefFloatPKv	todo	(free function)	GetRefFloat	GetRefFloat(void const*)
624064	_Z10GetRefBoolPKv	todo	(free function)	GetRefBool	GetRefBool(void const*)
624139	_Z12GetRefStringPKv	todo	(free function)	GetRefString	GetRefString(void const*)
624244	_Z10GetRefPathPKv	todo	(free function)	GetRefPath	GetRefPath(void const*)
624349	_Z10GetRefRectPKv	todo	(free function)	GetRefRect	GetRefRect(void const*)
624445	_Z11GetRefPointPKv	todo	(free function)	GetRefPoint	GetRefPoint(void const*)
624539	_Z12GetRefSpritePKv	todo	(free function)	GetRefSprite	GetRefSprite(void const*)
624646	_Z10GetRefLinkPKv	todo	(free function)	GetRefLink	GetRefLink(void const*)
624753	_Z11GetRefLinksPKv	todo	(free function)	GetRefLinks	GetRefLinks(void const*)
624873	_Z11GetRefVRectPKv	todo	(free function)	GetRefVRect	GetRefVRect(void const*)
624972	_Z12GetRefVPointPKv	todo	(free function)	GetRefVPoint	GetRefVPoint(void const*)
625071	_Z11GetRefVPathPKv	todo	(free function)	GetRefVPath	GetRefVPath(void const*)
625191	_Z10GetRefVIntPKv	todo	(free function)	GetRefVInt	GetRefVInt(void const*)
625290	_Z12GetRefVFloatPKv	todo	(free function)	GetRefVFloat	GetRefVFloat(void const*)
625389	_Z11GetRefVBoolPKv	todo	(free function)	GetRefVBool	GetRefVBool(void const*)
625491	_Z13GetRefVStringPKv	todo	(free function)	GetRefVString	GetRefVString(void const*)
625611	_Z13GetRefVSpritePKv	todo	(free function)	GetRefVSprite	GetRefVSprite(void const*)
625732	_Z11GetRefVTextPKv	todo	(free function)	GetRefVText	GetRefVText(void const*)
625861	_ZN5TData11GetDataSizeE9eTypeData	todo	TData	GetDataSize	TData::GetDataSize(eTypeData)
625885	_ZN5TData18CreateDataInstanceE9eTypeDataPv	todo	TData	CreateDataInstance	TData::CreateDataInstance(eTypeData, void*)
626161	_ZN5TData18DeleteDataInstanceE9eTypeDataPvP10TDataGroup	todo	TData	DeleteDataInstance	TData::DeleteDataInstance(eTypeData, void*, TDataGroup*)
626521	_ZN5TData17ClearDataInstanceE9eTypeDataPv	todo	TData	ClearDataInstance	TData::ClearDataInstance(eTypeData, void*)
627457	_ZN5TData14SerializeParamEPKcS1_9eTypeDataPv	todo	TData	SerializeParam	TData::SerializeParam(char const*, char const*, eTypeData, void*)
627878	_ZN5TData14SerializeParamER18TProjectFileWriter9eTypeDataiPv	todo	TData	SerializeParam	TData::SerializeParam(TProjectFileWriter&, eTypeData, int, void*)
628148	_ZN5TData16SerializeContentER18TProjectFileWriter9eTypeDataiPv	todo	TData	SerializeContent	TData::SerializeContent(TProjectFileWriter&, eTypeData, int, void*)
628810	_ZN5TData7CompareE9eTypeDataPKvS2_	todo	TData	Compare	TData::Compare(eTypeData, void const*, void const*)
630421	_ZN5TData20CompareDataWithValueE9eTypeDataPKvS2_	todo	TData	CompareDataWithValue	TData::CompareDataWithValue(eTypeData, void const*, void const*)
631474	_ZN5TData8ToStringE9eTypeDataPvP11TVisionaire	todo	TData	ToString	TData::ToString(eTypeData, void*, TVisionaire*)
633418	_ZN5TData13GetSizeMemoryE9eTypeDataPvbP11TVisionaire	todo	TData	GetSizeMemory	TData::GetSizeMemory(eTypeData, void*, bool, TVisionaire*)
634702	_ZN5TData8SizePathERK11TCharHolder	todo	TData	SizePath	TData::SizePath(TCharHolder const&)
634717	_ZN5TData6AssignE9eTypeDataPvPKv	todo	TData	Assign	TData::Assign(eTypeData, void*, void const*)
635565	_Z34ix86_override_options_after_changev_58	todo	(free function)	ix86_override_options_after_change	ix86_override_options_after_change()
635588	_ZN5TLinkC2Eb	todo	TLink	TLink	TLink::TLink(bool)
635624	_ZN5TLinkC2ERK3TIdib	todo	TLink	TLink	TLink::TLink(TId const&, int, bool)
635660	_ZN5TLinkD2Ev	todo	TLink	~TLink	TLink::~TLink()
635675	_ZN5TLinkC2Ev	todo	TLink	TLink	TLink::TLink()
635698	_ZN5TLinkC2ERKS_	todo	TLink	TLink	TLink::TLink(TLink const&)
635734	_ZN5TLinkaSERKS_	todo	TLink	operator=	TLink::operator=(TLink const&)
635756	_ZNK5TLinkeqERKS_	todo	TLink	operator==	TLink::operator==(TLink const&) const
635863	_ZN5TLink5ClearEv	todo	TLink	Clear	TLink::Clear()
635894	_ZNK5TLink5GetIdEv	todo	TLink	GetId	TLink::GetId() const
635910	_ZNK5TLink8GetFieldEv	todo	TLink	GetField	TLink::GetField() const
635926	_ZNK5TLink12IsParentLinkEv	todo	TLink	IsParentLink	TLink::IsParentLink() const
635943	_ZNK5TLink9IsAnyLinkEv	todo	TLink	IsAnyLink	TLink::IsAnyLink() const
635961	_ZN5TLink9SerializeEiiibb	todo	TLink	Serialize	TLink::Serialize(int, int, int, bool, bool)
635991	_ZN5TLink9SerializeER18TProjectFileWriteri	todo	TLink	Serialize	TLink::Serialize(TProjectFileWriter&, int)
636057	_ZN5TLink9SerializeER18TProjectFileWriteriRSt6vectorIS_SaIS_EE	todo	TLink	Serialize	TLink::Serialize(TProjectFileWriter&, int, std::vector<TLink, std::allocator<TLink> >&)
636116	_Z34ix86_override_options_after_changev_59	todo	(free function)	ix86_override_options_after_change	ix86_override_options_after_change()
636139	_Z13normalizepathPc	todo	(free function)	normalizepath	normalizepath(char*)
636174	_Z4dtolPKc	todo	(free function)	dtol	dtol(char const*)
636222	_ZN17TXMLProjectReaderC2EP11TVisionaire	todo	TXMLProjectReader	TXMLProjectReader	TXMLProjectReader::TXMLProjectReader(TVisionaire*)
636240	_ZN17TXMLProjectReaderD2Ev	todo	TXMLProjectReader	~TXMLProjectReader	TXMLProjectReader::~TXMLProjectReader()
636255	_ZN17TXMLProjectReader5ClearEv	todo	TXMLProjectReader	Clear	TXMLProjectReader::Clear()
636270	_ZN17TXMLProjectReader10parseNodesEPN8rapidxml8xml_nodeIcEEP8UserData	todo	TXMLProjectReader	parseNodes	TXMLProjectReader::parseNodes(rapidxml::xml_node<char>*, UserData*)
641669	_ZN17TXMLProjectReader10ReadXMLDocERK8wxString	todo	TXMLProjectReader	ReadXMLDoc	TXMLProjectReader::ReadXMLDoc(wxString const&)
642078	_ZN17TXMLProjectReader10ReadXMLDocER8TVedFileRK8wxString15eXMLNamesIntern16TLoadingTypeEnumPiP11TSignalSlotP12EventHandleri	todo	TXMLProjectReader	ReadXMLDoc	TXMLProjectReader::ReadXMLDoc(TVedFile&, wxString const&, eXMLNamesIntern, TLoadingTypeEnum, int*, TSignalSlot*, EventHandler*, int)
643450	_ZN8UserDataD2Ev	todo	UserData	~UserData	UserData::~UserData()
643618	_ZN4Geni12authresult_tD2Ev_0	todo	Geni::authresult_t	~authresult_t	Geni::authresult_t::~authresult_t()
645562	_ZN8UserDataC2EP11TVisionaireb15eXMLNamesIntern16TLoadingTypeEnumPiP11TSignalSlotP12EventHandleri	todo	UserData	UserData	UserData::UserData(TVisionaire*, bool, eXMLNamesIntern, TLoadingTypeEnum, int*, TSignalSlot*, EventHandler*, int)
647015	_GLOBAL__sub_I__Z13normalizepathPc	todo	(free function)	_GLOBAL__sub_I__Z13normalizepathPc	_GLOBAL__sub_I__Z13normalizepathPc
647056	_Z4loadR11TCharHolderP8_IO_FILE_constprop_176	todo	(free function)	load	load(TCharHolder&, _IO_FILE*)
647165	_Z7_fwritePKvmmP8_IO_FILE	todo	(free function)	_fwrite	_fwrite(void const*, unsigned long, unsigned long, _IO_FILE*)
647188	_Z6_freadPKvmmP8_IO_FILE	todo	(free function)	_fread	_fread(void const*, unsigned long, unsigned long, _IO_FILE*)
647317	_Z14writeStructureR13bin_structureP8_IO_FILE	todo	(free function)	writeStructure	writeStructure(bin_structure&, _IO_FILE*)
647720	_Z5savecRK8wxStringP8_IO_FILE	todo	(free function)	savec	savec(wxString const&, _IO_FILE*)
647782	_Z4saveiP8_IO_FILE	todo	(free function)	save	save(int, _IO_FILE*)
647807	_Z4savelP8_IO_FILE	todo	(free function)	save	save(long, _IO_FILE*)
647832	_Z4savecP8_IO_FILE	todo	(free function)	save	save(char, _IO_FILE*)
647857	_Z4savebP8_IO_FILE	todo	(free function)	save	save(bool, _IO_FILE*)
647882	_Z4savefP8_IO_FILE	todo	(free function)	save	save(float, _IO_FILE*)
647907	_Z4saveRK8wxStringP8_IO_FILE	todo	(free function)	save	save(wxString const&, _IO_FILE*)
647979	_Z4saveR11TCharHolderP8_IO_FILE	todo	(free function)	save	save(TCharHolder&, _IO_FILE*)
648021	_Z4saveR10wxFileNameP8_IO_FILE	todo	(free function)	save	save(wxFileName&, _IO_FILE*)
648079	_Z4save10wxFileNameP8_IO_FILE	todo	(free function)	save	save(wxFileName, _IO_FILE*)
648136	_Z4saveRK7wxPointP8_IO_FILE	todo	(free function)	save	save(wxPoint const&, _IO_FILE*)
648173	_Z4saveR6wxRectP8_IO_FILE	todo	(free function)	save	save(wxRect&, _IO_FILE*)
648226	_Z4saveR7TSpriteP8_IO_FILE	todo	(free function)	save	save(TSprite&, _IO_FILE*)
648339	_Z4saveR5TLinkP8_IO_FILE	todo	(free function)	save	save(TLink&, _IO_FILE*)
648409	_Z4saveRSt6vectorI5TLinkSaIS0_EEP8_IO_FILE	todo	(free function)	save	save(std::vector<TLink, std::allocator<TLink> >&, _IO_FILE*)
648468	_Z4saveRSt6vectorI6wxRectSaIS0_EEP8_IO_FILE	todo	(free function)	save	save(std::vector<wxRect, std::allocator<wxRect> >&, _IO_FILE*)
648560	_Z4saveRSt6vectorI7wxPointSaIS0_EEP8_IO_FILE	todo	(free function)	save	save(std::vector<wxPoint, std::allocator<wxPoint> >&, _IO_FILE*)
648632	_Z4saveRSt6vectorI7TSpriteSaIS0_EEP8_IO_FILE	todo	(free function)	save	save(std::vector<TSprite, std::allocator<TSprite> >&, _IO_FILE*)
648702	_Z4saveRSt6vectorI11TCharHolderSaIS0_EEP8_IO_FILE	todo	(free function)	save	save(std::vector<TCharHolder, std::allocator<TCharHolder> >&, _IO_FILE*)
648779	_Z4saveRSt6vectorIfSaIfEEP8_IO_FILE	todo	(free function)	save	save(std::vector<float, std::allocator<float> >&, _IO_FILE*)
648840	_Z4saveRSt6vectorIiSaIiEEP8_IO_FILE	todo	(free function)	save	save(std::vector<int, std::allocator<int> >&, _IO_FILE*)
648901	_Z4saveRSt6vectorI8wxStringSaIS0_EEP8_IO_FILE	todo	(free function)	save	save(std::vector<wxString, std::allocator<wxString> >&, _IO_FILE*)
648960	_Z4saveRSt6vectorI13TTextLanguageSaIS0_EEP8_IO_FILE	todo	(free function)	save	save(std::vector<TTextLanguage, std::allocator<TTextLanguage> >&, _IO_FILE*)
649075	_Z10saveObjectP8_IO_FILEPvi_constprop_175	todo	(free function)	saveObject	saveObject(_IO_FILE*, void*, int)
649658	_Z5toStri	todo	(free function)	toStr	toStr(int)
649751	_Z5toStrf	todo	(free function)	toStr	toStr(float)
649785	_Z4loadRiP8_IO_FILE	todo	(free function)	load	load(int&, _IO_FILE*)
649811	_Z4loadRlP8_IO_FILE	todo	(free function)	load	load(long&, _IO_FILE*)
649830	_Z4loadRbP8_IO_FILE	todo	(free function)	load	load(bool&, _IO_FILE*)
649855	_Z4loadRcP8_IO_FILE	todo	(free function)	load	load(char&, _IO_FILE*)
649880	_Z4loadRfP8_IO_FILE	todo	(free function)	load	load(float&, _IO_FILE*)
649906	_Z4loadR11TCharHolderP8_IO_FILE	todo	(free function)	load	load(TCharHolder&, _IO_FILE*)
650016	_Z4loadR7wxPointP8_IO_FILE	todo	(free function)	load	load(wxPoint&, _IO_FILE*)
650051	_Z4loadR6wxRectP8_IO_FILE	todo	(free function)	load	load(wxRect&, _IO_FILE*)
650106	_Z4loadR7TSpriteP8_IO_FILE	todo	(free function)	load	load(TSprite&, _IO_FILE*)
650202	_Z4loadR5TLinkiP8_IO_FILE	todo	(free function)	load	load(TLink&, int, _IO_FILE*)
650275	_Z10saveObjectP8_IO_FILEPvi	todo	(free function)	saveObject	saveObject(_IO_FILE*, void*, int)
650879	_Z11threadstartPv	todo	(free function)	threadstart	threadstart(void*)
650894	_Z4loadRSt6vectorI5TLinkSaIS0_EEiP8_IO_FILE	todo	(free function)	load	load(std::vector<TLink, std::allocator<TLink> >&, int, _IO_FILE*)
650996	_Z4loadRSt6vectorI6wxRectSaIS0_EEP8_IO_FILE	todo	(free function)	load	load(std::vector<wxRect, std::allocator<wxRect> >&, _IO_FILE*)
651104	_Z4loadRSt6vectorI7wxPointSaIS0_EEP8_IO_FILE	todo	(free function)	load	load(std::vector<wxPoint, std::allocator<wxPoint> >&, _IO_FILE*)
651194	_Z4loadRSt6vectorI7TSpriteSaIS0_EEP8_IO_FILE	todo	(free function)	load	load(std::vector<TSprite, std::allocator<TSprite> >&, _IO_FILE*)
651293	_Z4loadRSt6vectorI11TCharHolderSaIS0_EEP8_IO_FILE	todo	(free function)	load	load(std::vector<TCharHolder, std::allocator<TCharHolder> >&, _IO_FILE*)
651470	_Z4loadRSt6vectorIfSaIfEEP8_IO_FILE	todo	(free function)	load	load(std::vector<float, std::allocator<float> >&, _IO_FILE*)
651551	_Z4loadRSt6vectorIiSaIiEEP8_IO_FILE	todo	(free function)	load	load(std::vector<int, std::allocator<int> >&, _IO_FILE*)
651632	_Z4loadRSt6vectorI13TTextLanguageSaIS0_EEP8_IO_FILE	todo	(free function)	load	load(std::vector<TTextLanguage, std::allocator<TTextLanguage> >&, _IO_FILE*)
651922	_Z10loadObjectP8_IO_FILEPvii	todo	(free function)	loadObject	loadObject(_IO_FILE*, void*, int, int)
652339	_Z10loadObjectP8_IO_FILEPvii_constprop_174	todo	(free function)	loadObject	loadObject(_IO_FILE*, void*, int, int)
652737	_Z14make_structureR13bin_structureP8_IO_FILE	todo	(free function)	make_structure	make_structure(bin_structure&, _IO_FILE*)
653127	_ZN11TVisionaire10BinaryLoadER8TVedFile16TLoadingTypeEnumP11TSignalSlotPiP12EventHandler	todo	TVisionaire	BinaryLoad	TVisionaire::BinaryLoad(TVedFile&, TLoadingTypeEnum, TSignalSlot*, int*, EventHandler*)
655305	_ZN11TVisionaire10BinarySaveERK10wxFileNameP12EventHandlerbP18TProjectFileWriter	todo	TVisionaire	BinarySave	TVisionaire::BinarySave(wxFileName const&, EventHandler*, bool, TProjectFileWriter*)
659327	_ZN13bin_structureD2Ev	todo	bin_structure	~bin_structure	bin_structure::~bin_structure()
660658	_GLOBAL__sub_I_membuf	todo	(free function)	_GLOBAL__sub_I_membuf	_GLOBAL__sub_I_membuf
660697	_ZNK6TTable9GetObjectERK3TId_part_16	todo	TTable	GetObject	TTable::GetObject(TId const&) const
660799	_ZNK6TTable9GetObjectERK3TIdR10TVisObjRefb	todo	TTable	GetObject	TTable::GetObject(TId const&, TVisObjRef&, bool) const
661005	_ZNK6TTable9GetObjectERK3TId	todo	TTable	GetObject	TTable::GetObject(TId const&) const
661060	_ZNK6TTable17GetObjectPositionERK3TIdRm	todo	TTable	GetObjectPosition	TTable::GetObjectPosition(TId const&, unsigned long&) const
661224	_ZNK6TTable9GetObjectERK8wxString	todo	TTable	GetObject	TTable::GetObject(wxString const&) const
661310	_ZNK6TTable17GetObjectPositionERK8wxStringRK3TIdRm	todo	TTable	GetObjectPosition	TTable::GetObjectPosition(wxString const&, TId const&, unsigned long&) const
661498	_ZN6TTable15GetActiveObjectERK3TId	todo	TTable	GetActiveObject	TTable::GetActiveObject(TId const&)
661612	_ZN6TTable19ValidateParentLinksEv	todo	TTable	ValidateParentLinks	TTable::ValidateParentLinks()
661788	_ZN6TTable5ClearEv	todo	TTable	Clear	TTable::Clear()
661898	_ZN6TTable14MoveOrderFirstEPK17TVisionaireObject	todo	TTable	MoveOrderFirst	TTable::MoveOrderFirst(TVisionaireObject const*)
662047	_ZN6TTable13MoveOrderLastEPK17TVisionaireObject	todo	TTable	MoveOrderLast	TTable::MoveOrderLast(TVisionaireObject const*)
662196	_ZN6TTable11MoveOrderUpEPK17TVisionaireObject	todo	TTable	MoveOrderUp	TTable::MoveOrderUp(TVisionaireObject const*)
662386	_ZN6TTable13MoveOrderDownEPK17TVisionaireObject	todo	TTable	MoveOrderDown	TTable::MoveOrderDown(TVisionaireObject const*)
662577	_ZNK6TTable13GetSizeMemoryEv	todo	TTable	GetSizeMemory	TTable::GetSizeMemory() const
662617	_ZNK6TTable13GetSizeMemoryERK17TVisionaireObjectb	todo	TTable	GetSizeMemory	TTable::GetSizeMemory(TVisionaireObject const&, bool) const
662700	_ZNK6TTable13GetIdentifierEv	todo	TTable	GetIdentifier	TTable::GetIdentifier() const
662716	_ZNK6TTable14GetDescriptionEv	todo	TTable	GetDescription	TTable::GetDescription() const
662732	_ZNK6TTable12GetTableNameEv	todo	TTable	GetTableName	TTable::GetTableName() const
662749	_ZNK6TTable12GetTypeGroupERiPPK10TTypeGroup	todo	TTable	GetTypeGroup	TTable::GetTypeGroup(int&, TTypeGroup const**) const
662770	_ZN6TTable12GetTypeGroupEv	todo	TTable	GetTypeGroup	TTable::GetTypeGroup()
662786	_ZNK6TTable19GetObjectAtPositionEPP17TVisionaireObjecti	todo	TTable	GetObjectAtPosition	TTable::GetObjectAtPosition(TVisionaireObject**, int) const
662818	_ZNK6TTable8GetCountEv	todo	TTable	GetCount	TTable::GetCount() const
662837	_ZN6TTable12RemoveObjectEP17TVisionaireObject	todo	TTable	RemoveObject	TTable::RemoveObject(TVisionaireObject*)
663264	_ZN6TTable9SerializeER18TProjectFileWriter	todo	TTable	Serialize	TTable::Serialize(TProjectFileWriter&)
663370	_ZNK6TTable13IsActiveTableEv	todo	TTable	IsActiveTable	TTable::IsActiveTable() const
663392	_ZN6TTable15ResetActiveDataEv	todo	TTable	ResetActiveData	TTable::ResetActiveData()
663421	_ZN6TTable11NotifyNewIdEi	todo	TTable	NotifyNewId	TTable::NotifyNewId(int)
663459	_ZN6TTable15InitVersionedIdEv	todo	TTable	InitVersionedId	TTable::InitVersionedId()
663486	_ZN6TTable14SetVersionedIdEl	todo	TTable	SetVersionedId	TTable::SetVersionedId(long)
663503	_ZNK6TTable13GetNewObjectsER6TVList	todo	TTable	GetNewObjects	TTable::GetNewObjects(TVList&) const
663606	_ZNK6TTable17GetDeletedObjectsEPKS_R6TVList	todo	TTable	GetDeletedObjects	TTable::GetDeletedObjects(TTable const*, TVList&) const
663725	_ZNK6TTable17GetChangedObjectsER6TVList	todo	TTable	GetChangedObjects	TTable::GetChangedObjects(TVList&) const
663797	_ZNK6TTable25GetConflictedObjectsCountEPKS_	todo	TTable	GetConflictedObjectsCount	TTable::GetConflictedObjectsCount(TTable const*) const
663941	_ZN6TTable16ImportNewObjectsERK11TVisionairePS_	todo	TTable	ImportNewObjects	TTable::ImportNewObjects(TVisionaire const&, TTable*)
664217	_ZN6TTable12MergeObjectsEPKS_R21TVisObjectCompareInfo	todo	TTable	MergeObjects	TTable::MergeObjects(TTable const*, TVisObjectCompareInfo&)
664407	_ZN6TTable14CreateTempDataEv	todo	TTable	CreateTempData	TTable::CreateTempData()
664455	_ZN6TTable14RemoveTempDataEv	todo	TTable	RemoveTempData	TTable::RemoveTempData()
664491	_ZN6TTable10BeginPasteEv	todo	TTable	BeginPaste	TTable::BeginPaste()
664511	_ZN6TTable24FixOrderOfImportedObjectEP17TVisionaireObject	todo	TTable	FixOrderOfImportedObject	TTable::FixOrderOfImportedObject(TVisionaireObject*)
664827	_ZN6TTableD2Ev	todo	TTable	~TTable	TTable::~TTable()
664949	_ZN6TTableC2EP11TVisionaireiiRK8wxStringiP10TTypeGroupib	todo	TTable	TTable	TTable::TTable(TVisionaire*, int, int, wxString const&, int, TTypeGroup*, int, bool)
665092	_ZN6TTable8EndPasteEv	todo	TTable	EndPaste	TTable::EndPaste()
665317	_ZN6TTable16CreateObjectLoadEi	todo	TTable	CreateObjectLoad	TTable::CreateObjectLoad(int)
665520	_ZN6TTable11PasteObjectEPK17TVisionaireObjectRK3TIdi	todo	TTable	PasteObject	TTable::PasteObject(TVisionaireObject const*, TId const&, int)
665813	_ZN6TTable12CreateObjectEP17TVisionaireObjectib	todo	TTable	CreateObject	TTable::CreateObject(TVisionaireObject*, int, bool)
666378	_ZN6TTable18CreateActiveObjectERK3TId	todo	TTable	CreateActiveObject	TTable::CreateActiveObject(TId const&)
666506	_ZN6TTable18CreateObjectWithIdERK3TIdi	todo	TTable	CreateObjectWithId	TTable::CreateObjectWithId(TId const&, int)
667194	_ZN6TTable17ObjectNameChangedEPK17TVisionaireObjecti	todo	TTable	ObjectNameChanged	TTable::ObjectNameChanged(TVisionaireObject const*, int)
667552	_ZN6TTable9GetByNameERK8wxStringR10TVisObjRef	todo	TTable	GetByName	TTable::GetByName(wxString const&, TVisObjRef&)
667964	_ZNK6TTable7GetListER6TVListb	todo	TTable	GetList	TTable::GetList(TVList&, bool) const
668512	_Z34ix86_override_options_after_changev_60	todo	(free function)	ix86_override_options_after_change	ix86_override_options_after_change()
668535	_ZN9TTypeDataC2Ei9eTypeData16eVisionaireTableii	todo	TTypeData	TTypeData	TTypeData::TTypeData(int, eTypeData, eVisionaireTable, int, int)
668559	_ZN9TTypeDataC2Ei9eTypeDataii	todo	TTypeData	TTypeData	TTypeData::TTypeData(int, eTypeData, int, int)
668582	_ZN9TTypeDataC2Ei9eTypeData9eSaveGameiiii	todo	TTypeData	TTypeData	TTypeData::TTypeData(int, eTypeData, eSaveGame, int, int, int, int)
668625	_ZN9TTypeDataC2ERKS_	todo	TTypeData	TTypeData	TTypeData::TTypeData(TTypeData const&)
668662	_ZN9TTypeDataD2Ev	todo	TTypeData	~TTypeData	TTypeData::~TTypeData()
668677	_ZNK9TTypeData14GetDescriptionEv	todo	TTypeData	GetDescription	TTypeData::GetDescription() const
668694	_ZNK9TTypeData7GetTypeEv	todo	TTypeData	GetType	TTypeData::GetType() const
668710	_ZNK9TTypeData11GetTypeLinkEv	todo	TTypeData	GetTypeLink	TTypeData::GetTypeLink() const
668727	_ZNK9TTypeData10IsTempTypeEv	todo	TTypeData	IsTempType	TTypeData::IsTempType() const
668743	_ZNK9TTypeData8IsInFileEv	todo	TTypeData	IsInFile	TTypeData::IsInFile() const
668760	_ZNK9TTypeData9GetOffsetEv	todo	TTypeData	GetOffset	TTypeData::GetOffset() const
668776	_ZNK9TTypeData21IsFittingSaveGameTypeEb	todo	TTypeData	IsFittingSaveGameType	TTypeData::IsFittingSaveGameType(bool) const
668820	_ZNK9TTypeData15GetSaveGameTypeEv	todo	TTypeData	GetSaveGameType	TTypeData::GetSaveGameType() const
668838	_ZNK9TTypeData12GetVersionInEv	todo	TTypeData	GetVersionIn	TTypeData::GetVersionIn() const
668855	_ZNK9TTypeData13GetVersionOutEv	todo	TTypeData	GetVersionOut	TTypeData::GetVersionOut() const
668872	_ZNK9TTypeData20GetVersionSaveGameInEv	todo	TTypeData	GetVersionSaveGameIn	TTypeData::GetVersionSaveGameIn() const
668889	_ZNK9TTypeData21GetVersionSaveGameOutEv	todo	TTypeData	GetVersionSaveGameOut	TTypeData::GetVersionSaveGameOut() const
668906	_ZNK9TTypeDataeqERKS_	todo	TTypeData	operator==	TTypeData::operator==(TTypeData const&) const
668932	_ZN9TTypeDataaSERKS_	todo	TTypeData	operator=	TTypeData::operator=(TTypeData const&)
668969	_Z34ix86_override_options_after_changev_61	todo	(free function)	ix86_override_options_after_change	ix86_override_options_after_change()
668992	_ZNK8GLShader9IsCreatedEv	todo	GLShader	IsCreated	GLShader::IsCreated() const
669009	_ZNK8GLShader3UseEv	todo	GLShader	Use	GLShader::Use() const
669034	_ZNK8GLShader6SetIntEii	todo	GLShader	SetInt	GLShader::SetInt(int, int) const
669066	_ZNK8GLShader6SetIntEPKci	todo	GLShader	SetInt	GLShader::SetInt(char const*, int) const
669117	_ZNK8GLShader8SetFloatEPKcf	todo	GLShader	SetFloat	GLShader::SetFloat(char const*, float) const
669165	_ZNK8GLShader9SetFloat2EPKcff	todo	GLShader	SetFloat2	GLShader::SetFloat2(char const*, float, float) const
669216	_ZNK8GLShader9SetFloat3EPKcfff	todo	GLShader	SetFloat3	GLShader::SetFloat3(char const*, float, float, float) const
669271	_ZNK8GLShader9SetFloat4EPKcffff	todo	GLShader	SetFloat4	GLShader::SetFloat4(char const*, float, float, float, float) const
669327	_ZNK8GLShader9SetFloat2EPKcPKf	todo	GLShader	SetFloat2	GLShader::SetFloat2(char const*, float const*) const
669380	_ZNK8GLShader9SetFloat3EPKcPKf	todo	GLShader	SetFloat3	GLShader::SetFloat3(char const*, float const*) const
669433	_ZNK8GLShader9SetFloat4EPKcPKf	todo	GLShader	SetFloat4	GLShader::SetFloat4(char const*, float const*) const
669486	_ZNK8GLShader7SetMat4EPKcPf	todo	GLShader	SetMat4	GLShader::SetMat4(char const*, float*) const
669539	_ZNK8GLShader7SetMat4EPKciPf	todo	GLShader	SetMat4	GLShader::SetMat4(char const*, int, float*) const
669597	_ZNK8GLShader7SetMat3EPKcPf	todo	GLShader	SetMat3	GLShader::SetMat3(char const*, float*) const
669650	_ZNK8GLShader7SetMat4EPKcRK8TMatrix4	todo	GLShader	SetMat4	GLShader::SetMat4(char const*, TMatrix4 const&) const
669704	_ZNK8GLShader7SetMat3EPKcRK8TMatrix3	todo	GLShader	SetMat3	GLShader::SetMat3(char const*, TMatrix3 const&) const
669758	_ZN20TGraphicsSubSystemGL21GetCurrentFramebufferEv	todo	TGraphicsSubSystemGL	GetCurrentFramebuffer	TGraphicsSubSystemGL::GetCurrentFramebuffer()
669775	_ZN20TGraphicsSubSystemGL13SetDrawBufferEP7TBuffer	todo	TGraphicsSubSystemGL	SetDrawBuffer	TGraphicsSubSystemGL::SetDrawBuffer(TBuffer*)
669794	_ZN20TGraphicsSubSystemGL14SetIndexBufferEP7TBuffer	todo	TGraphicsSubSystemGL	SetIndexBuffer	TGraphicsSubSystemGL::SetIndexBuffer(TBuffer*)
669813	_ZN9TBufferGLD2Ev	todo	TBufferGL	~TBufferGL	TBufferGL::~TBufferGL()
669843	_ZN9TBufferGL6UpdateEiPf	todo	TBufferGL	Update	TBufferGL::Update(int, float*)
669888	_ZN9TBufferGL6UpdateEiPs	todo	TBufferGL	Update	TBufferGL::Update(int, short*)
669933	_ZN9TBufferGL6UpdateEiPh	todo	TBufferGL	Update	TBufferGL::Update(int, unsigned char*)
669978	_ZN14TFramebufferGL7CreatedEv	todo	TFramebufferGL	Created	TFramebufferGL::Created()
669995	_ZN10TTextureGL9IsCreatedEv	todo	TTextureGL	IsCreated	TTextureGL::IsCreated()
670012	_ZN9TBufferGLD0Ev	todo	TBufferGL	~TBufferGL	TBufferGL::~TBufferGL()
670043	_ZN20TGraphicsSubSystemGL12CreateBufferEbbi	todo	TGraphicsSubSystemGL	CreateBuffer	TGraphicsSubSystemGL::CreateBuffer(bool, bool, int)
670094	_ZN20TGraphicsSubSystemGL17CreateFramebufferEv	todo	TGraphicsSubSystemGL	CreateFramebuffer	TGraphicsSubSystemGL::CreateFramebuffer()
670119	_ZN20TGraphicsSubSystemGL13CreateTextureEv	todo	TGraphicsSubSystemGL	CreateTexture	TGraphicsSubSystemGL::CreateTexture()
670143	_ZN20TGraphicsSubSystemGL16ClearTextureSlotEi	todo	TGraphicsSubSystemGL	ClearTextureSlot	TGraphicsSubSystemGL::ClearTextureSlot(int)
670188	_ZN14TFramebufferGLD2Ev	todo	TFramebufferGL	~TFramebufferGL	TFramebufferGL::~TFramebufferGL()
670243	_ZN20TGraphicsSubSystemGL14BindBackbufferEv	todo	TGraphicsSubSystemGL	BindBackbuffer	TGraphicsSubSystemGL::BindBackbuffer()
670270	_ZN20TGraphicsSubSystemGL13EnableCullingEb	todo	TGraphicsSubSystemGL	EnableCulling	TGraphicsSubSystemGL::EnableCulling(bool)
670300	_ZN20TGraphicsSubSystemGL15EnableDepthTestEb	todo	TGraphicsSubSystemGL	EnableDepthTest	TGraphicsSubSystemGL::EnableDepthTest(bool)
670324	_ZN20TGraphicsSubSystemGL10ScissorEndEv	todo	TGraphicsSubSystemGL	ScissorEnd	TGraphicsSubSystemGL::ScissorEnd()
670341	_ZN20TGraphicsSubSystemGL7ScissorEiiii	todo	TGraphicsSubSystemGL	Scissor	TGraphicsSubSystemGL::Scissor(int, int, int, int)
670383	_ZN20TGraphicsSubSystemGL14CopyScreenshotEiiiiPv	todo	TGraphicsSubSystemGL	CopyScreenshot	TGraphicsSubSystemGL::CopyScreenshot(int, int, int, int, void*)
670436	_ZN20TGraphicsSubSystemGL5ClearEb	todo	TGraphicsSubSystemGL	Clear	TGraphicsSubSystemGL::Clear(bool)
670461	_ZN20TGraphicsSubSystemGL13SetClearColorEffff	todo	TGraphicsSubSystemGL	SetClearColor	TGraphicsSubSystemGL::SetClearColor(float, float, float, float)
670477	_ZN20TGraphicsSubSystemGL8EndFrameEv	todo	TGraphicsSubSystemGL	EndFrame	TGraphicsSubSystemGL::EndFrame()
670501	_ZN20TGraphicsSubSystemGL16DrawIndexedLinesEii	todo	TGraphicsSubSystemGL	DrawIndexedLines	TGraphicsSubSystemGL::DrawIndexedLines(int, int)
670523	_ZN20TGraphicsSubSystemGL18DrawArraysLineLoopEii	todo	TGraphicsSubSystemGL	DrawArraysLineLoop	TGraphicsSubSystemGL::DrawArraysLineLoop(int, int)
670540	_ZN20TGraphicsSubSystemGL15DrawArraysLinesEii	todo	TGraphicsSubSystemGL	DrawArraysLines	TGraphicsSubSystemGL::DrawArraysLines(int, int)
670557	_ZN20TGraphicsSubSystemGL21DrawArraysTriangleFanEii	todo	TGraphicsSubSystemGL	DrawArraysTriangleFan	TGraphicsSubSystemGL::DrawArraysTriangleFan(int, int)
670574	_ZN20TGraphicsSubSystemGL21GetMaximumTextureSizeEv	todo	TGraphicsSubSystemGL	GetMaximumTextureSize	TGraphicsSubSystemGL::GetMaximumTextureSize()
670600	_ZN8GLShader12BindTexturesEv	todo	GLShader	BindTextures	GLShader::BindTextures()
670695	_ZN9TBufferGL4BindEv	todo	TBufferGL	Bind	TBufferGL::Bind()
670737	_ZN20TGraphicsSubSystemGL12SetBlendModeE10eBlendModeS0_S0_S0_	todo	TGraphicsSubSystemGL	SetBlendMode	TGraphicsSubSystemGL::SetBlendMode(eBlendMode, eBlendMode, eBlendMode, eBlendMode)
670849	_ZN8GLShader7CompileEPKc	todo	GLShader	Compile	GLShader::Compile(char const*)
670960	_ZN14TFramebufferGLD0Ev	todo	TFramebufferGL	~TFramebufferGL	TFramebufferGL::~TFramebufferGL()
671016	_ZN14TFramebufferGL18CreateMultisampledEbbii	todo	TFramebufferGL	CreateMultisampled	TFramebufferGL::CreateMultisampled(bool, bool, int, int)
671226	_ZN8GLShader17CompileFromMemoryERKSsPKc	todo	GLShader	CompileFromMemory	GLShader::CompileFromMemory(std::basic_string<char, std::char_traits<char>, std::allocator<char> > const&, char const*)
671568	_Z8toGLEnum10eBlendMode	todo	(free function)	toGLEnum	toGLEnum(eBlendMode)
671589	_ZN8GLShader8PrintLogEj	todo	GLShader	PrintLog	GLShader::PrintLog(unsigned int)
671818	_ZN8GLShader15CompileFromCodeEPKcS1_S1_PS1_	todo	GLShader	CompileFromCode	GLShader::CompileFromCode(char const*, char const*, char const*, char const**)
671979	_ZN8GLShader12CreateShaderEPKcj	todo	GLShader	CreateShader	GLShader::CreateShader(char const*, unsigned int)
672020	_ZN20TGraphicsSubSystemGL16InvalidateArraysEv	todo	TGraphicsSubSystemGL	InvalidateArrays	TGraphicsSubSystemGL::InvalidateArrays()
672044	_ZN20TGraphicsSubSystemGL12GatherArraysEv	todo	TGraphicsSubSystemGL	GatherArrays	TGraphicsSubSystemGL::GatherArrays()
672439	_ZN20TGraphicsSubSystemGL20DrawIndexedTrianglesEii	todo	TGraphicsSubSystemGL	DrawIndexedTriangles	TGraphicsSubSystemGL::DrawIndexedTriangles(int, int)
672493	_ZN20TGraphicsSubSystemGL19DrawArraysTrianglesEii	todo	TGraphicsSubSystemGL	DrawArraysTriangles	TGraphicsSubSystemGL::DrawArraysTriangles(int, int)
672543	_ZN20TGraphicsSubSystemGL12EnableArraysEi	todo	TGraphicsSubSystemGL	EnableArrays	TGraphicsSubSystemGL::EnableArrays(int)
672742	_ZN20TGraphicsSubSystemGL11SetupArraysE11VertexArrayS0_S0_	todo	TGraphicsSubSystemGL	SetupArrays	TGraphicsSubSystemGL::SetupArrays(VertexArray, VertexArray, VertexArray)
672809	_ZN20TGraphicsSubSystemGL11SetupArraysE11VertexArrayS0_	todo	TGraphicsSubSystemGL	SetupArrays	TGraphicsSubSystemGL::SetupArrays(VertexArray, VertexArray)
672861	_ZN20TGraphicsSubSystemGL11SetupArraysE11VertexArray	todo	TGraphicsSubSystemGL	SetupArrays	TGraphicsSubSystemGL::SetupArrays(VertexArray)
672896	_ZN9TBufferGLC2Eb	todo	TBufferGL	TBufferGL	TBufferGL::TBufferGL(bool)
672937	_ZN14TFramebufferGLC2Ev	todo	TFramebufferGL	TFramebufferGL	TFramebufferGL::TFramebufferGL()
672957	_ZN10TTextureGLC2Ev	todo	TTextureGL	TTextureGL	TTextureGL::TTextureGL()
672976	_ZN8GLShaderD2Ev	todo	GLShader	~GLShader	GLShader::~GLShader()
673238	_ZN8GLShaderD0Ev	todo	GLShader	~GLShader	GLShader::~GLShader()
673258	_ZN8GLShaderC2Ev	todo	GLShader	GLShader	GLShader::GLShader()
673431	_ZN20TGraphicsSubSystemGL12CreateShaderEv	todo	TGraphicsSubSystemGL	CreateShader	TGraphicsSubSystemGL::CreateShader()
673610	_ZN20TGraphicsSubSystemGL4InitEv	todo	TGraphicsSubSystemGL	Init	TGraphicsSubSystemGL::Init()
673848	_ZNK8GLShader9GetAttribEPKc	todo	GLShader	GetAttrib	GLShader::GetAttrib(char const*) const
674208	_ZN14TFramebufferGL11BindTextureEi	todo	TFramebufferGL	BindTexture	TFramebufferGL::BindTexture(int)
674353	_ZN10TTextureGL4BindEi	todo	TTextureGL	Bind	TTextureGL::Bind(int)
674490	_ZN10TTextureGL12EnableMipmapE18TInterpolationEnum	todo	TTextureGL	EnableMipmap	TTextureGL::EnableMipmap(TInterpolationEnum)
674641	_ZN10TTextureGLD2Ev	todo	TTextureGL	~TTextureGL	TTextureGL::~TTextureGL()
674761	_ZN10TTextureGLD0Ev	todo	TTextureGL	~TTextureGL	TTextureGL::~TTextureGL()
674781	_ZN14TFramebufferGL16BindDepthTextureEi	todo	TFramebufferGL	BindDepthTexture	TFramebufferGL::BindDepthTexture(int)
674926	_ZN14TFramebufferGL15GenerateMipmapsEv	todo	TFramebufferGL	GenerateMipmaps	TFramebufferGL::GenerateMipmaps()
675059	_ZN14TFramebufferGL9ResolveToEP12TFramebuffer	todo	TFramebufferGL	ResolveTo	TFramebufferGL::ResolveTo(TFramebuffer*)
675194	_ZN10TTextureGL18CreateFloatTextureEii	todo	TTextureGL	CreateFloatTexture	TTextureGL::CreateFloatTexture(int, int)
675343	_ZN14TFramebufferGL4BindEv	todo	TFramebufferGL	Bind	TFramebufferGL::Bind()
675461	_ZN10TTextureGL6UpdateEPKc	todo	TTextureGL	Update	TTextureGL::Update(char const*)
675616	_ZN10TTextureGL6UpdateEiiiiPKc	todo	TTextureGL	Update	TTextureGL::Update(int, int, int, int, char const*)
675761	_ZN10TTextureGL15GenerateMipmapsEv	todo	TTextureGL	GenerateMipmaps	TTextureGL::GenerateMipmaps()
675869	_ZN10TTextureGL12SetRepeatingEv	todo	TTextureGL	SetRepeating	TTextureGL::SetRepeating()
675983	_ZN14TFramebufferGL6CreateEbbbii	todo	TFramebufferGL	Create	TFramebufferGL::Create(bool, bool, bool, int, int)
676529	_ZN10TTextureGL6CreateE18TInterpolationEnumS0_bbiii	todo	TTextureGL	Create	TTextureGL::Create(TInterpolationEnum, TInterpolationEnum, bool, bool, int, int, int)
676931	_ZNK8GLShader10GetUniformEPKc	todo	GLShader	GetUniform	GLShader::GetUniform(char const*) const
677262	_ZN20TGraphicsSubSystemGL14GetAdapterInfoEv	todo	TGraphicsSubSystemGL	GetAdapterInfo	TGraphicsSubSystemGL::GetAdapterInfo()
677518	_ZN8GLShader10SetTextureEPKcS1_	todo	GLShader	SetTexture	GLShader::SetTexture(char const*, char const*)
677816	_ZN8GLShader10SetTextureEPKcP12TFramebuffer	todo	GLShader	SetTexture	GLShader::SetTexture(char const*, TFramebuffer*)
678023	_ZN20TGraphicsSubSystemGL10SetupArrayEiiiii	todo	TGraphicsSubSystemGL	SetupArray	TGraphicsSubSystemGL::SetupArray(int, int, int, int, int)
678109	_ZN20TGraphicsSubSystemGLC2Ev	todo	TGraphicsSubSystemGL	TGraphicsSubSystemGL	TGraphicsSubSystemGL::TGraphicsSubSystemGL()
678203	_ZN12TFramebufferD2Ev	todo	TFramebuffer	~TFramebuffer	TFramebuffer::~TFramebuffer()
678219	_ZN7TBufferD2Ev	todo	TBuffer	~TBuffer	TBuffer::~TBuffer()
678235	_ZN8TTextureD2Ev	todo	TTexture	~TTexture	TTexture::~TTexture()
678251	_ZN18TGraphicsSubSystemD2Ev	todo	TGraphicsSubSystem	~TGraphicsSubSystem	TGraphicsSubSystem::~TGraphicsSubSystem()
678267	_ZN20TGraphicsSubSystemGL10BeginFrameEv	todo	TGraphicsSubSystemGL	BeginFrame	TGraphicsSubSystemGL::BeginFrame()
678283	_ZN20TGraphicsSubSystemGL6ResizeEiib	todo	TGraphicsSubSystemGL	Resize	TGraphicsSubSystemGL::Resize(int, int, bool)
678299	_ZN18TGraphicsSubSystemD0Ev	todo	TGraphicsSubSystem	~TGraphicsSubSystem	TGraphicsSubSystem::~TGraphicsSubSystem()
678315	_ZN8TTextureD0Ev	todo	TTexture	~TTexture	TTexture::~TTexture()
678331	_ZN7TBufferD0Ev	todo	TBuffer	~TBuffer	TBuffer::~TBuffer()
678347	_ZN12TFramebufferD0Ev	todo	TFramebuffer	~TFramebuffer	TFramebuffer::~TFramebuffer()
678364	_ZN18no_check_checker_t9to_stringEv_1	todo	no_check_checker_t	to_string	no_check_checker_t::to_string()
678390	_ZN20TGraphicsSubSystemGLD2Ev	todo	TGraphicsSubSystemGL	~TGraphicsSubSystemGL	TGraphicsSubSystemGL::~TGraphicsSubSystemGL()
678420	_ZN20TGraphicsSubSystemGLD0Ev	todo	TGraphicsSubSystemGL	~TGraphicsSubSystemGL	TGraphicsSubSystemGL::~TGraphicsSubSystemGL()
678453	_ZN7TShaderD2Ev	todo	TShader	~TShader	TShader::~TShader()
678517	_ZN7TShaderD0Ev	todo	TShader	~TShader	TShader::~TShader()
678583	_ZN10ShaderInfoD2Ev	todo	ShaderInfo	~ShaderInfo	ShaderInfo::~ShaderInfo()
680176	_Z34ix86_override_options_after_changev_62	todo	(free function)	ix86_override_options_after_change	ix86_override_options_after_change()
680670	_Z10JsonStringRKN9rapidjson12GenericValueINS_4UTF8IcEENS_19MemoryPoolAllocatorINS_12CrtAllocatorEEEEERKSs	todo	(free function)	JsonString	JsonString(rapidjson::GenericValue<rapidjson::UTF8<char>, rapidjson::MemoryPoolAllocator<rapidjson::CrtAllocator> > const&, std::basic_string<char, std::char_traits<char>, std::allocator<char> > const&)
680937	_ZN14SpineContainer11GetInstanceEv	todo	SpineContainer	GetInstance	SpineContainer::GetInstance()
680987	_ZN13SpineSkeletonD2Ev	todo	SpineSkeleton	~SpineSkeleton	SpineSkeleton::~SpineSkeleton()
681381	_ZN14SpineContainer6DecRefEP13SpineSkeleton	todo	SpineContainer	DecRef	SpineContainer::DecRef(SpineSkeleton*)
681481	_ZN13SpineSkeleton7GetSizeEi	todo	SpineSkeleton	GetSize	SpineSkeleton::GetSize(int)
681715	_ZN13SpineSkeleton6UpdateEifb	todo	SpineSkeleton	Update	SpineSkeleton::Update(int, float, bool)
681803	_ZN13SpineSkeleton9MixUpdateEif	todo	SpineSkeleton	MixUpdate	SpineSkeleton::MixUpdate(int, float)
681913	_ZN13SpineSkeleton7SetTimeEif	todo	SpineSkeleton	SetTime	SpineSkeleton::SetTime(int, float)
682015	_ZN13SpineSkeleton7SetSkinERKSs	todo	SpineSkeleton	SetSkin	SpineSkeleton::SetSkin(std::basic_string<char, std::char_traits<char>, std::allocator<char> > const&)
682032	_ZN13SpineSkeleton13SetAttachmentERKSsS1_	todo	SpineSkeleton	SetAttachment	SpineSkeleton::SetAttachment(std::basic_string<char, std::char_traits<char>, std::allocator<char> > const&, std::basic_string<char, std::char_traits<char>, std::allocator<char> > const&)
682050	_ZN13SpineSkeleton13FreeAnimationEi	todo	SpineSkeleton	FreeAnimation	SpineSkeleton::FreeAnimation(int)
682077	_ZNK13SpineSkeleton9EnumFilesEv	todo	SpineSkeleton	EnumFiles	SpineSkeleton::EnumFiles() const
682093	_ZNK13SpineSkeleton22GetAnimationIdDurationEi	todo	SpineSkeleton	GetAnimationIdDuration	SpineSkeleton::GetAnimationIdDuration(int) const
682127	_ZNK13SpineSkeleton20GetAnimationDurationEi	todo	SpineSkeleton	GetAnimationDuration	SpineSkeleton::GetAnimationDuration(int) const
682174	_ZNK13SpineSkeleton7GetTimeEi	todo	SpineSkeleton	GetTime	SpineSkeleton::GetTime(int) const
682208	_ZN13SpineSkeleton11GetSkeletonEi	todo	SpineSkeleton	GetSkeleton	SpineSkeleton::GetSkeleton(int)
682241	_ZN13SpineSkeleton12PushSkeletonEPKcmS1_m	todo	SpineSkeleton	PushSkeleton	SpineSkeleton::PushSkeleton(char const*, unsigned long, char const*, unsigned long)
682468	_ZN13SpineSkeletonC2E8wxStringPKcmS2_m	todo	SpineSkeleton	SpineSkeleton	SpineSkeleton::SpineSkeleton(wxString, char const*, unsigned long, char const*, unsigned long)
682690	_ZN13SpineSkeleton4DrawEi	todo	SpineSkeleton	Draw	SpineSkeleton::Draw(int)
683450	_ZN13SpineSkeleton12SetAnimationEiib	todo	SpineSkeleton	SetAnimation	SpineSkeleton::SetAnimation(int, int, bool)
683831	_ZN13SpineSkeleton12SetAnimationERKSsb	todo	SpineSkeleton	SetAnimation	SpineSkeleton::SetAnimation(std::basic_string<char, std::char_traits<char>, std::allocator<char> > const&, bool)
683907	_ZN13SpineSkeleton12SetAnimationERKSsS1_b	todo	SpineSkeleton	SetAnimation	SpineSkeleton::SetAnimation(std::basic_string<char, std::char_traits<char>, std::allocator<char> > const&, std::basic_string<char, std::char_traits<char>, std::allocator<char> > const&, bool)
684313	_ZNK13SpineSkeleton14EnumAnimationsEi	todo	SpineSkeleton	EnumAnimations	SpineSkeleton::EnumAnimations(int) const
684510	_ZNK13SpineSkeleton14EnumAnimationsEv	todo	SpineSkeleton	EnumAnimations	SpineSkeleton::EnumAnimations() const
684747	_ZN13SpineSkeletonC2ERKSt6vectorI8wxStringSaIS1_EE	todo	SpineSkeleton	SpineSkeleton	SpineSkeleton::SpineSkeleton(std::vector<wxString, std::allocator<wxString> > const&)
685745	_ZN14SpineContainer4LoadERK8wxString	todo	SpineContainer	Load	SpineContainer::Load(wxString const&)
686597	_ZN14SpineContainer4LoadEiRKSt6vectorI8wxStringSaIS1_EE	todo	SpineContainer	Load	SpineContainer::Load(int, std::vector<wxString, std::allocator<wxString> > const&)
687530	_ZN14SpineContainerD2Ev	todo	SpineContainer	~SpineContainer	SpineContainer::~SpineContainer()
689071	_Z34ix86_override_options_after_changev_63	todo	(free function)	ix86_override_options_after_change	ix86_override_options_after_change()
689094	_ZN7Emitter13UpdateEmitterEf	todo	Emitter	UpdateEmitter	Emitter::UpdateEmitter(float)
689141	_ZL8HSVToRGBPfS_S_fff_constprop_162	todo	(free function)	HSVToRGB	HSVToRGB(float*, float*, float*, float, float, float)
689267	_ZN12ImageEmitter13UpdateEmitterEf	todo	ImageEmitter	UpdateEmitter	ImageEmitter::UpdateEmitter(float)
689316	_ZN10BoxEmitter13UpdateEmitterEf	todo	BoxEmitter	UpdateEmitter	BoxEmitter::UpdateEmitter(float)
689365	_ZN12PointEmitter13UpdateEmitterEf	todo	PointEmitter	UpdateEmitter	PointEmitter::UpdateEmitter(float)
689414	_ZN11LineEmitter13UpdateEmitterEf	todo	LineEmitter	UpdateEmitter	LineEmitter::UpdateEmitter(float)
689490	_ZN13SquareEmitter13UpdateEmitterEf	todo	SquareEmitter	UpdateEmitter	SquareEmitter::UpdateEmitter(float)
689539	_ZN13CircleEmitter13UpdateEmitterEf	todo	CircleEmitter	UpdateEmitter	CircleEmitter::UpdateEmitter(float)
689588	_ZN7EmitterD2Ev	todo	Emitter	~Emitter	Emitter::~Emitter()
689958	_ZN7EmitterD0Ev	todo	Emitter	~Emitter	Emitter::~Emitter()
689978	_ZN15RandomGeneratorC2Ev	todo	RandomGenerator	RandomGenerator	RandomGenerator::RandomGenerator()
690026	_ZN15RandomGenerator7setSeedENS_4SeedE	todo	RandomGenerator	setSeed	RandomGenerator::setSeed(RandomGenerator::Seed)
690073	_ZN15RandomGenerator4randEv	todo	RandomGenerator	rand	RandomGenerator::rand()
690100	_Z5RandFf	todo	(free function)	RandF	RandF(float)
690150	_Z10EaseLinearf4vec2S_	todo	(free function)	EaseLinear	EaseLinear(float, vec2, vec2)
690199	_ZN19FloatCurveEvaluater4evalEf	todo	FloatCurveEvaluater	eval	FloatCurveEvaluater::eval(float)
690312	_Z15EaseLinearColorfjj	todo	(free function)	EaseLinearColor	EaseLinearColor(float, unsigned int, unsigned int)
690363	_ZN19ColorCurveEvaluater4evalEf	todo	ColorCurveEvaluater	eval	ColorCurveEvaluater::eval(float)
690535	_ZN7Emitter6UpdateER8Particle	todo	Emitter	Update	Emitter::Update(Particle&)
690777	_ZN19ColorCurveEvaluater9SerializeERSs	todo	ColorCurveEvaluater	Serialize	ColorCurveEvaluater::Serialize(std::basic_string<char, std::char_traits<char>, std::allocator<char> >&)
691054	_ZN19PointCurveEvaluater4evalEf	todo	PointCurveEvaluater	eval	PointCurveEvaluater::eval(float)
691201	_ZN25MinMaxFloatCurveEvaluater4evalEff	todo	MinMaxFloatCurveEvaluater	eval	MinMaxFloatCurveEvaluater::eval(float, float)
691242	_ZN25MinMaxFloatCurveEvaluater9SerializeERSs	todo	MinMaxFloatCurveEvaluater	Serialize	MinMaxFloatCurveEvaluater::Serialize(std::basic_string<char, std::char_traits<char>, std::allocator<char> >&)
691809	_ZN19FloatCurveEvaluater9SerializeERSs	todo	FloatCurveEvaluater	Serialize	FloatCurveEvaluater::Serialize(std::basic_string<char, std::char_traits<char>, std::allocator<char> >&)
692089	_ZN7Emitter16SerializeEmmiterERSs	todo	Emitter	SerializeEmmiter	Emitter::SerializeEmmiter(std::basic_string<char, std::char_traits<char>, std::allocator<char> >&)
693254	_ZN13SquareEmitter16SerializeEmmiterERSs	todo	SquareEmitter	SerializeEmmiter	SquareEmitter::SerializeEmmiter(std::basic_string<char, std::char_traits<char>, std::allocator<char> >&)
693292	_ZN13CircleEmitter16SerializeEmmiterERSs	todo	CircleEmitter	SerializeEmmiter	CircleEmitter::SerializeEmmiter(std::basic_string<char, std::char_traits<char>, std::allocator<char> >&)
693330	_ZN12ImageEmitter16SerializeEmmiterERSs	todo	ImageEmitter	SerializeEmmiter	ImageEmitter::SerializeEmmiter(std::basic_string<char, std::char_traits<char>, std::allocator<char> >&)
693383	_ZN10BoxEmitter16SerializeEmmiterERSs	todo	BoxEmitter	SerializeEmmiter	BoxEmitter::SerializeEmmiter(std::basic_string<char, std::char_traits<char>, std::allocator<char> >&)
693421	_ZN11LineEmitter16SerializeEmmiterERSs	todo	LineEmitter	SerializeEmmiter	LineEmitter::SerializeEmmiter(std::basic_string<char, std::char_traits<char>, std::allocator<char> >&)
693459	_ZN12PointEmitter16SerializeEmmiterERSs	todo	PointEmitter	SerializeEmmiter	PointEmitter::SerializeEmmiter(std::basic_string<char, std::char_traits<char>, std::allocator<char> >&)
693497	_ZN7EmitterC2Ev	todo	Emitter	Emitter	Emitter::Emitter()
693701	_ZN7Emitter9EmitBasicER8Particle	todo	Emitter	EmitBasic	Emitter::EmitBasic(Particle&)
694137	_ZN13SquareEmitter4EmitER8Particle	todo	SquareEmitter	Emit	SquareEmitter::Emit(Particle&)
694369	_ZN13CircleEmitter4EmitER8Particle	todo	CircleEmitter	Emit	CircleEmitter::Emit(Particle&)
694617	_ZN10BoxEmitter4EmitER8Particle	todo	BoxEmitter	Emit	BoxEmitter::Emit(Particle&)
694820	_ZN11LineEmitter4EmitER8Particle	todo	LineEmitter	Emit	LineEmitter::Emit(Particle&)
694996	_ZN12PointEmitter4EmitER8Particle	todo	PointEmitter	Emit	PointEmitter::Emit(Particle&)
695129	_ZN7Emitter4EmitER8Particle	todo	Emitter	Emit	Emitter::Emit(Particle&)
695259	_ZN12ImageEmitter4EmitER8Particle	todo	ImageEmitter	Emit	ImageEmitter::Emit(Particle&)
695485	_ZN17ParticleContainer9SerializeERSs	todo	ParticleContainer	Serialize	ParticleContainer::Serialize(std::basic_string<char, std::char_traits<char>, std::allocator<char> >&)
695920	_ZN17ParticleContainerD2Ev	todo	ParticleContainer	~ParticleContainer	ParticleContainer::~ParticleContainer()
696062	_ZN17ParticleContainerC2Ev	todo	ParticleContainer	ParticleContainer	ParticleContainer::ParticleContainer()
696150	_ZN19FloatCurveEvaluater15ParseFloatArrayERKSt6vectorIfSaIfEE	todo	FloatCurveEvaluater	ParseFloatArray	FloatCurveEvaluater::ParseFloatArray(std::vector<float, std::allocator<float> > const&)
696248	_ZN25MinMaxFloatCurveEvaluater15ParseFloatArrayERKSt6vectorIfSaIfEE	todo	MinMaxFloatCurveEvaluater	ParseFloatArray	MinMaxFloatCurveEvaluater::ParseFloatArray(std::vector<float, std::allocator<float> > const&)
696877	_ZN17ParticleContainer4DrawEv	todo	ParticleContainer	Draw	ParticleContainer::Draw()
697440	_ZN19ColorCurveEvaluater15ParseFloatArrayERKSt6vectorIfSaIfEE	todo	ColorCurveEvaluater	ParseFloatArray	ColorCurveEvaluater::ParseFloatArray(std::vector<float, std::allocator<float> > const&)
697548	_ZN12ImageEmitter15CreateWithImageEPKci	todo	ImageEmitter	CreateWithImage	ImageEmitter::CreateWithImage(char const*, int)
697953	_ZN17ParticleContainer6UpdateEbRK4vec2fb_constprop_161	todo	ParticleContainer	Update	ParticleContainer::Update(bool, vec2 const&, float, bool)
698425	_ZN17ParticleContainer6UpdateEbRK4vec2fb	todo	ParticleContainer	Update	ParticleContainer::Update(bool, vec2 const&, float, bool)
698932	_ZN12PointEmitterD2Ev	todo	PointEmitter	~PointEmitter	PointEmitter::~PointEmitter()
698948	_ZN11LineEmitterD2Ev	todo	LineEmitter	~LineEmitter	LineEmitter::~LineEmitter()
698964	_ZN10BoxEmitterD2Ev	todo	BoxEmitter	~BoxEmitter	BoxEmitter::~BoxEmitter()
698980	_ZN13CircleEmitterD2Ev	todo	CircleEmitter	~CircleEmitter	CircleEmitter::~CircleEmitter()
698996	_ZN13SquareEmitterD2Ev	todo	SquareEmitter	~SquareEmitter	SquareEmitter::~SquareEmitter()
699012	_ZN12ImageEmitterD2Ev	todo	ImageEmitter	~ImageEmitter	ImageEmitter::~ImageEmitter()
699072	_ZN10BoxEmitterD0Ev	todo	BoxEmitter	~BoxEmitter	BoxEmitter::~BoxEmitter()
699093	_ZN11LineEmitterD0Ev	todo	LineEmitter	~LineEmitter	LineEmitter::~LineEmitter()
699114	_ZN12PointEmitterD0Ev	todo	PointEmitter	~PointEmitter	PointEmitter::~PointEmitter()
699135	_ZN13SquareEmitterD0Ev	todo	SquareEmitter	~SquareEmitter	SquareEmitter::~SquareEmitter()
699156	_ZN13CircleEmitterD0Ev	todo	CircleEmitter	~CircleEmitter	CircleEmitter::~CircleEmitter()
699177	_ZN12ImageEmitterD0Ev	todo	ImageEmitter	~ImageEmitter	ImageEmitter::~ImageEmitter()
699698	_GLOBAL__sub_I__ZN15RandomGeneratorC2Ev	todo	(free function)	_GLOBAL__sub_I__ZN15RandomGeneratorC2Ev	_GLOBAL__sub_I__ZN15RandomGeneratorC2Ev
699721	_ZNK21TShaderConstantBuffer6SetIntEii	todo	TShaderConstantBuffer	SetInt	TShaderConstantBuffer::SetInt(int, int) const
699737	_ZNK21TShaderConstantBuffer9SetFloat2EPKcPKf	todo	TShaderConstantBuffer	SetFloat2	TShaderConstantBuffer::SetFloat2(char const*, float const*) const
699757	_ZNK21TShaderConstantBuffer9SetFloat3EPKcPKf	todo	TShaderConstantBuffer	SetFloat3	TShaderConstantBuffer::SetFloat3(char const*, float const*) const
699778	_ZNK21TShaderConstantBuffer9SetFloat4EPKcPKf	todo	TShaderConstantBuffer	SetFloat4	TShaderConstantBuffer::SetFloat4(char const*, float const*) const
699800	_ZNK21TShaderConstantBuffer7SetMat3EPKcRK8TMatrix3	todo	TShaderConstantBuffer	SetMat3	TShaderConstantBuffer::SetMat3(char const*, TMatrix3 const&) const
699818	_ZNK21TShaderConstantBuffer7SetMat4EPKcRK8TMatrix4	todo	TShaderConstantBuffer	SetMat4	TShaderConstantBuffer::SetMat4(char const*, TMatrix4 const&) const
699836	_ZNK21TShaderConstantBuffer9GetAttribEPKc	todo	TShaderConstantBuffer	GetAttrib	TShaderConstantBuffer::GetAttrib(char const*) const
699853	_ZN21TShaderConstantBuffer12BindTexturesEv	todo	TShaderConstantBuffer	BindTextures	TShaderConstantBuffer::BindTextures()
699941	_ZNK21TShaderConstantBuffer10GetUniformEPKc	todo	TShaderConstantBuffer	GetUniform	TShaderConstantBuffer::GetUniform(char const*) const
700032	_ZNK21TShaderConstantBuffer6SetIntEPKci	todo	TShaderConstantBuffer	SetInt	TShaderConstantBuffer::SetInt(char const*, int) const
700198	_ZNK21TShaderConstantBuffer7SetMat4EPKciPf	todo	TShaderConstantBuffer	SetMat4	TShaderConstantBuffer::SetMat4(char const*, int, float*) const
700553	_ZNK21TShaderConstantBuffer7SetMat4EPKcPf	todo	TShaderConstantBuffer	SetMat4	TShaderConstantBuffer::SetMat4(char const*, float*) const
701035	_ZNK21TShaderConstantBuffer7SetMat3EPKcPf	todo	TShaderConstantBuffer	SetMat3	TShaderConstantBuffer::SetMat3(char const*, float*) const
701377	_ZNK21TShaderConstantBuffer9SetFloat4EPKcffff	todo	TShaderConstantBuffer	SetFloat4	TShaderConstantBuffer::SetFloat4(char const*, float, float, float, float) const
701636	_ZNK21TShaderConstantBuffer9SetFloat3EPKcfff	todo	TShaderConstantBuffer	SetFloat3	TShaderConstantBuffer::SetFloat3(char const*, float, float, float) const
701870	_ZNK21TShaderConstantBuffer9SetFloat2EPKcff	todo	TShaderConstantBuffer	SetFloat2	TShaderConstantBuffer::SetFloat2(char const*, float, float) const
702080	_ZNK21TShaderConstantBuffer8SetFloatEPKcf	todo	TShaderConstantBuffer	SetFloat	TShaderConstantBuffer::SetFloat(char const*, float) const
702266	_ZN21TShaderConstantBufferD2Ev	todo	TShaderConstantBuffer	~TShaderConstantBuffer	TShaderConstantBuffer::~TShaderConstantBuffer()
702543	_ZN21TShaderConstantBufferD0Ev	todo	TShaderConstantBuffer	~TShaderConstantBuffer	TShaderConstantBuffer::~TShaderConstantBuffer()
702564	_ZN7TShader15CompileFromCodeEPKcS1_S1_PS1_	todo	TShader	CompileFromCode	TShader::CompileFromCode(char const*, char const*, char const*, char const**)
702641	_Z18DecodeBase64ShaderRKSs	todo	(free function)	DecodeBase64Shader	DecodeBase64Shader(std::basic_string<char, std::char_traits<char>, std::allocator<char> > const&)
702883	_Z5dtol2PKc	todo	(free function)	dtol2	dtol2(char const*)
702937	_Z9parseNamePKcRi	todo	(free function)	parseName	parseName(char const*, int&)
703043	_Z9nextTokenPKcRic	todo	(free function)	nextToken	nextToken(char const*, int&, char)
703145	_Z11parseBinaryPKcRii	todo	(free function)	parseBinary	parseBinary(char const*, int&, int)
703260	_Z11parseNumberPKcRi	todo	(free function)	parseNumber	parseNumber(char const*, int&)
703346	_Z13BuiltinShaderRSsPKc	todo	(free function)	BuiltinShader	BuiltinShader(std::basic_string<char, std::char_traits<char>, std::allocator<char> >&, char const*)
703427	_ZNK21TShaderConstantBuffer19GetUniformPointerVSEPKc	todo	TShaderConstantBuffer	GetUniformPointerVS	TShaderConstantBuffer::GetUniformPointerVS(char const*) const
703519	_ZNK21TShaderConstantBuffer19GetUniformPointerPSEPKc	todo	TShaderConstantBuffer	GetUniformPointerPS	TShaderConstantBuffer::GetUniformPointerPS(char const*) const
703611	_ZN21TShaderConstantBufferC2Ev	todo	TShaderConstantBuffer	TShaderConstantBuffer	TShaderConstantBuffer::TShaderConstantBuffer()
703861	_ZN21TShaderConstantBuffer10SetTextureEPKcS1_	todo	TShaderConstantBuffer	SetTexture	TShaderConstantBuffer::SetTexture(char const*, char const*)
704218	_ZN21TShaderConstantBuffer10SetTextureEPKcP12TFramebuffer	todo	TShaderConstantBuffer	SetTexture	TShaderConstantBuffer::SetTexture(char const*, TFramebuffer*)
704430	_Z10LoadShaderRKSsPKcS2_S2_P10ShaderInfo	todo	(free function)	LoadShader	LoadShader(std::basic_string<char, std::char_traits<char>, std::allocator<char> > const&, char const*, char const*, char const*, ShaderInfo*)
707118	_Z34ix86_override_options_after_changev_64	todo	(free function)	ix86_override_options_after_change	ix86_override_options_after_change()
707141	_ZN12TGraphicsOGL13SetClearColorEj	todo	TGraphicsOGL	SetClearColor	TGraphicsOGL::SetClearColor(unsigned int)
707172	_ZNK12TGraphicsOGL14CheckLastErrorEb	todo	TGraphicsOGL	CheckLastError	TGraphicsOGL::CheckLastError(bool) const
707189	_ZN12TGraphicsOGL13EnableMipmapsEi	todo	TGraphicsOGL	EnableMipmaps	TGraphicsOGL::EnableMipmaps(int)
707205	_ZN12TGraphicsOGL15SetEmptyTextureEiii	todo	TGraphicsOGL	SetEmptyTexture	TGraphicsOGL::SetEmptyTexture(int, int, int)
707221	_ZN12TGraphicsOGL12SetLineStyleEbjj	todo	TGraphicsOGL	SetLineStyle	TGraphicsOGL::SetLineStyle(bool, unsigned int, unsigned int)
707240	_ZNK12TGraphicsOGL12DrawTriangleERK7wxPointS2_S2_jf	todo	TGraphicsOGL	DrawTriangle	TGraphicsOGL::DrawTriangle(wxPoint const&, wxPoint const&, wxPoint const&, unsigned int, float) const
707366	_ZN12TGraphicsOGL10BeginBatchEv	todo	TGraphicsOGL	BeginBatch	TGraphicsOGL::BeginBatch()
707392	_ZN12TGraphicsOGL10FinishDrawEv	todo	TGraphicsOGL	FinishDraw	TGraphicsOGL::FinishDraw()
707408	_ZN12TGraphicsOGL22GetSnapshotForSavegameEv	todo	TGraphicsOGL	GetSnapshotForSavegame	TGraphicsOGL::GetSnapshotForSavegame()
707425	_ZN12TGraphicsOGL22ReleaseAVIFrameTextureEPv	todo	TGraphicsOGL	ReleaseAVIFrameTexture	TGraphicsOGL::ReleaseAVIFrameTexture(void*)
707493	_ZN12TGraphicsOGL14ReleaseTextureEPPv	todo	TGraphicsOGL	ReleaseTexture	TGraphicsOGL::ReleaseTexture(void**)
707530	_ZN12TGraphicsOGL21CreateAVIFrameTextureEiib	todo	TGraphicsOGL	CreateAVIFrameTexture	TGraphicsOGL::CreateAVIFrameTexture(int, int, bool)
707660	_ZNK12TGraphicsOGL18IsFullscreenWindowEv	todo	TGraphicsOGL	IsFullscreenWindow	TGraphicsOGL::IsFullscreenWindow() const
707689	_ZN12TGraphicsOGL4SwapEv	todo	TGraphicsOGL	Swap	TGraphicsOGL::Swap()
707717	_ZN12TGraphicsOGL12DrawAVIFrameEPvPcffff8wxColour	todo	TGraphicsOGL	DrawAVIFrame	TGraphicsOGL::DrawAVIFrame(void*, char*, float, float, float, float, wxColour)
708078	_ZNK12TGraphicsOGL13DrawLineStripERKSt6vectorI7wxPointSaIS1_EEjf	todo	TGraphicsOGL	DrawLineStrip	TGraphicsOGL::DrawLineStrip(std::vector<wxPoint, std::allocator<wxPoint> > const&, unsigned int, float) const
708150	_ZN12TGraphicsOGL4DrawER15TParticleSystembb	todo	TGraphicsOGL	Draw	TGraphicsOGL::Draw(TParticleSystem&, bool, bool)
708254	_ZN12TGraphicsOGL24ClearSnapshotForSavegameEb	todo	TGraphicsOGL	ClearSnapshotForSavegame	TGraphicsOGL::ClearSnapshotForSavegame(bool)
708305	_ZNK12TGraphicsOGL9DrawFrameERK6wxRectjf	todo	TGraphicsOGL	DrawFrame	TGraphicsOGL::DrawFrame(wxRect const&, unsigned int, float) const
708547	_ZN12TGraphicsOGL15BeforeDrawSceneEbi	todo	TGraphicsOGL	BeforeDrawScene	TGraphicsOGL::BeforeDrawScene(bool, int)
708687	_ZNK12TGraphicsOGL7DrawBoxERK6wxRectjjff	todo	TGraphicsOGL	DrawBox	TGraphicsOGL::DrawBox(wxRect const&, unsigned int, unsigned int, float, float) const
708877	_ZNK12TGraphicsOGL7DrawBoxERK6wxRectjf	todo	TGraphicsOGL	DrawBox	TGraphicsOGL::DrawBox(wxRect const&, unsigned int, float) const
709034	_ZN12TGraphicsOGL12DeleteSpriteEPv	todo	TGraphicsOGL	DeleteSprite	TGraphicsOGL::DeleteSprite(void*)
709050	_ZN12TGraphicsOGL16DrawWithLightMapEPvRK6wxRectRK9FloatRectfbS0_RK7wxPoint	todo	TGraphicsOGL	DrawWithLightMap	TGraphicsOGL::DrawWithLightMap(void*, wxRect const&, FloatRect const&, float, bool, void*, wxPoint const&)
709196	_ZN12TGraphicsOGL12DeleteSpriteEPPv	todo	TGraphicsOGL	DeleteSprite	TGraphicsOGL::DeleteSprite(void**)
709234	_ZN12TGraphicsOGL16ToggleWindowModeEv	todo	TGraphicsOGL	ToggleWindowMode	TGraphicsOGL::ToggleWindowMode()
709288	_ZN12TGraphicsOGL13SetWindowSizeEii	todo	TGraphicsOGL	SetWindowSize	TGraphicsOGL::SetWindowSize(int, int)
709345	_ZN12TGraphicsOGL15GetTextureIndexEP13TSpriteHandle	todo	TGraphicsOGL	GetTextureIndex	TGraphicsOGL::GetTextureIndex(TSpriteHandle*)
709382	_ZN12TGraphicsOGL13ClearTexturesEv	todo	TGraphicsOGL	ClearTextures	TGraphicsOGL::ClearTextures()
709422	_ZN12TGraphicsOGL12CreateSpriteEPPvPciiiib	todo	TGraphicsOGL	CreateSprite	TGraphicsOGL::CreateSprite(void**, char*, int, int, int, int, bool)
710164	_ZN12TGraphicsOGL11GetSnapshotER10TPictureIO	todo	TGraphicsOGL	GetSnapshot	TGraphicsOGL::GetSnapshot(TPictureIO&)
710263	_ZN12TGraphicsOGL19GetSnapshotAsSpriteEPPv	todo	TGraphicsOGL	GetSnapshotAsSprite	TGraphicsOGL::GetSnapshotAsSprite(void**)
710421	_ZN12TGraphicsOGL23MakeSnapshotForSavegameEb	todo	TGraphicsOGL	MakeSnapshotForSavegame	TGraphicsOGL::MakeSnapshotForSavegame(bool)
710533	_ZN12TGraphicsOGL13CreateTextureEiiiPPv	todo	TGraphicsOGL	CreateTexture	TGraphicsOGL::CreateTexture(int, int, int, void**)
710669	_ZN12TGraphicsOGL4InitERK6wxSizeRS0_R6wxRect	todo	TGraphicsOGL	Init	TGraphicsOGL::Init(wxSize const&, wxSize&, wxRect&)
710784	_Z13createOrtho2Dffff	todo	(free function)	createOrtho2D	createOrtho2D(float, float, float, float)
710906	_ZN12TGraphicsOGL17SetDirectToScreenEv	todo	TGraphicsOGL	SetDirectToScreen	TGraphicsOGL::SetDirectToScreen()
710988	_ZN12TGraphicsOGL16ConvertYUVToRGBAEPvPc	todo	TGraphicsOGL	ConvertYUVToRGBA	TGraphicsOGL::ConvertYUVToRGBA(void*, char*)
711386	_ZN12TGraphicsOGL9SetOffsetEff	todo	TGraphicsOGL	SetOffset	TGraphicsOGL::SetOffset(float, float)
712267	_ZN12TGraphicsOGLC2EPFvvEbbiiibbbb6wxSizeS2_	todo	TGraphicsOGL	TGraphicsOGL	TGraphicsOGL::TGraphicsOGL(void (*)(), bool, bool, int, int, int, bool, bool, bool, bool, wxSize, wxSize)
712397	_ZN12TGraphicsOGL19DeleteScreenshotMemEv	todo	TGraphicsOGL	DeleteScreenshotMem	TGraphicsOGL::DeleteScreenshotMem()
712465	_ZN12TGraphicsOGL11ResizeSceneERK6wxSizeRS0_R6wxRect	todo	TGraphicsOGL	ResizeScene	TGraphicsOGL::ResizeScene(wxSize const&, wxSize&, wxRect&)
713123	_ZN12TGraphicsOGL18ExtensionSupportedEPKc	todo	TGraphicsOGL	ExtensionSupported	TGraphicsOGL::ExtensionSupported(char const*)
713139	_ZNK12TGraphicsOGL13CalculateSizeEiiPiS0_	todo	TGraphicsOGL	CalculateSize	TGraphicsOGL::CalculateSize(int, int, int*, int*) const
713194	_Z8multiplyii	todo	(free function)	multiply	multiply(int, int)
713255	_Z17MitchellNetravalifff	todo	(free function)	MitchellNetravali	MitchellNetravali(float, float, float)
713346	_ZN12TGraphicsOGL11GetSnapshotERiS0_b	todo	TGraphicsOGL	GetSnapshot	TGraphicsOGL::GetSnapshot(int&, int&, bool)
713443	_ZN12TGraphicsOGL17SetRepeatTexturesEb	todo	TGraphicsOGL	SetRepeatTextures	TGraphicsOGL::SetRepeatTextures(bool)
713461	_ZNK12TGraphicsOGL13GetDrawBufferEv	todo	TGraphicsOGL	GetDrawBuffer	TGraphicsOGL::GetDrawBuffer() const
713493	_ZN12TGraphicsOGL14ActivateMatrixEv	todo	TGraphicsOGL	ActivateMatrix	TGraphicsOGL::ActivateMatrix()
713629	_ZNK12TGraphicsOGL20DrawBoxPremultipliedEffffjf	todo	TGraphicsOGL	DrawBoxPremultiplied	TGraphicsOGL::DrawBoxPremultiplied(float, float, float, float, unsigned int, float) const
713776	_ZNK12TGraphicsOGL7DrawBoxEffffjf	todo	TGraphicsOGL	DrawBox	TGraphicsOGL::DrawBox(float, float, float, float, unsigned int, float) const
713917	_Z13convertMatrixP8TMatrix4Pf	todo	(free function)	convertMatrix	convertMatrix(TMatrix4*, float*)
713963	_ZN12TGraphicsOGL14SetTransformerENS_12TTransformerE	todo	TGraphicsOGL	SetTransformer	TGraphicsOGL::SetTransformer(TGraphicsOGL::TTransformer)
714258	_ZN12TGraphicsOGL19SetParticleMaterialERK16TParticleEmitterPvRbRjb	todo	TGraphicsOGL	SetParticleMaterial	TGraphicsOGL::SetParticleMaterial(TParticleEmitter const&, void*, bool&, unsigned int&, bool)
714383	_ZN12TGraphicsOGL21ResetParticleMaterialEv	todo	TGraphicsOGL	ResetParticleMaterial	TGraphicsOGL::ResetParticleMaterial()
714405	_ZN12TGraphicsOGLD2Ev	todo	TGraphicsOGL	~TGraphicsOGL	TGraphicsOGL::~TGraphicsOGL()
714828	_ZN12TGraphicsOGLD0Ev	todo	TGraphicsOGL	~TGraphicsOGL	TGraphicsOGL::~TGraphicsOGL()
714848	_ZNK12TGraphicsOGL8DrawLineERK7wxPointS2_jf	todo	TGraphicsOGL	DrawLine	TGraphicsOGL::DrawLine(wxPoint const&, wxPoint const&, unsigned int, float) const
715317	_ZN12TGraphicsOGL4DrawEPvRK6wxRectRK9FloatRectfbRKjifRK7wxPointffi	todo	TGraphicsOGL	Draw	TGraphicsOGL::Draw(void*, wxRect const&, FloatRect const&, float, bool, unsigned int const&, int, float, wxPoint const&, float, float, int)
716895	_ZNK12TGraphicsOGL11DrawPolygonERKSt6vectorI7wxPointSaIS1_EEjf	todo	TGraphicsOGL	DrawPolygon	TGraphicsOGL::DrawPolygon(std::vector<wxPoint, std::allocator<wxPoint> > const&, unsigned int, float) const
717127	_ZN12TGraphicsOGL17BindIndizesBufferEm	todo	TGraphicsOGL	BindIndizesBuffer	TGraphicsOGL::BindIndizesBuffer(unsigned long)
717359	_ZN12TGraphicsOGL11FinishBatchEv	todo	TGraphicsOGL	FinishBatch	TGraphicsOGL::FinishBatch()
717416	_ZN12TGraphicsOGL4InitEv	todo	TGraphicsOGL	Init	TGraphicsOGL::Init()
717784	_ZN12TGraphicsOGL25BindTriStripIndizesBufferEm	todo	TGraphicsOGL	BindTriStripIndizesBuffer	TGraphicsOGL::BindTriStripIndizesBuffer(unsigned long)
717946	_ZN12TGraphicsOGL14AfterDrawSceneEbb	todo	TGraphicsOGL	AfterDrawScene	TGraphicsOGL::AfterDrawScene(bool, bool)
719135	_ZN12TGraphicsOGL4DrawER16TParticleEmitterPvbR9TVector3DS4_	todo	TGraphicsOGL	Draw	TGraphicsOGL::Draw(TParticleEmitter&, void*, bool, TVector3D&, TVector3D&)
720826	_GLOBAL__sub_I_g_subSys	todo	(free function)	_GLOBAL__sub_I_g_subSys	_GLOBAL__sub_I_g_subSys
720924	_ZN11TPictureJPG7CleanUpEv	todo	TPictureJPG	CleanUp	TPictureJPG::CleanUp()
721319	_ZN4jpgd8idct_4x4EPKsPh	todo	jpgd	idct_4x4	jpgd::idct_4x4(short const*, unsigned char*)
733171	_ZN11TPictureJPG10ReadHeaderER5TFilePiS2_	todo	TPictureJPG	ReadHeader	TPictureJPG::ReadHeader(TFile&, int*, int*)
733220	_ZN11TPictureJPGC2Ev	todo	TPictureJPG	TPictureJPG	TPictureJPG::TPictureJPG()
733241	_ZN4jpgd4idctEPKsPhi	todo	jpgd	idct	jpgd::idct(short const*, unsigned char*, int)
739310	_ZN11TPictureJPG8ReadDataER5TFileR11TPictureMEM	todo	TPictureJPG	ReadData	TPictureJPG::ReadData(TFile&, TPictureMEM&)
739426	_ZN14TPictureFormat10ReadHeaderEPcmPiS1_	todo	TPictureFormat	ReadHeader	TPictureFormat::ReadHeader(char*, unsigned long, int*, int*)
739443	_ZN14TPictureFormat8ReadDataER11TPictureMEM	todo	TPictureFormat	ReadData	TPictureFormat::ReadData(TPictureMEM&)
739460	_ZN14TPictureFormat5WriteERK10wxFileNameR11TPictureMEMiiib	todo	TPictureFormat	Write	TPictureFormat::Write(wxFileName const&, TPictureMEM&, int, int, int, bool)
739545	_ZN11TPictureJPGD2Ev	todo	TPictureJPG	~TPictureJPG	TPictureJPG::~TPictureJPG()
739561	_ZN11TPictureJPGD0Ev	todo	TPictureJPG	~TPictureJPG	TPictureJPG::~TPictureJPG()
739851	_ZN4jpgd3RowILi2EE4idctEPiPKs	todo	jpgd::Row<2>	idct	jpgd::Row<2>::idct(int*, short const*)
739910	_ZN4jpgd3RowILi3EE4idctEPiPKs	todo	jpgd::Row<3>	idct	jpgd::Row<3>::idct(int*, short const*)
739975	_ZN4jpgd3RowILi4EE4idctEPiPKs	todo	jpgd::Row<4>	idct	jpgd::Row<4>::idct(int*, short const*)
740064	_ZN4jpgd3RowILi5EE4idctEPiPKs	todo	jpgd::Row<5>	idct	jpgd::Row<5>::idct(int*, short const*)
740149	_ZN4jpgd3RowILi6EE4idctEPiPKs	todo	jpgd::Row<6>	idct	jpgd::Row<6>::idct(int*, short const*)
740247	_ZN4jpgd3RowILi7EE4idctEPiPKs	todo	jpgd::Row<7>	idct	jpgd::Row<7>::idct(int*, short const*)
740349	_ZN4jpgd3RowILi8EE4idctEPiPKs	todo	jpgd::Row<8>	idct	jpgd::Row<8>::idct(int*, short const*)
740458	_ZN4jpgd3ColILi2EE4idctEPhPKi	todo	jpgd::Col<2>	idct	jpgd::Col<2>::idct(unsigned char*, int const*)
740579	_ZN4jpgd3ColILi3EE4idctEPhPKi	todo	jpgd::Col<3>	idct	jpgd::Col<3>::idct(unsigned char*, int const*)
740710	_ZN4jpgd3ColILi4EE4idctEPhPKi	todo	jpgd::Col<4>	idct	jpgd::Col<4>::idct(unsigned char*, int const*)
740856	_ZN4jpgd3ColILi5EE4idctEPhPKi	todo	jpgd::Col<5>	idct	jpgd::Col<5>::idct(unsigned char*, int const*)
741007	_ZN4jpgd3ColILi6EE4idctEPhPKi	todo	jpgd::Col<6>	idct	jpgd::Col<6>::idct(unsigned char*, int const*)
741163	_ZN4jpgd3ColILi7EE4idctEPhPKi	todo	jpgd::Col<7>	idct	jpgd::Col<7>::idct(unsigned char*, int const*)
741323	_ZN4jpgd3ColILi8EE4idctEPhPKi	todo	jpgd::Col<8>	idct	jpgd::Col<8>::idct(unsigned char*, int const*)
741489	_ZN4jpgd12DCT_Upsample3P_QILi1ELi1EE4calcERNS0_8Matrix44ES4_PKs	todo	jpgd::DCT_Upsample::P_Q<1, 1>	calc	jpgd::DCT_Upsample::P_Q<1, 1>::calc(jpgd::DCT_Upsample::Matrix44&, jpgd::DCT_Upsample::Matrix44&, short const*)
741538	_ZN4jpgd12DCT_Upsample3R_SILi1ELi1EE4calcERNS0_8Matrix44ES4_PKs	todo	jpgd::DCT_Upsample::R_S<1, 1>	calc	jpgd::DCT_Upsample::R_S<1, 1>::calc(jpgd::DCT_Upsample::Matrix44&, jpgd::DCT_Upsample::Matrix44&, short const*)
741586	_ZN4jpgd12DCT_Upsample3P_QILi1ELi2EE4calcERNS0_8Matrix44ES4_PKs	todo	jpgd::DCT_Upsample::P_Q<1, 2>	calc	jpgd::DCT_Upsample::P_Q<1, 2>::calc(jpgd::DCT_Upsample::Matrix44&, jpgd::DCT_Upsample::Matrix44&, short const*)
741643	_ZN4jpgd12DCT_Upsample3R_SILi1ELi2EE4calcERNS0_8Matrix44ES4_PKs	todo	jpgd::DCT_Upsample::R_S<1, 2>	calc	jpgd::DCT_Upsample::R_S<1, 2>::calc(jpgd::DCT_Upsample::Matrix44&, jpgd::DCT_Upsample::Matrix44&, short const*)
741699	_ZN4jpgd12DCT_Upsample3P_QILi2ELi2EE4calcERNS0_8Matrix44ES4_PKs	todo	jpgd::DCT_Upsample::P_Q<2, 2>	calc	jpgd::DCT_Upsample::P_Q<2, 2>::calc(jpgd::DCT_Upsample::Matrix44&, jpgd::DCT_Upsample::Matrix44&, short const*)
741811	_ZN4jpgd12DCT_Upsample3R_SILi2ELi2EE4calcERNS0_8Matrix44ES4_PKs	todo	jpgd::DCT_Upsample::R_S<2, 2>	calc	jpgd::DCT_Upsample::R_S<2, 2>::calc(jpgd::DCT_Upsample::Matrix44&, jpgd::DCT_Upsample::Matrix44&, short const*)
741905	_ZN4jpgd12DCT_Upsample3P_QILi3ELi2EE4calcERNS0_8Matrix44ES4_PKs	todo	jpgd::DCT_Upsample::P_Q<3, 2>	calc	jpgd::DCT_Upsample::P_Q<3, 2>::calc(jpgd::DCT_Upsample::Matrix44&, jpgd::DCT_Upsample::Matrix44&, short const*)
742029	_ZN4jpgd12DCT_Upsample3R_SILi3ELi2EE4calcERNS0_8Matrix44ES4_PKs	todo	jpgd::DCT_Upsample::R_S<3, 2>	calc	jpgd::DCT_Upsample::R_S<3, 2>::calc(jpgd::DCT_Upsample::Matrix44&, jpgd::DCT_Upsample::Matrix44&, short const*)
742133	_ZN4jpgd12DCT_Upsample3P_QILi3ELi3EE4calcERNS0_8Matrix44ES4_PKs	todo	jpgd::DCT_Upsample::P_Q<3, 3>	calc	jpgd::DCT_Upsample::P_Q<3, 3>::calc(jpgd::DCT_Upsample::Matrix44&, jpgd::DCT_Upsample::Matrix44&, short const*)
742257	_ZN4jpgd12DCT_Upsample3R_SILi3ELi3EE4calcERNS0_8Matrix44ES4_PKs	todo	jpgd::DCT_Upsample::R_S<3, 3>	calc	jpgd::DCT_Upsample::R_S<3, 3>::calc(jpgd::DCT_Upsample::Matrix44&, jpgd::DCT_Upsample::Matrix44&, short const*)
742383	_ZN4jpgd12DCT_Upsample3P_QILi3ELi4EE4calcERNS0_8Matrix44ES4_PKs	todo	jpgd::DCT_Upsample::P_Q<3, 4>	calc	jpgd::DCT_Upsample::P_Q<3, 4>::calc(jpgd::DCT_Upsample::Matrix44&, jpgd::DCT_Upsample::Matrix44&, short const*)
742519	_ZN4jpgd12DCT_Upsample3R_SILi3ELi4EE4calcERNS0_8Matrix44ES4_PKs	todo	jpgd::DCT_Upsample::R_S<3, 4>	calc	jpgd::DCT_Upsample::R_S<3, 4>::calc(jpgd::DCT_Upsample::Matrix44&, jpgd::DCT_Upsample::Matrix44&, short const*)
742656	_ZN4jpgd12DCT_Upsample3P_QILi4ELi4EE4calcERNS0_8Matrix44ES4_PKs	todo	jpgd::DCT_Upsample::P_Q<4, 4>	calc	jpgd::DCT_Upsample::P_Q<4, 4>::calc(jpgd::DCT_Upsample::Matrix44&, jpgd::DCT_Upsample::Matrix44&, short const*)
742842	_ZN4jpgd12DCT_Upsample3R_SILi4ELi4EE4calcERNS0_8Matrix44ES4_PKs	todo	jpgd::DCT_Upsample::R_S<4, 4>	calc	jpgd::DCT_Upsample::R_S<4, 4>::calc(jpgd::DCT_Upsample::Matrix44&, jpgd::DCT_Upsample::Matrix44&, short const*)
743008	_ZN4jpgd12DCT_Upsample3P_QILi5ELi4EE4calcERNS0_8Matrix44ES4_PKs	todo	jpgd::DCT_Upsample::P_Q<5, 4>	calc	jpgd::DCT_Upsample::P_Q<5, 4>::calc(jpgd::DCT_Upsample::Matrix44&, jpgd::DCT_Upsample::Matrix44&, short const*)
743208	_ZN4jpgd12DCT_Upsample3R_SILi5ELi4EE4calcERNS0_8Matrix44ES4_PKs	todo	jpgd::DCT_Upsample::R_S<5, 4>	calc	jpgd::DCT_Upsample::R_S<5, 4>::calc(jpgd::DCT_Upsample::Matrix44&, jpgd::DCT_Upsample::Matrix44&, short const*)
743404	_ZN4jpgd12DCT_Upsample3P_QILi5ELi5EE4calcERNS0_8Matrix44ES4_PKs	todo	jpgd::DCT_Upsample::P_Q<5, 5>	calc	jpgd::DCT_Upsample::P_Q<5, 5>::calc(jpgd::DCT_Upsample::Matrix44&, jpgd::DCT_Upsample::Matrix44&, short const*)
743647	_ZN4jpgd12DCT_Upsample3R_SILi5ELi5EE4calcERNS0_8Matrix44ES4_PKs	todo	jpgd::DCT_Upsample::R_S<5, 5>	calc	jpgd::DCT_Upsample::R_S<5, 5>::calc(jpgd::DCT_Upsample::Matrix44&, jpgd::DCT_Upsample::Matrix44&, short const*)
743843	_ZN4jpgd12DCT_Upsample3P_QILi5ELi6EE4calcERNS0_8Matrix44ES4_PKs	todo	jpgd::DCT_Upsample::P_Q<5, 6>	calc	jpgd::DCT_Upsample::P_Q<5, 6>::calc(jpgd::DCT_Upsample::Matrix44&, jpgd::DCT_Upsample::Matrix44&, short const*)
744130	_ZN4jpgd12DCT_Upsample3R_SILi5ELi6EE4calcERNS0_8Matrix44ES4_PKs	todo	jpgd::DCT_Upsample::R_S<5, 6>	calc	jpgd::DCT_Upsample::R_S<5, 6>::calc(jpgd::DCT_Upsample::Matrix44&, jpgd::DCT_Upsample::Matrix44&, short const*)
744370	_ZN4jpgd12DCT_Upsample3P_QILi6ELi6EE4calcERNS0_8Matrix44ES4_PKs	todo	jpgd::DCT_Upsample::P_Q<6, 6>	calc	jpgd::DCT_Upsample::P_Q<6, 6>::calc(jpgd::DCT_Upsample::Matrix44&, jpgd::DCT_Upsample::Matrix44&, short const*)
744738	_ZN4jpgd12DCT_Upsample3R_SILi6ELi6EE4calcERNS0_8Matrix44ES4_PKs	todo	jpgd::DCT_Upsample::R_S<6, 6>	calc	jpgd::DCT_Upsample::R_S<6, 6>::calc(jpgd::DCT_Upsample::Matrix44&, jpgd::DCT_Upsample::Matrix44&, short const*)
745040	_ZN4jpgd12DCT_Upsample3P_QILi7ELi6EE4calcERNS0_8Matrix44ES4_PKs	todo	jpgd::DCT_Upsample::P_Q<7, 6>	calc	jpgd::DCT_Upsample::P_Q<7, 6>::calc(jpgd::DCT_Upsample::Matrix44&, jpgd::DCT_Upsample::Matrix44&, short const*)
745445	_ZN4jpgd12DCT_Upsample3R_SILi7ELi6EE4calcERNS0_8Matrix44ES4_PKs	todo	jpgd::DCT_Upsample::R_S<7, 6>	calc	jpgd::DCT_Upsample::R_S<7, 6>::calc(jpgd::DCT_Upsample::Matrix44&, jpgd::DCT_Upsample::Matrix44&, short const*)
745785	_ZN4jpgd12DCT_Upsample3P_QILi7ELi7EE4calcERNS0_8Matrix44ES4_PKs	todo	jpgd::DCT_Upsample::P_Q<7, 7>	calc	jpgd::DCT_Upsample::P_Q<7, 7>::calc(jpgd::DCT_Upsample::Matrix44&, jpgd::DCT_Upsample::Matrix44&, short const*)
746190	_ZN4jpgd12DCT_Upsample3R_SILi7ELi7EE4calcERNS0_8Matrix44ES4_PKs	todo	jpgd::DCT_Upsample::R_S<7, 7>	calc	jpgd::DCT_Upsample::R_S<7, 7>::calc(jpgd::DCT_Upsample::Matrix44&, jpgd::DCT_Upsample::Matrix44&, short const*)
746566	_ZN4jpgd12DCT_Upsample3P_QILi7ELi8EE4calcERNS0_8Matrix44ES4_PKs	todo	jpgd::DCT_Upsample::P_Q<7, 8>	calc	jpgd::DCT_Upsample::P_Q<7, 8>::calc(jpgd::DCT_Upsample::Matrix44&, jpgd::DCT_Upsample::Matrix44&, short const*)
747029	_ZN4jpgd12DCT_Upsample3R_SILi7ELi8EE4calcERNS0_8Matrix44ES4_PKs	todo	jpgd::DCT_Upsample::R_S<7, 8>	calc	jpgd::DCT_Upsample::R_S<7, 8>::calc(jpgd::DCT_Upsample::Matrix44&, jpgd::DCT_Upsample::Matrix44&, short const*)
747465	_ZN4jpgd12DCT_Upsample3P_QILi8ELi8EE4calcERNS0_8Matrix44ES4_PKs	todo	jpgd::DCT_Upsample::P_Q<8, 8>	calc	jpgd::DCT_Upsample::P_Q<8, 8>::calc(jpgd::DCT_Upsample::Matrix44&, jpgd::DCT_Upsample::Matrix44&, short const*)
748024	_ZN4jpgd12DCT_Upsample3R_SILi8ELi8EE4calcERNS0_8Matrix44ES4_PKs	todo	jpgd::DCT_Upsample::R_S<8, 8>	calc	jpgd::DCT_Upsample::R_S<8, 8>::calc(jpgd::DCT_Upsample::Matrix44&, jpgd::DCT_Upsample::Matrix44&, short const*)
748549	_Z34ix86_override_options_after_changev_65	todo	(free function)	ix86_override_options_after_change	ix86_override_options_after_change()
748572	_ZN13TPaintControlC2Ev	todo	TPaintControl	TPaintControl	TPaintControl::TPaintControl()
748595	_ZN13TPaintControlD2Ev	todo	TPaintControl	~TPaintControl	TPaintControl::~TPaintControl()
748619	_ZN13TPaintControl10GetCurrentEv	todo	TPaintControl	GetCurrent	TPaintControl::GetCurrent()
748637	_ZN13TPaintControl10SetCurrentEv	todo	TPaintControl	SetCurrent	TPaintControl::SetCurrent()
748654	_ZN13TPaintControl11InitControlEii	todo	TPaintControl	InitControl	TPaintControl::InitControl(int, int)
748685	_ZN13TPaintControl14SetWorktopSizeEii	todo	TPaintControl	SetWorktopSize	TPaintControl::SetWorktopSize(int, int)
748707	_ZN13TPaintControl14SetWorktopAreaERK6wxRectii	todo	TPaintControl	SetWorktopArea	TPaintControl::SetWorktopArea(wxRect const&, int, int)
748905	_ZNK13TPaintControl15GetWorktopWidthEv	todo	TPaintControl	GetWorktopWidth	TPaintControl::GetWorktopWidth() const
748922	_ZNK13TPaintControl16GetWorktopHeightEv	todo	TPaintControl	GetWorktopHeight	TPaintControl::GetWorktopHeight() const
748939	_ZNK13TPaintControl14GetWorktopAreaEv	todo	TPaintControl	GetWorktopArea	TPaintControl::GetWorktopArea() const
748957	_ZN13TPaintControl14SetVisibleSizeEii	todo	TPaintControl	SetVisibleSize	TPaintControl::SetVisibleSize(int, int)
748975	_ZNK13TPaintControl14GetVisibleSizeEv	todo	TPaintControl	GetVisibleSize	TPaintControl::GetVisibleSize() const
748992	_ZNK13TPaintControl9GetOriginEv	todo	TPaintControl	GetOrigin	TPaintControl::GetOrigin() const
749009	_ZN13TPaintControl9SetOriginEii	todo	TPaintControl	SetOrigin	TPaintControl::SetOrigin(int, int)
749028	_ZN13TPaintControl22AdjustWindowHorizontalEf	todo	TPaintControl	AdjustWindowHorizontal	TPaintControl::AdjustWindowHorizontal(float)
749094	_ZN13TPaintControl20AdjustWindowVerticalEf	todo	TPaintControl	AdjustWindowVertical	TPaintControl::AdjustWindowVertical(float)
749160	_ZN13TPaintControl12SetScrollPosERK7wxPoint	todo	TPaintControl	SetScrollPos	TPaintControl::SetScrollPos(wxPoint const&)
749183	_ZN13TPaintControl12SetScrollPosERK11wxRealPoint	todo	TPaintControl	SetScrollPos	TPaintControl::SetScrollPos(wxRealPoint const&)
749209	_ZNK13TPaintControl12GetScrollPosEv	todo	TPaintControl	GetScrollPos	TPaintControl::GetScrollPos() const
749226	_ZNK13TPaintControl17GetFloatScrollPosEv	todo	TPaintControl	GetFloatScrollPos	TPaintControl::GetFloatScrollPos() const
749243	_ZN13TPaintControl9SetActiveEb	todo	TPaintControl	SetActive	TPaintControl::SetActive(bool)
749260	_ZNK13TPaintControl8IsActiveEv	todo	TPaintControl	IsActive	TPaintControl::IsActive() const
749277	_ZN13TPaintControl15SetIsScrollableEb	todo	TPaintControl	SetIsScrollable	TPaintControl::SetIsScrollable(bool)
749294	_ZNK13TPaintControl12IsScrollableEv	todo	TPaintControl	IsScrollable	TPaintControl::IsScrollable() const
749311	_ZNK13TPaintControl16GetRelativePointERK7wxPoint	todo	TPaintControl	GetRelativePoint	TPaintControl::GetRelativePoint(wxPoint const&) const
749348	_Z34ix86_override_options_after_changev_66	todo	(free function)	ix86_override_options_after_change	ix86_override_options_after_change()
749371	_ZN12TSpriteCache12SetCacheSizeEi	todo	TSpriteCache	SetCacheSize	TSpriteCache::SetCacheSize(int)
749521	_ZNK12TSpriteCache14GetSpriteCountEv	todo	TSpriteCache	GetSpriteCount	TSpriteCache::GetSpriteCount() const
749538	_ZN12TSpriteCache9GetSpriteERK8wxString	todo	TSpriteCache	GetSprite	TSpriteCache::GetSprite(wxString const&)
749612	_ZN12TSpriteCache11GetUsedSizeEv	todo	TSpriteCache	GetUsedSize	TSpriteCache::GetUsedSize()
749659	_ZN12TSpriteCache13GetUnusedSizeEv	todo	TSpriteCache	GetUnusedSize	TSpriteCache::GetUnusedSize()
749716	_ZN12TSpriteCache18PrintCacheContentsERSt4listI8wxStringSaIS1_EE	todo	TSpriteCache	PrintCacheContents	TSpriteCache::PrintCacheContents(std::list<wxString, std::allocator<wxString> >&)
751056	_ZN12TSpriteCache15RemoveFromCacheESt17_Rb_tree_iteratorISt4pairIK8wxStringP13TSpriteHandleEE	todo	TSpriteCache	RemoveFromCache	TSpriteCache::RemoveFromCache(std::_Rb_tree_iterator<std::pair<wxString const, TSpriteHandle*> >)
751175	_ZN12TSpriteCache15RemoveFromCacheERK8wxString	todo	TSpriteCache	RemoveFromCache	TSpriteCache::RemoveFromCache(wxString const&)
751254	_ZN12TSpriteCache11UpdateCacheEv	todo	TSpriteCache	UpdateCache	TSpriteCache::UpdateCache()
751613	_ZN12TSpriteCache5ClearEv	todo	TSpriteCache	Clear	TSpriteCache::Clear()
751713	_ZN12TSpriteCacheD2Ev	todo	TSpriteCache	~TSpriteCache	TSpriteCache::~TSpriteCache()
751800	_ZN12TSpriteCacheC2Ev	todo	TSpriteCache	TSpriteCache	TSpriteCache::TSpriteCache()
751855	_ZN12TSpriteCache10AddToCacheERK8wxStringP13TSpriteHandle	todo	TSpriteCache	AddToCache	TSpriteCache::AddToCache(wxString const&, TSpriteHandle*)
753375	_Z34ix86_override_options_after_changev_67	todo	(free function)	ix86_override_options_after_change	ix86_override_options_after_change()
753445	_ZN11TPicturePNG7CleanUpEv	todo	TPicturePNG	CleanUp	TPicturePNG::CleanUp()
753499	_Z18userReadDataMemoryP14png_struct_defPhm	todo	(free function)	userReadDataMemory	userReadDataMemory(png_struct_def*, unsigned char*, unsigned long)
753537	_ZN11TPicturePNG8ReadDataER11TPictureMEM	todo	TPicturePNG	ReadData	TPicturePNG::ReadData(TPictureMEM&)
753968	_ZN11TPicturePNG8ReadDataER5TFileR11TPictureMEM	todo	TPicturePNG	ReadData	TPicturePNG::ReadData(TFile&, TPictureMEM&)
754615	_Z12userReadDataP14png_struct_defPhm	todo	(free function)	userReadData	userReadData(png_struct_def*, unsigned char*, unsigned long)
754768	_ZN11TPicturePNG5WriteERK10wxFileNameR11TPictureMEMiiib	todo	TPicturePNG	Write	TPicturePNG::Write(wxFileName const&, TPictureMEM&, int, int, int, bool)
756066	_ZN11TPicturePNG10ReadHeaderER5TFilePiS2_	todo	TPicturePNG	ReadHeader	TPicturePNG::ReadHeader(TFile&, int*, int*)
756363	_ZN11TPicturePNG10ReadHeaderEPcmPiS1_	todo	TPicturePNG	ReadHeader	TPicturePNG::ReadHeader(char*, unsigned long, int*, int*)
756659	_ZN11TPicturePNGC2Ev	todo	TPicturePNG	TPicturePNG	TPicturePNG::TPicturePNG()
756685	_ZN11TPicturePNG12GetColorTypeEv	todo	TPicturePNG	GetColorType	TPicturePNG::GetColorType()
756702	_ZN11TPicturePNGD2Ev	todo	TPicturePNG	~TPicturePNG	TPicturePNG::~TPicturePNG()
756750	_ZN11TPicturePNGD0Ev	todo	TPicturePNG	~TPicturePNG	TPicturePNG::~TPicturePNG()
756800	_Z34ix86_override_options_after_changev_68	todo	(free function)	ix86_override_options_after_change	ix86_override_options_after_change()
756823	_ZN11TPictureMEMD2Ev	todo	TPictureMEM	~TPictureMEM	TPictureMEM::~TPictureMEM()
756858	_ZN11TPictureMEMD0Ev	todo	TPictureMEM	~TPictureMEM	TPictureMEM::~TPictureMEM()
756895	_ZN11TPictureMEMC2Ev	todo	TPictureMEM	TPictureMEM	TPictureMEM::TPictureMEM()
756925	_ZN11TPictureMEMC2ERK7TSprite	todo	TPictureMEM	TPictureMEM	TPictureMEM::TPictureMEM(TSprite const&)
756953	_ZN11TPictureMEM12ClearMemDataEv	todo	TPictureMEM	ClearMemData	TPictureMEM::ClearMemData()
756986	_ZN11TPictureMEM14SetMemoryBlockEP16TPictureMemBlock	todo	TPictureMEM	SetMemoryBlock	TPictureMEM::SetMemoryBlock(TPictureMemBlock*)
757003	_ZN11TPictureMEM10InitMemoryEb	todo	TPictureMEM	InitMemory	TPictureMEM::InitMemory(bool)
757462	_ZN11TPictureMEM13SetMemoryDataEPciibbb	todo	TPictureMEM	SetMemoryData	TPictureMEM::SetMemoryData(char*, int, int, bool, bool, bool)
757503	_ZNK11TPictureMEM13GetMemoryDataEv	todo	TPictureMEM	GetMemoryData	TPictureMEM::GetMemoryData() const
757520	_ZNK11TPictureMEM13GetMemorySizeEv	todo	TPictureMEM	GetMemorySize	TPictureMEM::GetMemorySize() const
757546	_ZNK11TPictureMEM7GetLineEi	todo	TPictureMEM	GetLine	TPictureMEM::GetLine(int) const
757591	_ZNK11TPictureMEM8GetPixelERK7wxPointf	todo	TPictureMEM	GetPixel	TPictureMEM::GetPixel(wxPoint const&, float) const
757692	_ZNK11TPictureMEM8GetPixelEPcRhS1_S1_S1_	todo	TPictureMEM	GetPixel	TPictureMEM::GetPixel(char*, unsigned char&, unsigned char&, unsigned char&, unsigned char&) const
757740	_ZNK11TPictureMEM10GetAlphaAtERK7wxPoint	todo	TPictureMEM	GetAlphaAt	TPictureMEM::GetAlphaAt(wxPoint const&) const
757785	_ZN11TPictureMEM11InsertPixelEPchhhh	todo	TPictureMEM	InsertPixel	TPictureMEM::InsertPixel(char*, unsigned char, unsigned char, unsigned char, unsigned char)
757833	_ZN11TPictureMEM6MirrorEv	todo	TPictureMEM	Mirror	TPictureMEM::Mirror()
758000	_ZN11TPictureMEM24CreateTransparencyBitmapEj17eTransparencyModePPhRi	todo	TPictureMEM	CreateTransparencyBitmap	TPictureMEM::CreateTransparencyBitmap(unsigned int, eTransparencyMode, unsigned char**, int&)
758253	_ZN11TPictureMEM5PasteERKS_RK6wxRectRK7wxPoint	todo	TPictureMEM	Paste	TPictureMEM::Paste(TPictureMEM const&, wxRect const&, wxPoint const&)
758785	_ZN11TPictureMEM8CopyFromERKS_RK6wxRectRK6wxSizeRK7wxPointRKj	todo	TPictureMEM	CopyFrom	TPictureMEM::CopyFrom(TPictureMEM const&, wxRect const&, wxSize const&, wxPoint const&, unsigned int const&)
758947	_ZN11TPictureMEM8CopyFromERKS_RK6wxRect	todo	TPictureMEM	CopyFrom	TPictureMEM::CopyFrom(TPictureMEM const&, wxRect const&)
759017	_ZN11TPictureMEM11ResizeImageERKS_RK7wxPointbb	todo	TPictureMEM	ResizeImage	TPictureMEM::ResizeImage(TPictureMEM const&, wxPoint const&, bool, bool)
759239	_ZN11TPictureMEM17WeightingFunctionEd	todo	TPictureMEM	WeightingFunction	TPictureMEM::WeightingFunction(double)
759328	_Z34ix86_override_options_after_changev_69	todo	(free function)	ix86_override_options_after_change	ix86_override_options_after_change()
759351	_ZN12TPictureWebP7CleanUpEv	todo	TPictureWebP	CleanUp	TPictureWebP::CleanUp()
759400	_ZN12TPictureWebP8ReadDataER11TPictureMEM	todo	TPictureWebP	ReadData	TPictureWebP::ReadData(TPictureMEM&)
759458	_ZN12TPictureWebP5WriteERK10wxFileNameR11TPictureMEMiiib	todo	TPictureWebP	Write	TPictureWebP::Write(wxFileName const&, TPictureMEM&, int, int, int, bool)
759860	_ZN12TPictureWebP10ReadHeaderEPcmPiS1_	todo	TPictureWebP	ReadHeader	TPictureWebP::ReadHeader(char*, unsigned long, int*, int*)
759971	_ZN12TPictureWebPC2Ev	todo	TPictureWebP	TPictureWebP	TPictureWebP::TPictureWebP()
759993	_ZN12TPictureWebP10ReadHeaderER5TFilePiS2_	todo	TPictureWebP	ReadHeader	TPictureWebP::ReadHeader(TFile&, int*, int*)
760905	_ZN12TPictureWebP8ReadDataER5TFileR11TPictureMEM	todo	TPictureWebP	ReadData	TPictureWebP::ReadData(TFile&, TPictureMEM&)
761632	_ZN12TPictureWebPD2Ev	todo	TPictureWebP	~TPictureWebP	TPictureWebP::~TPictureWebP()
761648	_ZN12TPictureWebPD0Ev	todo	TPictureWebP	~TPictureWebP	TPictureWebP::~TPictureWebP()
761669	_Z34ix86_override_options_after_changev_70	todo	(free function)	ix86_override_options_after_change	ix86_override_options_after_change()
761692	_ZN18TGraphicsInterfaceD2Ev	todo	TGraphicsInterface	~TGraphicsInterface	TGraphicsInterface::~TGraphicsInterface()
761822	_ZN18TGraphicsInterfaceD0Ev	todo	TGraphicsInterface	~TGraphicsInterface	TGraphicsInterface::~TGraphicsInterface()
761842	_ZN18TGraphicsInterfaceC2Eiii	todo	TGraphicsInterface	TGraphicsInterface	TGraphicsInterface::TGraphicsInterface(int, int, int)
762137	_ZN18TGraphicsInterface18GetSpriteFromCacheERK8wxString	todo	TGraphicsInterface	GetSpriteFromCache	TGraphicsInterface::GetSpriteFromCache(wxString const&)
762154	_ZN18TGraphicsInterface10AddToCacheERK8wxStringP13TSpriteHandle	todo	TGraphicsInterface	AddToCache	TGraphicsInterface::AddToCache(wxString const&, TSpriteHandle*)
762172	_ZN18TGraphicsInterface14GetSpriteCacheEv	todo	TGraphicsInterface	GetSpriteCache	TGraphicsInterface::GetSpriteCache()
762189	_ZN18TGraphicsInterface11UpdateCacheEv	todo	TGraphicsInterface	UpdateCache	TGraphicsInterface::UpdateCache()
762206	_ZN18TGraphicsInterface15RemoveFromCacheERK8wxString	todo	TGraphicsInterface	RemoveFromCache	TGraphicsInterface::RemoveFromCache(wxString const&)
762223	_ZN18TGraphicsInterface18PrintCacheContentsERSt4listI8wxStringSaIS1_EE	todo	TGraphicsInterface	PrintCacheContents	TGraphicsInterface::PrintCacheContents(std::list<wxString, std::allocator<wxString> >&)
762240	_ZN18TGraphicsInterface12SetCacheSizeEi	todo	TGraphicsInterface	SetCacheSize	TGraphicsInterface::SetCacheSize(int)
762257	_ZNK18TGraphicsInterface19GetCacheSpriteCountEv	todo	TGraphicsInterface	GetCacheSpriteCount	TGraphicsInterface::GetCacheSpriteCount() const
762276	_ZN18TGraphicsInterface10ClearCacheEv	todo	TGraphicsInterface	ClearCache	TGraphicsInterface::ClearCache()
762293	_ZN18TGraphicsInterface15GetMainMemBlockEv	todo	TGraphicsInterface	GetMainMemBlock	TGraphicsInterface::GetMainMemBlock()
762311	_ZN18TGraphicsInterface19GetLightMapMemBlockEv	todo	TGraphicsInterface	GetLightMapMemBlock	TGraphicsInterface::GetLightMapMemBlock()
762328	_ZN18TGraphicsInterface22GetPreloadedPicManagerEv	todo	TGraphicsInterface	GetPreloadedPicManager	TGraphicsInterface::GetPreloadedPicManager()
762345	_ZN18TGraphicsInterface10SetFiltersE18TInterpolationEnumS0_	todo	TGraphicsInterface	SetFilters	TGraphicsInterface::SetFilters(TInterpolationEnum, TInterpolationEnum)
762363	_ZN18TGraphicsInterface18GetPicsMemSettingsERbS0_	todo	TGraphicsInterface	GetPicsMemSettings	TGraphicsInterface::GetPicsMemSettings(bool&, bool&)
762383	_ZNK18TGraphicsInterface15GetTextureCountEv	todo	TGraphicsInterface	GetTextureCount	TGraphicsInterface::GetTextureCount() const
762402	_ZN18TGraphicsInterface11GetTexturesEv	todo	TGraphicsInterface	GetTextures	TGraphicsInterface::GetTextures()
762419	_ZNK18TGraphicsInterface13PrintTexturesERSt4listI8wxStringSaIS1_EE	todo	TGraphicsInterface	PrintTextures	TGraphicsInterface::PrintTextures(std::list<wxString, std::allocator<wxString> >&) const
763347	_ZN18TGraphicsInterface15SetCommitMethodE9TFadeEnumfi	todo	TGraphicsInterface	SetCommitMethod	TGraphicsInterface::SetCommitMethod(TFadeEnum, float, int)
763365	_ZN18TGraphicsInterface14GetFramebufferEv	todo	TGraphicsInterface	GetFramebuffer	TGraphicsInterface::GetFramebuffer()
763382	_ZN18TGraphicsInterface6FadeInE9TFadeEnumiPvS1_P11TSignalSlotS3_	todo	TGraphicsInterface	FadeIn	TGraphicsInterface::FadeIn(TFadeEnum, int, void*, void*, TSignalSlot*, TSignalSlot*)
764656	_ZNK18TGraphicsInterface8GetWidthEv	todo	TGraphicsInterface	GetWidth	TGraphicsInterface::GetWidth() const
764673	_ZNK18TGraphicsInterface9GetHeightEv	todo	TGraphicsInterface	GetHeight	TGraphicsInterface::GetHeight() const
764690	_ZNK18TGraphicsInterface15GetSurfaceWidthEv	todo	TGraphicsInterface	GetSurfaceWidth	TGraphicsInterface::GetSurfaceWidth() const
764707	_ZNK18TGraphicsInterface16GetSurfaceHeightEv	todo	TGraphicsInterface	GetSurfaceHeight	TGraphicsInterface::GetSurfaceHeight() const
764724	_ZNK18TGraphicsInterface12IsFullScreenEv	todo	TGraphicsInterface	IsFullScreen	TGraphicsInterface::IsFullScreen() const
764741	_ZNK18TGraphicsInterface12IsResizeableEv	todo	TGraphicsInterface	IsResizeable	TGraphicsInterface::IsResizeable() const
764757	_ZN18TGraphicsInterface19PreallocateTexturesEi	todo	TGraphicsInterface	PreallocateTextures	TGraphicsInterface::PreallocateTextures(int)
764871	_ZN18TGraphicsInterface11DrawTextureEiR7wxPointjfR8wxStringfS0_	todo	TGraphicsInterface	DrawTexture	TGraphicsInterface::DrawTexture(int, wxPoint&, unsigned int, float, wxString&, float, wxPoint)
765995	_GLOBAL__sub_I__ZN4Geni6DBconn11_dbpoollockE_1	todo	(free function)	_GLOBAL__sub_I__ZN4Geni6DBconn11_dbpoollockE_1	_GLOBAL__sub_I__ZN4Geni6DBconn11_dbpoollockE_1
766025	_ZN16TParticleEmitterD2Ev	todo	TParticleEmitter	~TParticleEmitter	TParticleEmitter::~TParticleEmitter()
766060	_ZN16TParticleEmitterD0Ev	todo	TParticleEmitter	~TParticleEmitter	TParticleEmitter::~TParticleEmitter()
766096	_ZN15TParticleSystemD2Ev	todo	TParticleSystem	~TParticleSystem	TParticleSystem::~TParticleSystem()
766193	_ZN15TParticleSystemD0Ev	todo	TParticleSystem	~TParticleSystem	TParticleSystem::~TParticleSystem()
766213	_Z9Randomizev	todo	(free function)	Randomize	Randomize()
766232	_Z5Rand0v	todo	(free function)	Rand0	Rand0()
766250	_Z4Randj	todo	(free function)	Rand	Rand(unsigned int)
766285	_Z11BlendColorsiif	todo	(free function)	BlendColors	BlendColors(int, int, float)
766335	_ZNK9TVector3D6LengthEv	todo	TVector3D	Length	TVector3D::Length() const
766368	_ZN9TVector3D4UnitEv	todo	TVector3D	Unit	TVector3D::Unit()
766415	_ZNK9TVector3D7ProjectERKS_	todo	TVector3D	Project	TVector3D::Project(TVector3D const&) const
766506	_ZN9TVector3D6RotateERK8TMatrix3	todo	TVector3D	Rotate	TVector3D::Rotate(TMatrix3 const&)
766548	_ZN9TVector3D7RotateXEf	todo	TVector3D	RotateX	TVector3D::RotateX(float)
766590	_ZN9TVector3D7RotateYEf	todo	TVector3D	RotateY	TVector3D::RotateY(float)
766630	_ZN9TVector3D7RotateZEf	todo	TVector3D	RotateZ	TVector3D::RotateZ(float)
766672	_ZNK9TVector3DeqERKS_	todo	TVector3D	operator==	TVector3D::operator==(TVector3D const&) const
766711	_ZNK7kexVec3plERKS_	todo	kexVec3	operator+	kexVec3::operator+(kexVec3 const&) const
766738	_ZN7kexVec3pLERKS_	todo	kexVec3	operator+=	kexVec3::operator+=(kexVec3 const&)
766763	_ZNK7kexVec3miERKS_	todo	kexVec3	operator-	kexVec3::operator-(kexVec3 const&) const
766790	_ZN7kexVec3mIERKS_	todo	kexVec3	operator-=	kexVec3::operator-=(kexVec3 const&)
766815	_ZNK7kexVec33DotERKS_	todo	kexVec3	Dot	kexVec3::Dot(kexVec3 const&) const
766838	_ZNK7kexVec3mlEf	todo	kexVec3	operator*	kexVec3::operator*(float) const
766863	_ZNK9TVector3DmlERK8TMatrix3	todo	TVector3D	operator*	TVector3D::operator*(TMatrix3 const&) const
766908	_ZN7kexVec3mLEf	todo	kexVec3	operator*=	kexVec3::operator*=(float)
766933	_ZNK7kexVec3mlEf_0	todo	kexVec3	operator*	kexVec3::operator*(float) const
766959	_ZNK7kexVec3dvEf	todo	kexVec3	operator/	kexVec3::operator/(float) const
766984	_ZN9TVector3DdVEf	todo	TVector3D	operator/=	TVector3D::operator/=(float)
767008	_ZNK9TVector3DrmERKS_	todo	TVector3D	operator%	TVector3D::operator%(TVector3D const&) const
767045	_ZN8TMatrix38IdentityEv	todo	TMatrix3	Identity	TMatrix3::Identity()
767070	_ZN8TMatrix39TransposeEv	todo	TMatrix3	Transpose	TMatrix3::Transpose()
767096	_ZN8TMatrix39RotationXEf	todo	TMatrix3	RotationX	TMatrix3::RotationX(float)
767136	_ZN8TMatrix39RotationYEf	todo	TMatrix3	RotationY	TMatrix3::RotationY(float)
767176	_ZN8TMatrix39RotationZEf	todo	TMatrix3	RotationZ	TMatrix3::RotationZ(float)
767217	_ZNK6idMat37CompareERKS_	todo	idMat3	Compare	idMat3::Compare(idMat3 const&) const
767280	_ZNK8TMatrix3plERKS_	todo	TMatrix3	operator+	TMatrix3::operator+(TMatrix3 const&) const
767322	_ZN8TMatrix3pLERKS_	todo	TMatrix3	operator+=	TMatrix3::operator+=(TMatrix3 const&)
767364	_ZNK8TMatrix3miERKS_	todo	TMatrix3	operator-	TMatrix3::operator-(TMatrix3 const&) const
767406	_ZN8TMatrix3mIERKS_	todo	TMatrix3	operator-=	TMatrix3::operator-=(TMatrix3 const&)
767448	_ZNK8TMatrix3mlERKS_	todo	TMatrix3	operator*	TMatrix3::operator*(TMatrix3 const&) const
767560	_ZN8TMatrix3mLERKS_	todo	TMatrix3	operator*=	TMatrix3::operator*=(TMatrix3 const&)
767659	_ZNK8TMatrix3mlEf	todo	TMatrix3	operator*	TMatrix3::operator*(float) const
767700	_ZN8TMatrix3mLEf	todo	TMatrix3	operator*=	TMatrix3::operator*=(float)
767742	_ZNK6idMat3mlERK6idVec3	todo	idMat3	operator*	idMat3::operator*(idVec3 const&) const
767787	_ZmlfRK8TMatrix3	todo	(free function)	operator*	operator*(float, TMatrix3 const&)
767828	_ZN8TMatrix49SetCameraERK9TVector3DS2_S2_	todo	TMatrix4	SetCamera	TMatrix4::SetCamera(TVector3D const&, TVector3D const&, TVector3D const&)
767938	_ZN8TMatrix49SetCameraEffRK9TVector3D	todo	TMatrix4	SetCamera	TMatrix4::SetCamera(float, float, TVector3D const&)
768072	_ZN8TMatrix413SetProjectionEfff	todo	TMatrix4	SetProjection	TMatrix4::SetProjection(float, float, float)
768123	_ZN8TMatrix413SetProjectionEffff	todo	TMatrix4	SetProjection	TMatrix4::SetProjection(float, float, float, float)
768168	_ZN8TMatrix48IdentityEv	todo	TMatrix4	Identity	TMatrix4::Identity()
768195	_ZN8TMatrix49TransposeEv	todo	TMatrix4	Transpose	TMatrix4::Transpose()
768235	_ZN8TMatrix49RotationXEf	todo	TMatrix4	RotationX	TMatrix4::RotationX(float)
768283	_ZN8TMatrix49RotationYEf	todo	TMatrix4	RotationY	TMatrix4::RotationY(float)
768331	_ZN8TMatrix49RotationZEf	todo	TMatrix4	RotationZ	TMatrix4::RotationZ(float)
768380	_ZN8TMatrix49TranslateEfff	todo	TMatrix4	Translate	TMatrix4::Translate(float, float, float)
768413	_ZN8TMatrix45ScaleEfff	todo	TMatrix4	Scale	TMatrix4::Scale(float, float, float)
768446	_ZNK8TMatrix4eqERKS_	todo	TMatrix4	operator==	TMatrix4::operator==(TMatrix4 const&) const
768539	_ZNK8TMatrix4plERKS_	todo	TMatrix4	operator+	TMatrix4::operator+(TMatrix4 const&) const
768590	_ZN8TMatrix4pLERKS_	todo	TMatrix4	operator+=	TMatrix4::operator+=(TMatrix4 const&)
768641	_ZNK8TMatrix4miERKS_	todo	TMatrix4	operator-	TMatrix4::operator-(TMatrix4 const&) const
768692	_ZN8TMatrix4mIERKS_	todo	TMatrix4	operator-=	TMatrix4::operator-=(TMatrix4 const&)
768743	_ZNK8TMatrix4mlERKS_	todo	TMatrix4	operator*	TMatrix4::operator*(TMatrix4 const&) const
769007	_ZNK8TMatrix4mlERK8TVector4	todo	TMatrix4	operator*	TMatrix4::operator*(TVector4 const&) const
769075	_ZN8TMatrix4mLERKS_	todo	TMatrix4	operator*=	TMatrix4::operator*=(TMatrix4 const&)
769285	_ZNK8TMatrix4mlEf	todo	TMatrix4	operator*	TMatrix4::operator*(float) const
769325	_ZN8TMatrix4mLEf	todo	TMatrix4	operator*=	TMatrix4::operator*=(float)
769365	_ZmlfRK8TMatrix4	todo	(free function)	operator*	operator*(float, TMatrix4 const&)
769405	_ZN16TParticleEmitter6UpdateEv	todo	TParticleEmitter	Update	TParticleEmitter::Update()
769421	_ZN16TParticleEmitterC2Ev	todo	TParticleEmitter	TParticleEmitter	TParticleEmitter::TParticleEmitter()
769642	_ZN16TParticleEmitter5ClearEv	todo	TParticleEmitter	Clear	TParticleEmitter::Clear()
769675	_ZN16TParticleEmitter11InitEmitterEiNS_12ParticleTypeE	todo	TParticleEmitter	InitEmitter	TParticleEmitter::InitEmitter(int, TParticleEmitter::ParticleType)
769796	_ZN16TParticleEmitter12SetDirectionERK9TVector3D	todo	TParticleEmitter	SetDirection	TParticleEmitter::SetDirection(TVector3D const&)
770062	_ZN16TParticleEmitter10SetEmitterERK9TVector3DS2_S2_ff	todo	TParticleEmitter	SetEmitter	TParticleEmitter::SetEmitter(TVector3D const&, TVector3D const&, TVector3D const&, float, float)
770132	_ZN16TParticleEmitter10SetEmitterERK9TVector3DS2_ff	todo	TParticleEmitter	SetEmitter	TParticleEmitter::SetEmitter(TVector3D const&, TVector3D const&, float, float)
770164	_ZN16TParticleEmitter16GetSorterIndicesEv	todo	TParticleEmitter	GetSorterIndices	TParticleEmitter::GetSorterIndices()
770208	_ZN16TParticleEmitter7IncTimeEv	todo	TParticleEmitter	IncTime	TParticleEmitter::IncTime()
771112	_ZN16TParticleEmitter5PaintEv	todo	TParticleEmitter	Paint	TParticleEmitter::Paint()
771127	_ZN15TParticleSystemC2Ev	todo	TParticleSystem	TParticleSystem	TParticleSystem::TParticleSystem()
771155	_ZN15TParticleSystem5ClearEv	todo	TParticleSystem	Clear	TParticleSystem::Clear()
771216	_ZN15TParticleSystem7IncTimeEv	todo	TParticleSystem	IncTime	TParticleSystem::IncTime()
771276	_ZN15TParticleSystem14SetScaleFactorEf	todo	TParticleSystem	SetScaleFactor	TParticleSystem::SetScaleFactor(float)
771309	_ZN15TParticleSystem13SetWindowSizeEii	todo	TParticleSystem	SetWindowSize	TParticleSystem::SetWindowSize(int, int)
771351	_ZN15TParticleSystem13GetWindowSizeEv	todo	TParticleSystem	GetWindowSize	TParticleSystem::GetWindowSize()
771374	_Z34ix86_override_options_after_changev_71	todo	(free function)	ix86_override_options_after_change	ix86_override_options_after_change()
771397	_ZN14TPictureFormatD2Ev	todo	TPictureFormat	~TPictureFormat	TPictureFormat::~TPictureFormat()
771413	_ZN14TPictureFormatD0Ev	todo	TPictureFormat	~TPictureFormat	TPictureFormat::~TPictureFormat()
771429	_ZN14TPictureFormatC2Ev	todo	TPictureFormat	TPictureFormat	TPictureFormat::TPictureFormat()
771446	_ZN14TPictureFormat9GetFormatEv	todo	TPictureFormat	GetFormat	TPictureFormat::GetFormat()
771464	_Z34ix86_override_options_after_changev_72	todo	(free function)	ix86_override_options_after_change	ix86_override_options_after_change()
771488	utils_pow2	todo	(free function)	utils_pow2	utils_pow2
771519	_ZN8TCutRectC2ERK5TRectiiPS_	todo	TCutRect	TCutRect	TCutRect::TCutRect(TRect const&, int, int, TCutRect*)
771598	_ZN8TCutRect3CutEii	todo	TCutRect	Cut	TCutRect::Cut(int, int)
771656	_ZN8TCutRect7BestFitEiif	todo	TCutRect	BestFit	TCutRect::BestFit(int, int, float)
772049	_ZN8TCutRect11FindBestFitEiiRf	todo	TCutRect	FindBestFit	TCutRect::FindBestFit(int, int, float&)
772078	_ZN8TCutRect10CutBestFitEii	todo	TCutRect	CutBestFit	TCutRect::CutBestFit(int, int)
772404	_ZN8TCutRect17FreeRectClearFlagERK5TRect	todo	TCutRect	FreeRectClearFlag	TCutRect::FreeRectClearFlag(TRect const&)
772531	_ZN8TCutRect8FreeRectERK5TRect	todo	TCutRect	FreeRect	TCutRect::FreeRect(TRect const&)
772635	_ZN13TSpriteHandleD2Ev	todo	TSpriteHandle	~TSpriteHandle	TSpriteHandle::~TSpriteHandle()
772741	_ZN13TSpriteHandle6AddRefEv	todo	TSpriteHandle	AddRef	TSpriteHandle::AddRef()
772757	_ZN13TSpriteHandle7ReleaseEv	todo	TSpriteHandle	Release	TSpriteHandle::Release()
772773	_ZN13TSpriteHandle11GetRefCountEv	todo	TSpriteHandle	GetRefCount	TSpriteHandle::GetRefCount()
772790	_ZNK13TSpriteHandle13GetMemorySizeEv	todo	TSpriteHandle	GetMemorySize	TSpriteHandle::GetMemorySize() const
772807	_ZN18TGraphicsInterface22RemoveTransparentEdgesERiS0_S0_S0_iiiPKc	todo	TGraphicsInterface	RemoveTransparentEdges	TGraphicsInterface::RemoveTransparentEdges(int&, int&, int&, int&, int, int, int, char const*)
773177	_ZN18TGraphicsInterface22RemoveTransparentEdgesERiS0_S0_S0_PKc	todo	TGraphicsInterface	RemoveTransparentEdges	TGraphicsInterface::RemoveTransparentEdges(int&, int&, int&, int&, char const*)
773531	_ZNK18TGraphicsInterface16GetSpriteMemSizeEP13TSpriteHandle	todo	TGraphicsInterface	GetSpriteMemSize	TGraphicsInterface::GetSpriteMemSize(TSpriteHandle*) const
773548	_ZN15MaxRectsBinPack9OccupancyEv	todo	MaxRectsBinPack	Occupancy	MaxRectsBinPack::Occupancy()
773671	_ZN15MaxRectsBinPack32FindPositionForNewNodeBottomLeftEiiRiS0_	todo	MaxRectsBinPack	FindPositionForNewNodeBottomLeft	MaxRectsBinPack::FindPositionForNewNodeBottomLeft(int, int, int&, int&)
773846	_ZN15MaxRectsBinPack38FindPositionForNewNodeBestShortSideFitEiiRiS0_	todo	MaxRectsBinPack	FindPositionForNewNodeBestShortSideFit	MaxRectsBinPack::FindPositionForNewNodeBestShortSideFit(int, int, int&, int&)
774041	_ZN15MaxRectsBinPack16FindGreatestRectEv	todo	MaxRectsBinPack	FindGreatestRect	MaxRectsBinPack::FindGreatestRect()
774121	_ZN15MaxRectsBinPack37FindPositionForNewNodeBestLongSideFitEiiRiS0_	todo	MaxRectsBinPack	FindPositionForNewNodeBestLongSideFit	MaxRectsBinPack::FindPositionForNewNodeBestLongSideFit(int, int, int&, int&)
774302	_ZN15MaxRectsBinPack33FindPositionForNewNodeBestAreaFitEiiRiS0_	todo	MaxRectsBinPack	FindPositionForNewNodeBestAreaFit	MaxRectsBinPack::FindPositionForNewNodeBestAreaFit(int, int, int&, int&)
774482	_ZN15MaxRectsBinPack20CommonIntervalLengthEiiii	todo	MaxRectsBinPack	CommonIntervalLength	MaxRectsBinPack::CommonIntervalLength(int, int, int, int)
774514	_ZN15MaxRectsBinPack21ContactPointScoreNodeEiiii	todo	MaxRectsBinPack	ContactPointScoreNode	MaxRectsBinPack::ContactPointScoreNode(int, int, int, int)
774656	_ZN15MaxRectsBinPack34FindPositionForNewNodeContactPointEiiRi	todo	MaxRectsBinPack	FindPositionForNewNodeContactPoint	MaxRectsBinPack::FindPositionForNewNodeContactPoint(int, int, int&)
774839	_ZN15MaxRectsBinPack9ScoreRectEiiNS_23FreeRectChoiceHeuristicERiS1_	todo	MaxRectsBinPack	ScoreRect	MaxRectsBinPack::ScoreRect(int, int, MaxRectsBinPack::FreeRectChoiceHeuristic, int&, int&)
774960	_Z8AdjacentRK6wxRectS1_i	todo	(free function)	Adjacent	Adjacent(wxRect const&, wxRect const&, int)
775027	_Z7CombineRK6wxRectS1_ib	todo	(free function)	Combine	Combine(wxRect const&, wxRect const&, int, bool)
775228	_Z14ExtendJoinableRK6wxRectS1_	todo	(free function)	ExtendJoinable	ExtendJoinable(wxRect const&, wxRect const&)
775288	_Z10ExtendJoinRK6wxRectS1_	todo	(free function)	ExtendJoin	ExtendJoin(wxRect const&, wxRect const&)
775387	_Z7fromInti	todo	(free function)	fromInt	fromInt(int)
775412	_Z11file_appendSs	todo	(free function)	file_append	file_append(std::basic_string<char, std::char_traits<char>, std::allocator<char> >)
775426	_ZN15MaxRectsBinPack5ClearEv	todo	MaxRectsBinPack	Clear	MaxRectsBinPack::Clear()
775445	_ZN15MaxRectsBinPack13PruneFreeListEv	todo	MaxRectsBinPack	PruneFreeList	MaxRectsBinPack::PruneFreeList()
775609	_ZN15MaxRectsBinPack13IsContainedInERK6wxRectS2_	todo	MaxRectsBinPack	IsContainedIn	MaxRectsBinPack::IsContainedIn(wxRect const&, wxRect const&)
775645	_ZN13TSpriteHandleC2Ev	todo	TSpriteHandle	TSpriteHandle	TSpriteHandle::TSpriteHandle()
775729	_ZN13TSpriteHandle13AddSpritePartERK17TSpritePartHandle	todo	TSpriteHandle	AddSpritePart	TSpriteHandle::AddSpritePart(TSpritePartHandle const&)
775803	_ZN15MaxRectsBinPack4InitEiib	todo	MaxRectsBinPack	Init	MaxRectsBinPack::Init(int, int, bool)
775857	_ZN15MaxRectsBinPack8FreeRectERK6wxRect	todo	MaxRectsBinPack	FreeRect	MaxRectsBinPack::FreeRect(wxRect const&)
776562	_ZN18TGraphicsInterface14FreeSpritePartER17TSpritePartHandle	todo	TGraphicsInterface	FreeSpritePart	TGraphicsInterface::FreeSpritePart(TSpritePartHandle&)
776655	_ZN18TGraphicsInterface10FreeSpriteEP13TSpriteHandle	todo	TGraphicsInterface	FreeSprite	TGraphicsInterface::FreeSprite(TSpriteHandle*)
776718	_ZN14TTextureHandleC2ERK5TRectii	todo	TTextureHandle	TTextureHandle	TTextureHandle::TTextureHandle(TRect const&, int, int)
776789	_ZN15MaxRectsBinPack13SplitFreeNodeE6wxRectRS0_	todo	MaxRectsBinPack	SplitFreeNode	MaxRectsBinPack::SplitFreeNode(wxRect, wxRect&)
777028	_ZN15MaxRectsBinPack9PlaceRectE6wxRect	todo	MaxRectsBinPack	PlaceRect	MaxRectsBinPack::PlaceRect(wxRect)
777148	_ZN15MaxRectsBinPack6InsertERSt6vectorI6wxRectSaIS1_EES4_NS_23FreeRectChoiceHeuristicE	todo	MaxRectsBinPack	Insert	MaxRectsBinPack::Insert(std::vector<wxRect, std::allocator<wxRect> >&, std::vector<wxRect, std::allocator<wxRect> >&, MaxRectsBinPack::FreeRectChoiceHeuristic)
777308	_ZN15MaxRectsBinPack6InsertEiiNS_23FreeRectChoiceHeuristicE	todo	MaxRectsBinPack	Insert	MaxRectsBinPack::Insert(int, int, MaxRectsBinPack::FreeRectChoiceHeuristic)
777492	_ZN18TGraphicsInterface10FindSpriteEiiiP13TSpriteHandlebPKc	todo	TGraphicsInterface	FindSprite	TGraphicsInterface::FindSprite(int, int, int, TSpriteHandle*, bool, char const*)
779132	_ZN18TGraphicsInterface14FindSpritePartEiiib	todo	TGraphicsInterface	FindSpritePart	TGraphicsInterface::FindSpritePart(int, int, int, bool)
779848	_GLOBAL__sub_I__ZN4Geni6DBconn11_dbpoollockE_2	todo	(free function)	_GLOBAL__sub_I__ZN4Geni6DBconn11_dbpoollockE_2	_GLOBAL__sub_I__ZN4Geni6DBconn11_dbpoollockE_2
779878	_ZN20TPreloadedPicManager14ReleasePictureEP10TPictureIO	todo	TPreloadedPicManager	ReleasePicture	TPreloadedPicManager::ReleasePicture(TPictureIO*)
779905	_ZN20TPreloadedPicManager5PauseEv	todo	TPreloadedPicManager	Pause	TPreloadedPicManager::Pause()
779922	_ZN20TPreloadedPicManager8ContinueEv	todo	TPreloadedPicManager	Continue	TPreloadedPicManager::Continue()
779939	_ZN20TPreloadedPicManagerD2Ev	todo	TPreloadedPicManager	~TPreloadedPicManager	TPreloadedPicManager::~TPreloadedPicManager()
780105	_ZN20TPreloadedPicManager19GetPictureToPreloadEv	todo	TPreloadedPicManager	GetPictureToPreload	TPreloadedPicManager::GetPictureToPreload()
780419	_ZN20TPreloadedPicManager10TryDequeueEP10TPictureIO	todo	TPreloadedPicManager	TryDequeue	TPreloadedPicManager::TryDequeue(TPictureIO*)
780499	_ZN20TPreloadedPicManager14StopPreloadingEP10TPictureIO	todo	TPreloadedPicManager	StopPreloading	TPreloadedPicManager::StopPreloading(TPictureIO*)
780720	_ZN20TPreloadedPicManager17InitPicPreloadersEil	todo	TPreloadedPicManager	InitPicPreloaders	TPreloadedPicManager::InitPicPreloaders(int, long)
780816	_ZN20TPreloadedPicManagerC2Ev	todo	TPreloadedPicManager	TPreloadedPicManager	TPreloadedPicManager::TPreloadedPicManager()
780942	_ZN20TPreloadedPicManager15PreloadPicturesESt6vectorIP10TPictureIOSaIS2_EE	todo	TPreloadedPicManager	PreloadPictures	TPreloadedPicManager::PreloadPictures(std::vector<TPictureIO*, std::allocator<TPictureIO*> >)
781078	_ZN20TPreloadedPicManager16PicturePreloadedEP10TPictureIO	todo	TPreloadedPicManager	PicturePreloaded	TPreloadedPicManager::PicturePreloaded(TPictureIO*)
781192	_ZN20TPreloadedPicManager18SetHighestPriorityEP10TPictureIO	todo	TPreloadedPicManager	SetHighestPriority	TPreloadedPicManager::SetHighestPriority(TPictureIO*)
781333	_ZN20TPreloadedPicManager14StopPreloadingERSt6vectorIP10TPictureIOSaIS2_EE	todo	TPreloadedPicManager	StopPreloading	TPreloadedPicManager::StopPreloading(std::vector<TPictureIO*, std::allocator<TPictureIO*> >&)
781593	_ZN20TPreloadedPicManager14PreloadPictureEP10TPictureIO	todo	TPreloadedPicManager	PreloadPicture	TPreloadedPicManager::PreloadPicture(TPictureIO*)
781717	_ZN20TPreloadedPicManager20GetPreloadedPicturesEv	todo	TPreloadedPicManager	GetPreloadedPictures	TPreloadedPicManager::GetPreloadedPictures()
785235	_Z34ix86_override_options_after_changev_73	todo	(free function)	ix86_override_options_after_change	ix86_override_options_after_change()
785258	_ZN10TPictureIOD2Ev	todo	TPictureIO	~TPictureIO	TPictureIO::~TPictureIO()
785391	_ZN10TPictureIOD0Ev	todo	TPictureIO	~TPictureIO	TPictureIO::~TPictureIO()
785526	_ZN10TPictureIO3SetERK7TSprite	todo	TPictureIO	Set	TPictureIO::Set(TSprite const&)
785610	_Z13IntersectRectR9FloatRectRK6wxRectRKS_	todo	(free function)	IntersectRect	IntersectRect(FloatRect&, wxRect const&, FloatRect const&)
785707	_ZN10TPictureIOC2Ev	todo	TPictureIO	TPictureIO	TPictureIO::TPictureIO()
785751	_ZN10TPictureIOC2ERK7TSpriteb	todo	TPictureIO	TPictureIO	TPictureIO::TPictureIO(TSprite const&, bool)
785867	_ZN10TPictureIO23RetryFailedPicturesLoadEv	todo	TPictureIO	RetryFailedPicturesLoad	TPictureIO::RetryFailedPicturesLoad()
785961	_ZN10TPictureIOaSERKS_	todo	TPictureIO	operator=	TPictureIO::operator=(TPictureIO const&)
785997	_ZNK10TPictureIO13GetSpriteNameEv	todo	TPictureIO	GetSpriteName	TPictureIO::GetSpriteName() const
786263	_ZN10TPictureIO17TestCacheFileTimeEb	todo	TPictureIO	TestCacheFileTime	TPictureIO::TestCacheFileTime(bool)
786279	_ZN10TPictureIO5ClearEv	todo	TPictureIO	Clear	TPictureIO::Clear()
786341	_ZN10TPictureIO11SetParallaxEii	todo	TPictureIO	SetParallax	TPictureIO::SetParallax(int, int)
786359	_ZN10TPictureIO19LoadSpriteFromCacheEv	todo	TPictureIO	LoadSpriteFromCache	TPictureIO::LoadSpriteFromCache()
786442	_ZNK10TPictureIO9GetFormatER5TFilePP14TPictureFormatRK8wxString	todo	TPictureIO	GetFormat	TPictureIO::GetFormat(TFile&, TPictureFormat**, wxString const&) const
786901	_ZN10TPictureIO21CreateFromFramebufferEP12TFramebuffer	todo	TPictureIO	CreateFromFramebuffer	TPictureIO::CreateFromFramebuffer(TFramebuffer*)
786983	_ZN10TPictureIO12CreateSpriteEb	todo	TPictureIO	CreateSprite	TPictureIO::CreateSprite(bool)
787250	_ZN10TPictureIO12CreateSpriteEPviii	todo	TPictureIO	CreateSprite	TPictureIO::CreateSprite(void*, int, int, int)
787284	_ZN10TPictureIO19FinishPreloaderReadEi	todo	TPictureIO	FinishPreloaderRead	TPictureIO::FinishPreloaderRead(int)
787512	_ZN10TPictureIO16CleanupPreloaderEv	todo	TPictureIO	CleanupPreloader	TPictureIO::CleanupPreloader()
787554	_ZN10TPictureIO10LoadHeaderER5TFilePP14TPictureFormat	todo	TPictureIO	LoadHeader	TPictureIO::LoadHeader(TFile&, TPictureFormat**)
787778	_ZN10TPictureIO15ReadPictureFileEv	todo	TPictureIO	ReadPictureFile	TPictureIO::ReadPictureFile()
788232	_ZN10TPictureIO15EnsureSizeValidEv	todo	TPictureIO	EnsureSizeValid	TPictureIO::EnsureSizeValid()
788452	_ZN10TPictureIO8LoadRectER7TSprite	todo	TPictureIO	LoadRect	TPictureIO::LoadRect(TSprite&)
788598	_ZN10TPictureIO12RemoveSpriteEv	todo	TPictureIO	RemoveSprite	TPictureIO::RemoveSprite()
788655	_ZN10TPictureIO13IsTransparentERK7wxPoint	todo	TPictureIO	IsTransparent	TPictureIO::IsTransparent(wxPoint const&)
788735	_ZN10TPictureIO11SavePictureERK10wxFileNameb	todo	TPictureIO	SavePicture	TPictureIO::SavePicture(wxFileName const&, bool)
788822	_ZN10TPictureIO12WritePictureER14TPictureFormatRK10wxFileName	todo	TPictureIO	WritePicture	TPictureIO::WritePicture(TPictureFormat&, wxFileName const&)
788854	_ZNK10TPictureIO11GetDestRectEv	todo	TPictureIO	GetDestRect	TPictureIO::GetDestRect() const
788872	_ZN10TPictureIO12PreparePaintER6wxRectR9FloatRect	todo	TPictureIO	PreparePaint	TPictureIO::PreparePaint(wxRect&, FloatRect&)
789051	_ZNK10TPictureIO16GetSpriteMemSizeEv	todo	TPictureIO	GetSpriteMemSize	TPictureIO::GetSpriteMemSize() const
789078	_ZNK10TPictureIO15GetSpriteHandleEv	todo	TPictureIO	GetSpriteHandle	TPictureIO::GetSpriteHandle() const
789095	_ZN10TPictureIO19SetPreloadingStatusENS_17ePreloadingStatusE	todo	TPictureIO	SetPreloadingStatus	TPictureIO::SetPreloadingStatus(TPictureIO::ePreloadingStatus)
789129	_ZN10TPictureIO19GetPreloadingStatusEv	todo	TPictureIO	GetPreloadingStatus	TPictureIO::GetPreloadingStatus()
789176	_ZN10TPictureIO12SetPreloaderEP17TPicturePreloader	todo	TPictureIO	SetPreloader	TPictureIO::SetPreloader(TPicturePreloader*)
789193	_ZN10TPictureIO12GetPreloaderEv	todo	TPictureIO	GetPreloader	TPictureIO::GetPreloader()
789210	_ZN10TPictureIO17CreateEmptySpriteEiiib	todo	TPictureIO	CreateEmptySprite	TPictureIO::CreateEmptySprite(int, int, int, bool)
789308	_ZN10TPictureIO20PreparePreloaderLoadE10wxFileName	todo	TPictureIO	PreparePreloaderLoad	TPictureIO::PreparePreloaderLoad(wxFileName)
789745	_ZN10TPictureIO11LoadPictureE10wxFileNameNS_12eLoadSettingE	todo	TPictureIO	LoadPicture	TPictureIO::LoadPicture(wxFileName, TPictureIO::eLoadSetting)
790163	_ZN10TPictureIO13RefreshSpriteEb	todo	TPictureIO	RefreshSprite	TPictureIO::RefreshSprite(bool)
790781	_ZN10TPictureIO16DrawWithDestRectERK6wxRectfj	todo	TPictureIO	DrawWithDestRect	TPictureIO::DrawWithDestRect(wxRect const&, float, unsigned int)
790882	_ZN10TPictureIO15DrawWithSrcRectERK6wxRectfj	todo	TPictureIO	DrawWithSrcRect	TPictureIO::DrawWithSrcRect(wxRect const&, float, unsigned int)
790993	_ZN10TPictureIO16DrawWithLightMapEfjPv	todo	TPictureIO	DrawWithLightMap	TPictureIO::DrawWithLightMap(float, unsigned int, void*)
791077	_ZN10TPictureIO4DrawEfj	todo	TPictureIO	Draw	TPictureIO::Draw(float, unsigned int)
791178	_ZN10TPictureIO19CreateSpriteTextureERK10wxFileName	todo	TPictureIO	CreateSpriteTexture	TPictureIO::CreateSpriteTexture(wxFileName const&)
791282	_GLOBAL__sub_I__ZN10TPictureIO15s_pPaintControlE	todo	(free function)	_GLOBAL__sub_I__ZN10TPictureIO15s_pPaintControlE	_GLOBAL__sub_I__ZN10TPictureIO15s_pPaintControlE
791323	_ZL13determine_t_rdRdS_	todo	(free function)	determine_t_r	determine_t_r(double, double&, double&)
791467	_ZN19vertex_array_holder4drawEv_part_4	todo	vertex_array_holder	draw	vertex_array_holder::draw()
791598	_ZL10make_T_R_CRK5PointS1_PS_S2_S2_dRK12polyline_optPdS6_Pfb_constprop_20	todo	(free function)	make_T_R_C	make_T_R_C(Point const&, Point const&, Point*, Point*, Point*, double, polyline_opt const&, double*, double*, float*, bool)
791747	_ZL10make_T_R_CRK5PointS1_PS_S2_S2_dRK12polyline_optPdS6_Pfb_constprop_21	todo	(free function)	make_T_R_C	make_T_R_C(Point const&, Point const&, Point*, Point*, Point*, double, polyline_opt const&, double*, double*, float*, bool)
791932	_Z9Color_getR5Colori	todo	(free function)	Color_get	Color_get(Color&, int)
791954	_Z17Color_valid_rangef	todo	(free function)	Color_valid_range	Color_valid_range(float)
791979	_Z13Color_betweenRK5ColorS1_f	todo	(free function)	Color_between	Color_between(Color const&, Color const&, float)
792041	_Z12sRGBtolinearR5Colorb	todo	(free function)	sRGBtolinear	sRGBtolinear(Color&, bool)
792196	_Z12lineartosRGBR5Colorb	todo	(free function)	lineartosRGB	lineartosRGB(Color&, bool)
792351	_Z8RGBtoHSVfffPfS_S_	todo	(free function)	RGBtoHSV	RGBtoHSV(float, float, float, float*, float*, float*)
792480	_Z8HSVtoRGBPfS_S_fff	todo	(free function)	HSVtoRGB	HSVtoRGB(float*, float*, float*, float, float, float)
792617	_ZN19vertex_array_holder4drawEv	todo	vertex_array_holder	draw	vertex_array_holder::draw()
792640	_ZN19vertex_array_holder7replaceEi5Point5Color	todo	vertex_array_holder	replace	vertex_array_holder::replace(int, Point, Color)
792695	_ZN19vertex_array_holder4pushERKS_	todo	vertex_array_holder	push	vertex_array_holder::push(vertex_array_holder const&)
792816	_ZN19vertex_array_holder9get_colorEi	todo	vertex_array_holder	get_color	vertex_array_holder::get_color(int)
792858	_ZN19vertex_array_holder16repeat_last_pushEv	todo	vertex_array_holder	repeat_last_push	vertex_array_holder::repeat_last_push()
793075	_ZN19vertex_array_holder4pushERK5PointRK5Colorb	todo	vertex_array_holder	push	vertex_array_holder::push(Point const&, Color const&, bool)
793272	_ZN19vertex_array_holder4pushERK5PointRK5Colorb_constprop_18	todo	vertex_array_holder	push	vertex_array_holder::push(Point const&, Color const&, bool)
793455	_ZL13vah_knife_cutR19vertex_array_holderRK5PointS3_S3_	todo	(free function)	vah_knife_cut	vah_knife_cut(vertex_array_holder&, Point const&, Point const&, Point const&)
794904	_ZL9inner_arcR19vertex_array_holderRK5PointRK5ColorS6_fffffbPS1_	todo	(free function)	inner_arc	inner_arc(vertex_array_holder&, Point const&, Color const&, Color const&, float, float, float, float, float, bool, Point*)
797185	_ZL14vectors_to_arcR19vertex_array_holderRK5PointRK5ColorS6_S1_S1_fffbPS1__constprop_16	todo	(free function)	vectors_to_arc	vectors_to_arc(vertex_array_holder&, Point const&, Color const&, Color const&, Point, Point, float, float, float, bool, Point*)
797332	_ZL9inner_arcR19vertex_array_holderRK5PointRK5ColorS6_fffffbPS1__constprop_17	todo	(free function)	inner_arc	inner_arc(vertex_array_holder&, Point const&, Color const&, Color const&, float, float, float, float, float, bool, Point*)
798958	_ZL14vectors_to_arcR19vertex_array_holderRK5PointRK5ColorS6_S1_S1_fffbPS1__constprop_15	todo	(free function)	vectors_to_arc	vectors_to_arc(vertex_array_holder&, Point const&, Color const&, Color const&, Point, Point, float, float, float, bool, Point*)
799100	_ZL9push_quadR19vertex_array_holderRK5PointS3_S3_S3_RK5ColorS6_S6_S6_bbbbb_constprop_14	todo	(free function)	push_quad	push_quad(vertex_array_holder&, Point const&, Point const&, Point const&, Point const&, Color const&, Color const&, Color const&, Color const&, bool, bool, bool, bool, bool)
800120	_ZL12segment_latePK4Vec2PK5ColorP12_st_polylineR19vertex_array_holder5PointS9_	todo	(free function)	segment_late	segment_late(Vec2 const*, Color const*, _st_polyline*, vertex_array_holder&, Point, Point)
804973	_ZL8segment_PK4Vec2PK5ColorPKdPK12polyline_optbbc_part_5	todo	(free function)	segment_	segment_(Vec2 const*, Color const*, double const*, polyline_opt const*, bool, bool, char)
805466	_ZL6anchorR10_st_anchorPK12polyline_optbb	todo	(free function)	anchor	anchor(_st_anchor&, polyline_opt const*, bool, bool)
807837	_ZL11anchor_latePK4Vec2PK5ColorP12_st_polylineR19vertex_array_holder5PointS9_	todo	(free function)	anchor_late	anchor_late(Vec2 const*, Color const*, _st_polyline*, vertex_array_holder&, Point, Point)
811969	_Z8polylinePK4Vec2PK5ColorPKdiPK12polyline_optb	todo	(free function)	polyline	polyline(Vec2 const*, Color const*, double const*, int, polyline_opt const*, bool)
812403	_Z8polylinePK4Vec2PK5ColorPKdiPK12polyline_optb_constprop_10	todo	(free function)	polyline	polyline(Vec2 const*, Color const*, double const*, int, polyline_opt const*, bool)
812441	_Z7segmentRK4Vec2S1_RK5ColorS4_ddPK12polyline_opt	todo	(free function)	segment	segment(Vec2 const&, Vec2 const&, Color const&, Color const&, double, double, polyline_opt const*)
812492	_Z8polylinePK4Vec2PK5ColorPKdiPK12polyline_optb_constprop_11	todo	(free function)	polyline	polyline(Vec2 const*, Color const*, double const*, int, polyline_opt const*, bool)
812927	_Z8polylinePK4Vec2PK5ColorPKdiPK12polyline_opt	todo	(free function)	polyline	polyline(Vec2 const*, Color const*, double const*, int, polyline_opt const*)
812943	_ZN5Point9intersectERKS_S1_S1_S1_RS_PdS3_	todo	Point	intersect	Point::intersect(Point const&, Point const&, Point const&, Point const&, Point&, double*, double*)
813086	_ZN19vertex_array_holder14draw_and_flushEv	todo	vertex_array_holder	draw_and_flush	vertex_array_holder::draw_and_flush()
813209	_ZN19vertex_array_holder5push3ERK5PointS2_S2_RK5ColorS5_S5_bbb	todo	vertex_array_holder	push3	vertex_array_holder::push3(Point const&, Point const&, Point const&, Color const&, Color const&, Color const&, bool, bool, bool)
813760	_Z34ix86_override_options_after_changev_74	todo	(free function)	ix86_override_options_after_change	ix86_override_options_after_change()
813783	_ZN17TPicturePreloaderD2Ev	todo	TPicturePreloader	~TPicturePreloader	TPicturePreloader::~TPicturePreloader()
813843	_ZN17TPicturePreloaderD0Ev	todo	TPicturePreloader	~TPicturePreloader	TPicturePreloader::~TPicturePreloader()
813901	_ZN17TPicturePreloaderC2EP20TPreloadedPicManagerli	todo	TPicturePreloader	TPicturePreloader	TPicturePreloader::TPicturePreloader(TPreloadedPicManager*, long, int)
813996	_ZN17TPicturePreloader14StopPreloadingEv	todo	TPicturePreloader	StopPreloading	TPicturePreloader::StopPreloading()
814030	_ZN17TPicturePreloader21NotifyPictureReleasedEP10TPictureIO	todo	TPicturePreloader	NotifyPictureReleased	TPicturePreloader::NotifyPictureReleased(TPictureIO*)
814106	_ZN17TPicturePreloader5EntryEv	todo	TPicturePreloader	Entry	TPicturePreloader::Entry()
814320	_Z34ix86_override_options_after_changev_75	todo	(free function)	ix86_override_options_after_change	ix86_override_options_after_change()
814343	_ZN11TPicturePCX7CleanUpEv	todo	TPicturePCX	CleanUp	TPicturePCX::CleanUp()
814359	_ZN11TPicturePCX8ReadDataER5TFileR11TPictureMEM	todo	TPicturePCX	ReadData	TPicturePCX::ReadData(TFile&, TPictureMEM&)
815280	_ZN11TPicturePCX10ReadHeaderER5TFilePiS2__part_0	todo	TPicturePCX	ReadHeader	TPicturePCX::ReadHeader(TFile&, int*, int*)
815357	_ZN11TPicturePCX10ReadHeaderER5TFilePiS2_	todo	TPicturePCX	ReadHeader	TPicturePCX::ReadHeader(TFile&, int*, int*)
815431	_ZN11TPicturePCXC2Ev	todo	TPicturePCX	TPicturePCX	TPicturePCX::TPicturePCX()
815452	_ZN11TPicturePCXD2Ev	todo	TPicturePCX	~TPicturePCX	TPicturePCX::~TPicturePCX()
815468	_ZN11TPicturePCXD0Ev	todo	TPicturePCX	~TPicturePCX	TPicturePCX::~TPicturePCX()
815489	_Z34ix86_override_options_after_changev_76	todo	(free function)	ix86_override_options_after_change	ix86_override_options_after_change()
815512	_Z13IntersectRectR5TRectRKS_S2_	todo	(free function)	IntersectRect	IntersectRect(TRect&, TRect const&, TRect const&)
815577	_Z12SubtractRectR5TRectRKS_S2_	todo	(free function)	SubtractRect	SubtractRect(TRect&, TRect const&, TRect const&)
815643	_Z13IntersectRectR6wxRectRKS_S2_	todo	(free function)	IntersectRect	IntersectRect(wxRect&, wxRect const&, wxRect const&)
815679	_Z12SubtractRectR6wxRectRKS_S2_	todo	(free function)	SubtractRect	SubtractRect(wxRect&, wxRect const&, wxRect const&)
815859	_Z34ix86_override_options_after_changev_77	todo	(free function)	ix86_override_options_after_change	ix86_override_options_after_change()
815880	_glewStrSame2	todo	(free function)	_glewStrSame2	_glewStrSame2
815965	_glewStrSame3	todo	(free function)	_glewStrSame3	_glewStrSame3
816072	_glewSearchExtension	todo	(free function)	_glewSearchExtension	_glewSearchExtension
835595	glewGetExtension	todo	(free function)	glewGetExtension	glewGetExtension
835642	glxewGetExtension	todo	(free function)	glxewGetExtension	glxewGetExtension
835699	glxewContextInit	todo	(free function)	glxewContextInit	glxewContextInit
838030	glewGetErrorString	todo	(free function)	glewGetErrorString	glewGetErrorString
838049	glewGetString	todo	(free function)	glewGetString	glewGetString
838067	glewInit	todo	(free function)	glewInit	glewInit
855452	glewIsSupported	todo	(free function)	glewIsSupported	glewIsSupported
865006	glxewIsSupported	todo	(free function)	glxewIsSupported	glxewIsSupported
868003	_ZN11TPictureGIF7CleanUpEv	todo	TPictureGIF	CleanUp	TPictureGIF::CleanUp()
868019	_ZN11TPictureGIF10ReadHeaderER5TFilePiS2_	todo	TPictureGIF	ReadHeader	TPictureGIF::ReadHeader(TFile&, int*, int*)
868254	_ZN11TPictureGIFC2Ev	todo	TPictureGIF	TPictureGIF	TPictureGIF::TPictureGIF()
868275	_ZN11TPictureGIF13Get_next_codeER5TFile	todo	TPictureGIF	Get_next_code	TPictureGIF::Get_next_code(TFile&)
868421	_ZN11TPictureGIF8ReadDataER5TFileR11TPictureMEM	todo	TPictureGIF	ReadData	TPictureGIF::ReadData(TFile&, TPictureMEM&)
868923	_ZN11TPictureGIF11SetNextLineEPiS0_	todo	TPictureGIF	SetNextLine	TPictureGIF::SetNextLine(int*, int*)
869019	_ZN11TPictureGIFD2Ev	todo	TPictureGIF	~TPictureGIF	TPictureGIF::~TPictureGIF()
869035	_ZN11TPictureGIFD0Ev	todo	TPictureGIF	~TPictureGIF	TPictureGIF::~TPictureGIF()
869056	_Z34ix86_override_options_after_changev_78	todo	(free function)	ix86_override_options_after_change	ix86_override_options_after_change()
927509	ParseHeadersInternal	todo	(free function)	ParseHeadersInternal	ParseHeadersInternal
928222	DecodeInto	todo	(free function)	DecodeInto	DecodeInto
928438	DecodeIntoRGBABuffer	todo	(free function)	DecodeIntoRGBABuffer	DecodeIntoRGBABuffer
928517	Decode_constprop_1	todo	(free function)	Decode_constprop_1	Decode_constprop_1
929705	ProcessRows	todo	(free function)	ProcessRows	ProcessRows
930185	DecodeImageData	todo	(free function)	DecodeImageData	DecodeImageData
931465	DecodeImageStream_constprop_14	todo	(free function)	DecodeImageStream_constprop_14	DecodeImageStream_constprop_14
931792	ReadTransform	todo	(free function)	ReadTransform	ReadTransform
932055	ReadHuffmanCodes	todo	(free function)	ReadHuffmanCodes	ReadHuffmanCodes
932864	ExtractAlphaRows	todo	(free function)	ExtractAlphaRows	ExtractAlphaRows
933041	DecodeImageStream	todo	(free function)	DecodeImageStream	DecodeImageStream
935671	CustomPut	todo	(free function)	CustomPut	CustomPut
935729	CustomTeardown	todo	(free function)	CustomTeardown	CustomTeardown
935747	ExportAlpha	todo	(free function)	ExportAlpha	ExportAlpha
935872	ExportAlphaRGBA4444	todo	(free function)	ExportAlphaRGBA4444	ExportAlphaRGBA4444
936795	CustomSetup	todo	(free function)	CustomSetup	CustomSetup
937562	GetCoeffs	todo	(free function)	GetCoeffs	GetCoeffs
938738	ParseResiduals	todo	(free function)	ParseResiduals	ParseResiduals
942407	ReconstructRow_isra_3	todo	(free function)	ReconstructRow_isra_3	ReconstructRow_isra_3
943678	FinishRow	todo	(free function)	FinishRow	FinishRow
948170	Predictor0	todo	(free function)	Predictor0	Predictor0
948184	Predictor1	todo	(free function)	Predictor1	Predictor1
948197	Predictor2	todo	(free function)	Predictor2	Predictor2
948210	Predictor3	todo	(free function)	Predictor3	Predictor3
948223	Predictor4	todo	(free function)	Predictor4	Predictor4
948236	Predictor5	todo	(free function)	Predictor5	Predictor5
948262	Predictor6	todo	(free function)	Predictor6	Predictor6
948281	Predictor7	todo	(free function)	Predictor7	Predictor7
948300	Predictor8	todo	(free function)	Predictor8	Predictor8
948320	Predictor9	todo	(free function)	Predictor9	Predictor9
948340	Predictor10	todo	(free function)	Predictor10	Predictor10
948373	Predictor11	todo	(free function)	Predictor11	Predictor11
948460	Predictor12	todo	(free function)	Predictor12	Predictor12
948539	Predictor13	todo	(free function)	Predictor13	Predictor13
949203	MapARGB	todo	(free function)	MapARGB	MapARGB
949243	MapAlpha	todo	(free function)	MapAlpha	MapAlpha
951109	ConvertARGBToY	todo	(free function)	ConvertARGBToY	ConvertARGBToY
951556	ConvertRGB24ToY	todo	(free function)	ConvertRGB24ToY	ConvertRGB24ToY
951591	ConvertBGR24ToY	todo	(free function)	ConvertBGR24ToY	ConvertBGR24ToY
951687	YuvToRgbaRow	todo	(free function)	YuvToRgbaRow	YuvToRgbaRow
951930	YuvToBgrRow	todo	(free function)	YuvToBgrRow	YuvToBgrRow
952171	YuvToRgba4444Row	todo	(free function)	YuvToRgba4444Row	YuvToRgba4444Row
952439	YuvToRgb565Row	todo	(free function)	YuvToRgb565Row	YuvToRgb565Row
952731	YuvToArgbRow	todo	(free function)	YuvToArgbRow	YuvToArgbRow
952975	YuvToBgraRow	todo	(free function)	YuvToBgraRow	YuvToBgraRow
953215	YuvToRgbRow	todo	(free function)	YuvToRgbRow	YuvToRgbRow
959232	TransformOne	todo	(free function)	TransformOne	TransformOne
959625	TransformAC3	todo	(free function)	TransformAC3	TransformAC3
959885	TransformUV	todo	(free function)	TransformUV	TransformUV
959915	TransformDC	todo	(free function)	TransformDC	TransformDC
960098	TransformWHT	todo	(free function)	TransformWHT	TransformWHT
960264	TM8uv	todo	(free function)	TM8uv	TM8uv
960439	VE4	todo	(free function)	VE4	VE4
960485	HE4	todo	(free function)	HE4	HE4
960522	RD4	todo	(free function)	RD4	RD4
960584	LD4	todo	(free function)	LD4	LD4
960641	VR4	todo	(free function)	VR4	VR4
960705	VL4	todo	(free function)	VL4	VL4
960769	HU4	todo	(free function)	HU4	HU4
960817	HD4	todo	(free function)	HD4	HD4
960881	DC8uvNoTop	todo	(free function)	DC8uvNoTop	DC8uvNoTop
960920	HE8uv	todo	(free function)	HE8uv	HE8uv
960957	DC16NoTopLeft	todo	(free function)	DC16NoTopLeft	DC16NoTopLeft
961002	HE16	todo	(free function)	HE16	HE16
961079	DC4	todo	(free function)	DC4	DC4
961113	VE8uv	todo	(free function)	VE8uv	VE8uv
961132	VE16	todo	(free function)	VE16	VE16
961192	TransformTwo	todo	(free function)	TransformTwo	TransformTwo
961234	TransformDCUV	todo	(free function)	TransformDCUV	TransformDCUV
961304	SimpleHFilter16	todo	(free function)	SimpleHFilter16	SimpleHFilter16
962057	SimpleHFilter16i	todo	(free function)	SimpleHFilter16i	SimpleHFilter16i
962946	SimpleVFilter16i	todo	(free function)	SimpleVFilter16i	SimpleVFilter16i
963052	SimpleVFilter16	todo	(free function)	SimpleVFilter16	SimpleVFilter16
963139	TM4	todo	(free function)	TM4	TM4
963198	TM16	todo	(free function)	TM16	TM16
963271	VFilter16	todo	(free function)	VFilter16	VFilter16
963491	DC8uvNoTopLeft	todo	(free function)	DC8uvNoTopLeft	DC8uvNoTopLeft
963512	DC8uv	todo	(free function)	DC8uv	DC8uv
963567	DC8uvNoLeft	todo	(free function)	DC8uvNoLeft	DC8uvNoLeft
963604	HFilter16i	todo	(free function)	HFilter16i	HFilter16i
963786	VFilter16i	todo	(free function)	VFilter16i	VFilter16i
964012	DC16	todo	(free function)	DC16	DC16
964123	DC16NoLeft	todo	(free function)	DC16NoLeft	DC16NoLeft
964202	DC16NoTop	todo	(free function)	DC16NoTop	DC16NoTop
964281	HFilter8i	todo	(free function)	HFilter8i	HFilter8i
964583	VFilter8i	todo	(free function)	VFilter8i	VFilter8i
964945	HFilter16	todo	(free function)	HFilter16	HFilter16
965127	HFilter8	todo	(free function)	HFilter8	HFilter8
965454	VFilter8	todo	(free function)	VFilter8	VFilter8
965924	VE8uv_0	todo	(free function)	VE8uv_0	VE8uv_0
965950	HE8uv_0	todo	(free function)	HE8uv_0	HE8uv_0
966010	DC8uvNoTop_0	todo	(free function)	DC8uvNoTop_0	DC8uvNoTop_0
966055	DC8uvNoTopLeft_0	todo	(free function)	DC8uvNoTopLeft_0	DC8uvNoTopLeft_0
966076	DC8uv_0	todo	(free function)	DC8uv_0	DC8uv_0
966130	DC8uvNoLeft_0	todo	(free function)	DC8uvNoLeft_0	DC8uvNoLeft_0
966169	VE16_0	todo	(free function)	VE16_0	VE16_0
966198	HE16_0	todo	(free function)	HE16_0	HE16_0
966306	DC16NoTop_0	todo	(free function)	DC16NoTop_0	DC16NoTop_0
966370	DC16NoTopLeft_0	todo	(free function)	DC16NoTopLeft_0	DC16NoTopLeft_0
966399	DC16_0	todo	(free function)	DC16_0	DC16_0
966476	DC16NoLeft_0	todo	(free function)	DC16NoLeft_0	DC16NoLeft_0
966522	VE4_0	todo	(free function)	VE4_0	VE4_0
966554	VL4_0	todo	(free function)	VL4_0	VL4_0
966600	LD4_0	todo	(free function)	LD4_0	LD4_0
966634	VR4_0	todo	(free function)	VR4_0	VR4_0
966681	RD4_0	todo	(free function)	RD4_0	RD4_0
966726	Transform	todo	(free function)	Transform	Transform
966892	TrueMotion_part_8	todo	(free function)	TrueMotion_part_8	TrueMotion_part_8
966941	TM8uv_0	todo	(free function)	TM8uv_0	TM8uv_0
967022	TM16_0	todo	(free function)	TM16_0	TM16_0
967199	SimpleVFilter16i_0	todo	(free function)	SimpleVFilter16i_0	SimpleVFilter16i_0
967413	SimpleHFilter16_0	todo	(free function)	SimpleHFilter16_0	SimpleHFilter16_0
967618	SimpleHFilter16i_0	todo	(free function)	SimpleHFilter16i_0	SimpleHFilter16i_0
967655	HFilter16_0	todo	(free function)	HFilter16_0	HFilter16_0
968090	HFilter8i_0	todo	(free function)	HFilter8i_0	HFilter8i_0
968408	HFilter16i_0	todo	(free function)	HFilter16i_0	HFilter16i_0
968788	VFilter16i_0	todo	(free function)	VFilter16i_0	VFilter16i_0
969194	SimpleVFilter16_0	todo	(free function)	SimpleVFilter16_0	SimpleVFilter16_0
969275	VFilter8i_0	todo	(free function)	VFilter8i_0	VFilter8i_0
969459	TM4_0	todo	(free function)	TM4_0	TM4_0
969508	VFilter16_0	todo	(free function)	VFilter16_0	VFilter16_0
969713	VFilter8_0	todo	(free function)	VFilter8_0	VFilter8_0
969954	HFilter8_0	todo	(free function)	HFilter8_0	HFilter8_0
970432	ConvertBGRAToBGR	todo	(free function)	ConvertBGRAToBGR	ConvertBGRAToBGR
970485	ConvertBGRAToRGB565	todo	(free function)	ConvertBGRAToRGB565	ConvertBGRAToRGB565
970556	ConvertBGRAToRGBA4444	todo	(free function)	ConvertBGRAToRGBA4444	ConvertBGRAToRGBA4444
970620	ConvertBGRAToRGBA	todo	(free function)	ConvertBGRAToRGBA	ConvertBGRAToRGBA
970681	TransformColorInverse	todo	(free function)	TransformColorInverse	TransformColorInverse
970772	AddGreenToBlueAndRed	todo	(free function)	AddGreenToBlueAndRed	AddGreenToBlueAndRed
970818	Predictor12_0	todo	(free function)	Predictor12_0	Predictor12_0
970845	Predictor13_0	todo	(free function)	Predictor13_0	Predictor13_0
970878	Predictor8_0	todo	(free function)	Predictor8_0	Predictor8_0
970903	Predictor5_0	todo	(free function)	Predictor5_0	Predictor5_0
970932	Predictor10_0	todo	(free function)	Predictor10_0	Predictor10_0
970963	Predictor11_0	todo	(free function)	Predictor11_0	Predictor11_0
971006	Predictor9_0	todo	(free function)	Predictor9_0	Predictor9_0
971031	Predictor6_0	todo	(free function)	Predictor6_0	Predictor6_0
971056	Predictor7_0	todo	(free function)	Predictor7_0	Predictor7_0
971110	x86CPUInfo	todo	(free function)	x86CPUInfo	x86CPUInfo
972624	RescalerImportRowShrinkSSE2	todo	(free function)	RescalerImportRowShrinkSSE2	RescalerImportRowShrinkSSE2
972732	RescalerImportRowExpandSSE2	todo	(free function)	RescalerImportRowExpandSSE2	RescalerImportRowExpandSSE2
972864	RescalerExportRowShrinkSSE2	todo	(free function)	RescalerExportRowShrinkSSE2	RescalerExportRowShrinkSSE2
973450	RescalerExportRowExpandSSE2	todo	(free function)	RescalerExportRowExpandSSE2	RescalerExportRowExpandSSE2
974246	ConvertARGBToY_0	todo	(free function)	ConvertARGBToY_0	ConvertARGBToY_0
974618	ConvertARGBToUV	todo	(free function)	ConvertARGBToUV	ConvertARGBToUV
974857	YuvToBgraRow_0	todo	(free function)	YuvToBgraRow_0	YuvToBgraRow_0
975029	YuvToArgbRow_0	todo	(free function)	YuvToArgbRow_0	YuvToArgbRow_0
975205	ConvertRGBA32ToUV	todo	(free function)	ConvertRGBA32ToUV	ConvertRGBA32ToUV
975372	YuvToRgbaRow_0	todo	(free function)	YuvToRgbaRow_0	YuvToRgbaRow_0
975546	ConvertBGR24ToY_0	todo	(free function)	ConvertBGR24ToY_0	ConvertBGR24ToY_0
975758	ConvertRGB24ToY_0	todo	(free function)	ConvertRGB24ToY_0	ConvertRGB24ToY_0
975970	YuvToRgbRow_0	todo	(free function)	YuvToRgbRow_0	YuvToRgbRow_0
976368	YuvToBgrRow_0	todo	(free function)	YuvToBgrRow_0	YuvToBgrRow_0
977955	ApplyAlphaMultiply	todo	(free function)	ApplyAlphaMultiply	ApplyAlphaMultiply
978026	DispatchAlpha	todo	(free function)	DispatchAlpha	DispatchAlpha
978076	DispatchAlphaToGreen	todo	(free function)	DispatchAlphaToGreen	DispatchAlphaToGreen
978203	ExtractAlpha	todo	(free function)	ExtractAlpha	ExtractAlpha
978371	ApplyAlphaMultiply_16b	todo	(free function)	ApplyAlphaMultiply_16b	ApplyAlphaMultiply_16b
979305	Sync	todo	(free function)	Sync	Sync
979321	Reset	todo	(free function)	Reset	Reset
979341	Execute	todo	(free function)	Execute	Execute
979378	Launch	todo	(free function)	Launch	Launch
979415	End	todo	(free function)	End	End
979428	Init	todo	(free function)	Init	Init
980833	DummyWriter	todo	(free function)	DummyWriter	DummyWriter
980941	Encode_constprop_0	todo	(free function)	Encode_constprop_0	Encode_constprop_0
981089	Encode_constprop_1	todo	(free function)	Encode_constprop_1	Encode_constprop_1
984453	DoSegmentsJob	todo	(free function)	DoSegmentsJob	DoSegmentsJob
986021	ALPHNew	todo	(free function)	ALPHNew	ALPHNew
986037	ALPHDelete	todo	(free function)	ALPHDelete	ALPHDelete
986340	Yuv444ToBgr	todo	(free function)	Yuv444ToBgr	Yuv444ToBgr
986422	Yuv444ToRgb	todo	(free function)	Yuv444ToRgb	Yuv444ToRgb
986504	Yuv444ToBgra	todo	(free function)	Yuv444ToBgra	Yuv444ToBgra
986585	Yuv444ToRgba	todo	(free function)	Yuv444ToRgba	Yuv444ToRgba
989283	ExtractAlpha_0	todo	(free function)	ExtractAlpha_0	ExtractAlpha_0
989501	DispatchAlphaToGreen_0	todo	(free function)	DispatchAlphaToGreen_0	DispatchAlphaToGreen_0
989692	DispatchAlpha_0	todo	(free function)	DispatchAlpha_0	DispatchAlpha_0
989808	ApplyAlphaMultiply_0	todo	(free function)	ApplyAlphaMultiply_0	ApplyAlphaMultiply_0
989971	MultRow	todo	(free function)	MultRow	MultRow
990031	MultARGBRow	todo	(free function)	MultARGBRow	MultARGBRow
990119	CollectHistogram	todo	(free function)	CollectHistogram	CollectHistogram
990374	FTransform	todo	(free function)	FTransform	FTransform
990635	FTransform2	todo	(free function)	FTransform2	FTransform2
990668	FTransformWHT	todo	(free function)	FTransformWHT	FTransformWHT
990826	SSE16x16	todo	(free function)	SSE16x16	SSE16x16
990927	SSE16x8	todo	(free function)	SSE16x8	SSE16x8
991028	SSE8x8	todo	(free function)	SSE8x8	SSE8x8
991359	SSE4x4	todo	(free function)	SSE4x4	SSE4x4
991450	TTransform	todo	(free function)	TTransform	TTransform
991686	Disto4x4	todo	(free function)	Disto4x4	Disto4x4
991725	QuantizeBlock	todo	(free function)	QuantizeBlock	QuantizeBlock
992347	Quantize2Blocks	todo	(free function)	Quantize2Blocks	Quantize2Blocks
992386	QuantizeBlockWHT	todo	(free function)	QuantizeBlockWHT	QuantizeBlockWHT
992975	Copy4x4	todo	(free function)	Copy4x4	Copy4x4
992995	Disto16x16	todo	(free function)	Disto16x16	Disto16x16
993249	Copy16x8	todo	(free function)	Copy16x8	Copy16x8
993293	Intra4Preds	todo	(free function)	Intra4Preds	Intra4Preds
993728	ITransform	todo	(free function)	ITransform	ITransform
994472	Intra16Preds	todo	(free function)	Intra16Preds	Intra16Preds
995183	IntraChromaPreds	todo	(free function)	IntraChromaPreds	IntraChromaPreds
996257	TTransform_0	todo	(free function)	TTransform_0	TTransform_0
996373	Disto4x4_0	todo	(free function)	Disto4x4_0	Disto4x4_0
996393	SSE8x8_0	todo	(free function)	SSE8x8_0	SSE8x8_0
996472	SSE4x4_0	todo	(free function)	SSE4x4_0	SSE4x4_0
996514	ITransform_0	todo	(free function)	ITransform_0	ITransform_0
996680	Fill_part_4	todo	(free function)	Fill_part_4	Fill_part_4
996713	HorizontalPred_part_6	todo	(free function)	HorizontalPred_part_6	HorizontalPred_part_6
996774	Intra4Preds_0	todo	(free function)	Intra4Preds_0	Intra4Preds_0
997095	Disto16x16_0	todo	(free function)	Disto16x16_0	Disto16x16_0
997279	SSE16x8_0	todo	(free function)	SSE16x8_0	SSE16x8_0
997405	FTransform_0	todo	(free function)	FTransform_0	FTransform_0
997504	CollectHistogram_0	todo	(free function)	CollectHistogram_0	CollectHistogram_0
997614	FTransform2_0	todo	(free function)	FTransform2_0	FTransform2_0
997777	FTransformWHT_0	todo	(free function)	FTransformWHT_0	FTransformWHT_0
997872	SSE16x16_0	todo	(free function)	SSE16x16_0	SSE16x16_0
998102	Intra16Preds_0	todo	(free function)	Intra16Preds_0	Intra16Preds_0
998658	QuantizeBlockWHT_0	todo	(free function)	QuantizeBlockWHT_0	QuantizeBlockWHT_0
998740	IntraChromaPreds_0	todo	(free function)	IntraChromaPreds_0	IntraChromaPreds_0
999490	QuantizeBlock_0	todo	(free function)	QuantizeBlock_0	QuantizeBlock_0
999590	Quantize2Blocks_0	todo	(free function)	Quantize2Blocks_0	Quantize2Blocks_0
999819	PredictLine_part_0	todo	(free function)	PredictLine_part_0	PredictLine_part_0
999903	VerticalFilter	todo	(free function)	VerticalFilter	VerticalFilter
1000097	GradientFilter	todo	(free function)	GradientFilter	GradientFilter
1000238	HorizontalFilter	todo	(free function)	HorizontalFilter	HorizontalFilter
1000432	VerticalUnfilter	todo	(free function)	VerticalUnfilter	VerticalUnfilter
1000611	GradientUnfilter	todo	(free function)	GradientUnfilter	GradientUnfilter
1000746	HorizontalUnfilter	todo	(free function)	HorizontalUnfilter	HorizontalUnfilter
1000980	GetResidualCost	todo	(free function)	GetResidualCost	GetResidualCost
1001113	SetResidualCoeffs	todo	(free function)	SetResidualCoeffs	SetResidualCoeffs
1001301	GetResidualCostSSE2	todo	(free function)	GetResidualCostSSE2	GetResidualCostSSE2
1001417	SetResidualCoeffsSSE2	todo	(free function)	SetResidualCoeffsSSE2	SetResidualCoeffsSSE2
1002102	Flush	todo	(free function)	Flush	Flush
1005115	FinalizeTokenProbas	todo	(free function)	FinalizeTokenProbas	FinalizeTokenProbas
1005948	SetSegmentProbas	todo	(free function)	SetSegmentProbas	SetSegmentProbas
1006158	StoreSideInfo	todo	(free function)	StoreSideInfo	StoreSideInfo
1006347	PutCoeffs	todo	(free function)	PutCoeffs	PutCoeffs
1012557	AccumulateRGB	todo	(free function)	AccumulateRGB	AccumulateRGB
1012794	UpdateChroma	todo	(free function)	UpdateChroma	UpdateChroma
1013023	ConvertRowsToUV	todo	(free function)	ConvertRowsToUV	ConvertRowsToUV
1013184	ConvertRowToY	todo	(free function)	ConvertRowToY	ConvertRowToY
1013287	PreprocessARGB	todo	(free function)	PreprocessARGB	PreprocessARGB
1014723	AccumulateRGBA	todo	(free function)	AccumulateRGBA	AccumulateRGBA
1015192	ImportYUVAFromRGBA_constprop_5	todo	(free function)	ImportYUVAFromRGBA_constprop_5	ImportYUVAFromRGBA_constprop_5
1018211	PaletteCompareColorsForQsort	todo	(free function)	PaletteCompareColorsForQsort	PaletteCompareColorsForQsort
1018227	AnalyzeAndCreatePalette	todo	(free function)	AnalyzeAndCreatePalette	AnalyzeAndCreatePalette
1018540	ApplyPalette	todo	(free function)	ApplyPalette	ApplyPalette
1018785	GetHuffBitLengthsAndCodes_isra_15	todo	(free function)	GetHuffBitLengthsAndCodes_isra_15	GetHuffBitLengthsAndCodes_isra_15
1019005	StoreImageToBitMask	todo	(free function)	StoreImageToBitMask	StoreImageToBitMask
1019509	StoreHuffmanCode	todo	(free function)	StoreHuffmanCode	StoreHuffmanCode
1020316	EncodeImageNoHuffman	todo	(free function)	EncodeImageNoHuffman	EncodeImageNoHuffman
1020549	EncodePalette	todo	(free function)	EncodePalette	EncodePalette
1022992	GetMBSSIM	todo	(free function)	GetMBSSIM	GetMBSSIM
1027093	EncodeAlphaInternal	todo	(free function)	EncodeAlphaInternal	EncodeAlphaInternal
1027333	ApplyFiltersAndEncode	todo	(free function)	ApplyFiltersAndEncode	ApplyFiltersAndEncode
1027672	CompressAlphaJob	todo	(free function)	CompressAlphaJob	CompressAlphaJob
1028048	UpdateHistogramCost	todo	(free function)	UpdateHistogramCost	UpdateHistogramCost
1028144	GetCombinedHistogramEntropy	todo	(free function)	GetCombinedHistogramEntropy	GetCombinedHistogramEntropy
1030351	ReconstructUV	todo	(free function)	ReconstructUV	ReconstructUV
1030488	TrellisQuantizeBlock	todo	(free function)	TrellisQuantizeBlock	TrellisQuantizeBlock
1031003	ReconstructIntra16	todo	(free function)	ReconstructIntra16	ReconstructIntra16
1031540	PickBestIntra16	todo	(free function)	PickBestIntra16	PickBestIntra16
1031931	ReconstructIntra4	todo	(free function)	ReconstructIntra4	ReconstructIntra4
1032021	PickBestUV	todo	(free function)	PickBestUV	PickBestUV
1033080	RefineUsingDistortion	todo	(free function)	RefineUsingDistortion	RefineUsingDistortion
1033504	PickBestIntra4	todo	(free function)	PickBestIntra4	PickBestIntra4
1035264	PackARGB	todo	(free function)	PackARGB	PackARGB
1035578	PackRGB	todo	(free function)	PackRGB	PackRGB
1035660	GradientPredictDirect	todo	(free function)	GradientPredictDirect	GradientPredictDirect
1035740	GradientPredictInverse	todo	(free function)	GradientPredictInverse	GradientPredictInverse
1035899	PredictLineC_part_0_constprop_11	todo	(free function)	PredictLineC_part_0_constprop_11	PredictLineC_part_0_constprop_11
1035914	HorizontalUnfilter_0	todo	(free function)	HorizontalUnfilter_0	HorizontalUnfilter_0
1036086	HorizontalFilter_0	todo	(free function)	HorizontalFilter_0	HorizontalFilter_0
1036383	GradientUnfilter_0	todo	(free function)	GradientUnfilter_0	GradientUnfilter_0
1036514	VerticalUnfilter_0	todo	(free function)	VerticalUnfilter_0	VerticalUnfilter_0
1036674	GradientFilter_0	todo	(free function)	GradientFilter_0	GradientFilter_0
1036855	VerticalFilter_0	todo	(free function)	VerticalFilter_0	VerticalFilter_0
1037159	PackARGB_0	todo	(free function)	PackARGB_0	PackARGB_0
1038254	ExtraCost	todo	(free function)	ExtraCost	ExtraCost
1038289	ExtraCostCombined	todo	(free function)	ExtraCostCombined	ExtraCostCombined
1038326	HistogramAdd	todo	(free function)	HistogramAdd	HistogramAdd
1038779	HuffmanCostCount	todo	(free function)	HuffmanCostCount	HuffmanCostCount
1038857	FastSLog2Slow	todo	(free function)	FastSLog2Slow	FastSLog2Slow
1038912	FastLog2Slow	todo	(free function)	FastLog2Slow	FastLog2Slow
1039129	CombinedShannonEntropy	todo	(free function)	CombinedShannonEntropy	CombinedShannonEntropy
1042530	QuantizeLevels	todo	(free function)	QuantizeLevels	QuantizeLevels
1043379	CompareHuffmanTrees	todo	(free function)	CompareHuffmanTrees	CompareHuffmanTrees
1043408	SetBitDepths	todo	(free function)	SetBitDepths	SetBitDepths
1044665	AddSingleLiteralWithCostModel	todo	(free function)	AddSingleLiteralWithCostModel	AddSingleLiteralWithCostModel
1044762	HashChainFindOffset	todo	(free function)	HashChainFindOffset	HashChainFindOffset
1044854	HashChainFindCopy	todo	(free function)	HashChainFindCopy	HashChainFindCopy
1045031	ComputeCacheEntropy_isra_18	todo	(free function)	ComputeCacheEntropy_isra_18	ComputeCacheEntropy_isra_18
1045277	BackwardReferences2DLocality_isra_17	todo	(free function)	BackwardReferences2DLocality_isra_17	BackwardReferences2DLocality_isra_17
1045393	ConvertPopulationCountTableToBitEstimates	todo	(free function)	ConvertPopulationCountTableToBitEstimates	ConvertPopulationCountTableToBitEstimates
1045501	BackwardReferencesLz77	todo	(free function)	BackwardReferencesLz77	BackwardReferencesLz77
1049271	CollectColorRedTransforms	todo	(free function)	CollectColorRedTransforms	CollectColorRedTransforms
1049383	CollectColorBlueTransforms	todo	(free function)	CollectColorBlueTransforms	CollectColorBlueTransforms
1049521	TransformColor	todo	(free function)	TransformColor	TransformColor
1049611	SubtractGreenFromBlueAndRed	todo	(free function)	SubtractGreenFromBlueAndRed	SubtractGreenFromBlueAndRed
1049657	AddVectorEq_constprop_1	todo	(free function)	AddVectorEq_constprop_1	AddVectorEq_constprop_1
1049710	AddVector_constprop_2	todo	(free function)	AddVector_constprop_2	AddVector_constprop_2
1049763	HistogramAdd_0	todo	(free function)	HistogramAdd_0	HistogramAdd_0
1049988	CombinedShannonEntropy_0	todo	(free function)	CombinedShannonEntropy_0	CombinedShannonEntropy_0
1050406	_ZN11soundengine19AudioDataSourceWaveD2Ev	todo	soundengine::AudioDataSourceWave	~AudioDataSourceWave	soundengine::AudioDataSourceWave::~AudioDataSourceWave()
1050423	_ZN11soundengine19AudioDataSourceWave4SeekEi	todo	soundengine::AudioDataSourceWave	Seek	soundengine::AudioDataSourceWave::Seek(int)
1050451	_ZN11soundengine19AudioDataSourceWave9GetOffsetEv	todo	soundengine::AudioDataSourceWave	GetOffset	soundengine::AudioDataSourceWave::GetOffset()
1050479	_ZN11soundengine19AudioDataSourceWave11GetDurationEv	todo	soundengine::AudioDataSourceWave	GetDuration	soundengine::AudioDataSourceWave::GetDuration()
1050505	_ZL10ogg_fclosePN11soundengine15AudioDataSourceE	todo	(free function)	ogg_fclose	ogg_fclose(soundengine::AudioDataSource*)
1050520	_ZL9ogg_ftellPN11soundengine15AudioDataSourceE	todo	(free function)	ogg_ftell	ogg_ftell(soundengine::AudioDataSource*)
1050535	_ZL17ogg__fseek64_wrapPN11soundengine15AudioDataSourceEli	todo	(free function)	ogg__fseek64_wrap	ogg__fseek64_wrap(soundengine::AudioDataSource*, long, int)
1050585	_Z15ffa_packet_seekPvli	todo	(free function)	ffa_packet_seek	ffa_packet_seek(void*, long, int)
1050626	_ZN11soundengine21AudioDataSourceFFMPEG9GetOffsetEv	todo	soundengine::AudioDataSourceFFMPEG	GetOffset	soundengine::AudioDataSourceFFMPEG::GetOffset()
1050661	_ZN11soundengine21AudioDataSourceFFMPEG11GetDurationEv	todo	soundengine::AudioDataSourceFFMPEG	GetDuration	soundengine::AudioDataSourceFFMPEG::GetDuration()
1050696	_ZN11soundengine19AudioDataSourceWaveD0Ev	todo	soundengine::AudioDataSourceWave	~AudioDataSourceWave	soundengine::AudioDataSourceWave::~AudioDataSourceWave()
1050713	_ZN10TSoundBase15BusValuesUpdateEv	todo	TSoundBase	BusValuesUpdate	TSoundBase::BusValuesUpdate()
1050796	_Z15ffa_read_packetPvPhi	todo	(free function)	ffa_read_packet	ffa_read_packet(void*, unsigned char*, int)
1050846	_ZL9ogg_freadPvmmPN11soundengine15AudioDataSourceE	todo	(free function)	ogg_fread	ogg_fread(void*, unsigned long, unsigned long, soundengine::AudioDataSource*)
1050912	_ZN11soundengine19AudioDataSourceWave10FillBufferEPcm	todo	soundengine::AudioDataSourceWave	FillBuffer	soundengine::AudioDataSourceWave::FillBuffer(char*, unsigned long)
1050957	_ZN11soundengine21AudioDataSourceFFMPEG4SeekEi	todo	soundengine::AudioDataSourceFFMPEG	Seek	soundengine::AudioDataSourceFFMPEG::Seek(int)
1051027	_ZN11soundengine21AudioDataSourceFFMPEGD2Ev	todo	soundengine::AudioDataSourceFFMPEG	~AudioDataSourceFFMPEG	soundengine::AudioDataSourceFFMPEG::~AudioDataSourceFFMPEG()
1051111	_ZN11soundengine21AudioDataSourceFFMPEGD0Ev	todo	soundengine::AudioDataSourceFFMPEG	~AudioDataSourceFFMPEG	soundengine::AudioDataSourceFFMPEG::~AudioDataSourceFFMPEG()
1051132	_ZN11soundengine22AudioDataSourceOggOpus11GetDurationEv	todo	soundengine::AudioDataSourceOggOpus	GetDuration	soundengine::AudioDataSourceOggOpus::GetDuration()
1051168	_ZN11soundengine22AudioDataSourceOggOpus9GetOffsetEv	todo	soundengine::AudioDataSourceOggOpus	GetOffset	soundengine::AudioDataSourceOggOpus::GetOffset()
1051203	_ZN11soundengine22AudioDataSourceOggOpus4SeekEi	todo	soundengine::AudioDataSourceOggOpus	Seek	soundengine::AudioDataSourceOggOpus::Seek(int)
1051234	_ZN11soundengine22AudioDataSourceOggOpusD2Ev	todo	soundengine::AudioDataSourceOggOpus	~AudioDataSourceOggOpus	soundengine::AudioDataSourceOggOpus::~AudioDataSourceOggOpus()
1051269	_ZN11soundengine24AudioDataSourceOggVorbis10FillBufferEPcm	todo	soundengine::AudioDataSourceOggVorbis	FillBuffer	soundengine::AudioDataSourceOggVorbis::FillBuffer(char*, unsigned long)
1051368	_ZN11soundengine24AudioDataSourceOggVorbis11GetDurationEv	todo	soundengine::AudioDataSourceOggVorbis	GetDuration	soundengine::AudioDataSourceOggVorbis::GetDuration()
1051404	_ZN11soundengine24AudioDataSourceOggVorbis9GetOffsetEv	todo	soundengine::AudioDataSourceOggVorbis	GetOffset	soundengine::AudioDataSourceOggVorbis::GetOffset()
1051435	_ZN11soundengine24AudioDataSourceOggVorbis4SeekEi	todo	soundengine::AudioDataSourceOggVorbis	Seek	soundengine::AudioDataSourceOggVorbis::Seek(int)
1051474	_ZN11soundengine24AudioDataSourceOggVorbisD2Ev	todo	soundengine::AudioDataSourceOggVorbis	~AudioDataSourceOggVorbis	soundengine::AudioDataSourceOggVorbis::~AudioDataSourceOggVorbis()
1051511	_ZN11soundengine4priv11AudioDeviceD2Ev	todo	soundengine::priv::AudioDevice	~AudioDevice	soundengine::priv::AudioDevice::~AudioDevice()
1051546	_ZN11soundengine22AudioDataSourceOggOpusD0Ev	todo	soundengine::AudioDataSourceOggOpus	~AudioDataSourceOggOpus	soundengine::AudioDataSourceOggOpus::~AudioDataSourceOggOpus()
1051580	_ZN11soundengine24AudioDataSourceOggVorbisD0Ev	todo	soundengine::AudioDataSourceOggVorbis	~AudioDataSourceOggVorbis	soundengine::AudioDataSourceOggVorbis::~AudioDataSourceOggVorbis()
1051618	_ZN11soundengine21AudioDataSourceFFMPEG4OpenEPcm	todo	soundengine::AudioDataSourceFFMPEG	Open	soundengine::AudioDataSourceFFMPEG::Open(char*, unsigned long)
1051958	_ZN11soundengine22AudioDataSourceOggOpus10FillBufferEPcm	todo	soundengine::AudioDataSourceOggOpus	FillBuffer	soundengine::AudioDataSourceOggOpus::FillBuffer(char*, unsigned long)
1052089	_ZN11soundengine22AudioDataSourceOggOpus4OpenEPcm	todo	soundengine::AudioDataSourceOggOpus	Open	soundengine::AudioDataSourceOggOpus::Open(char*, unsigned long)
1052289	_ZN11soundengine24AudioDataSourceOggVorbis4OpenEPcm	todo	soundengine::AudioDataSourceOggVorbis	Open	soundengine::AudioDataSourceOggVorbis::Open(char*, unsigned long)
1052524	_ZN11soundengine4priv11AudioDeviceC2Ev	todo	soundengine::priv::AudioDevice	AudioDevice	soundengine::priv::AudioDevice::AudioDevice()
1053026	_ZN12TSoundFFMPEG12AdjustVolumeEiiiii	todo	TSoundFFMPEG	AdjustVolume	TSoundFFMPEG::AdjustVolume(int, int, int, int, int)
1053512	_ZN11soundengine4priv11AudioDevice15setGlobalVolumeEf	todo	soundengine::priv::AudioDevice	setGlobalVolume	soundengine::priv::AudioDevice::setGlobalVolume(float)
1053547	_ZN11soundengine4priv11AudioDevice15getGlobalVolumeEv	todo	soundengine::priv::AudioDevice	getGlobalVolume	soundengine::priv::AudioDevice::getGlobalVolume()
1053563	_ZN11soundengine4priv12ensureALInitEv	todo	soundengine::priv	ensureALInit	soundengine::priv::ensureALInit()
1053614	_Z25getFormatFromChannelCountji	todo	(free function)	getFormatFromChannelCount	getFormatFromChannelCount(unsigned int, int)
1053690	_ZN11soundengine19AudioDataSourceWave4OpenEPcm	todo	soundengine::AudioDataSourceWave	Open	soundengine::AudioDataSourceWave::Open(char*, unsigned long)
1053847	_ZN11soundengine19AudioDataSourceWaveC2Ev	todo	soundengine::AudioDataSourceWave	AudioDataSourceWave	soundengine::AudioDataSourceWave::AudioDataSourceWave()
1053864	_ZN11soundengine24AudioDataSourceOggVorbisC2Ev	todo	soundengine::AudioDataSourceOggVorbis	AudioDataSourceOggVorbis	soundengine::AudioDataSourceOggVorbis::AudioDataSourceOggVorbis()
1053880	_ZN11soundengine22AudioDataSourceOggOpusC2Ev	todo	soundengine::AudioDataSourceOggOpus	AudioDataSourceOggOpus	soundengine::AudioDataSourceOggOpus::AudioDataSourceOggOpus()
1053896	_ZN11soundengine21AudioDataSourceFFMPEGC2Ev	todo	soundengine::AudioDataSourceFFMPEG	AudioDataSourceFFMPEG	soundengine::AudioDataSourceFFMPEG::AudioDataSourceFFMPEG()
1053920	_ZN11soundengine15AudioDataSource8TestOpenEPcm	todo	soundengine::AudioDataSource	TestOpen	soundengine::AudioDataSource::TestOpen(char*, unsigned long)
1054049	_ZN11soundengine6StreamD2Ev	todo	soundengine::Stream	~Stream	soundengine::Stream::~Stream()
1054181	_ZN16TFFMPEGSoundItemD2Ev	todo	TFFMPEGSoundItem	~TFFMPEGSoundItem	TFFMPEGSoundItem::~TFFMPEGSoundItem()
1054276	_ZN16TFFMPEGSoundItemD0Ev	todo	TFFMPEGSoundItem	~TFFMPEGSoundItem	TFFMPEGSoundItem::~TFFMPEGSoundItem()
1054296	_ZN11soundengine6Stream9setVolumeEf	todo	soundengine::Stream	setVolume	soundengine::Stream::setVolume(float)
1054321	_ZN11soundengine6Stream5pauseEv	todo	soundengine::Stream	pause	soundengine::Stream::pause()
1054350	_ZN11soundengine6Stream4stopEv	todo	soundengine::Stream	stop	soundengine::Stream::stop()
1054379	_ZN11soundengine6Stream7getLoopEv	todo	soundengine::Stream	getLoop	soundengine::Stream::getLoop()
1054395	_ZN11soundengine6Stream16getPlayingOffsetEv	todo	soundengine::Stream	getPlayingOffset	soundengine::Stream::getPlayingOffset()
1054481	_ZN11soundengine6Stream11getDurationEv	todo	soundengine::Stream	getDuration	soundengine::Stream::getDuration()
1054509	_ZN11soundengine6Stream10setupSoundEv	todo	soundengine::Stream	setupSound	soundengine::Stream::setupSound()
1054524	_ZN11soundengine6Stream7setLoopEb	todo	soundengine::Stream	setLoop	soundengine::Stream::setLoop(bool)
1054541	_ZN11soundengine6Stream11setPositionEfff	todo	soundengine::Stream	setPosition	soundengine::Stream::setPosition(float, float, float)
1054565	_ZN11soundengine6Stream14setMinDistanceEf	todo	soundengine::Stream	setMinDistance	soundengine::Stream::setMinDistance(float)
1054589	_ZN11soundengine6Stream14setAttenuationEf	todo	soundengine::Stream	setAttenuation	soundengine::Stream::setAttenuation(float)
1054613	_ZN11soundengine6Stream9isPlayingEv	todo	soundengine::Stream	isPlaying	soundengine::Stream::isPlaying()
1054655	_ZN11soundengine6Stream6streamEj	todo	soundengine::Stream	stream	soundengine::Stream::stream(unsigned int)
1054836	_ZN11soundengine6Stream6updateEv	todo	soundengine::Stream	update	soundengine::Stream::update()
1054927	_ZN11soundengine6Stream16setPlayingOffsetEi_part_23	todo	soundengine::Stream	setPlayingOffset	soundengine::Stream::setPlayingOffset(int)
1055075	_ZN11soundengine6Stream16setPlayingOffsetEi	todo	soundengine::Stream	setPlayingOffset	soundengine::Stream::setPlayingOffset(int)
1055098	_ZN12TSoundFFMPEG8SetStatsEP10TSoundItemii14TSoundTypeEnumbi	todo	TSoundFFMPEG	SetStats	TSoundFFMPEG::SetStats(TSoundItem*, int, int, TSoundTypeEnum, bool, int)
1055227	_ZN11soundengine6Stream8playbackEv	todo	soundengine::Stream	playback	soundengine::Stream::playback()
1055321	_ZN11soundengine6Stream4playEv_part_24	todo	soundengine::Stream	play	soundengine::Stream::play()
1055413	_ZN11soundengine6Stream4playEv	todo	soundengine::Stream	play	soundengine::Stream::play()
1055514	_ZN11soundengine6Stream12getSampleVolEv	todo	soundengine::Stream	getSampleVol	soundengine::Stream::getSampleVol()
1055661	_ZN11soundengine6Stream5emptyEv	todo	soundengine::Stream	empty	soundengine::Stream::empty()
1055719	_ZN11soundengine6StreamC2EPcmbRK8wxString	todo	soundengine::Stream	Stream	soundengine::Stream::Stream(char*, unsigned long, bool, wxString const&)
1055974	_ZN12TSoundFFMPEG4PlayERK10wxFileNameiibbb14TSoundTypeEnumi	todo	TSoundFFMPEG	Play	TSoundFFMPEG::Play(wxFileName const&, int, int, bool, bool, bool, TSoundTypeEnum, int)
1056675	_ZN11soundengine6Stream11hasFinishedEv	todo	soundengine::Stream	hasFinished	soundengine::Stream::hasFinished()
1056728	_ZN16TFFMPEGSoundItemC2Ev	todo	TFFMPEGSoundItem	TFFMPEGSoundItem	TFFMPEGSoundItem::TFFMPEGSoundItem()
1056770	_Z19manual_sound_threadPv	todo	(free function)	manual_sound_thread	manual_sound_thread(void*)
1056901	_ZN12TSoundFFMPEG15GetNextUniqueIdEv	todo	TSoundFFMPEG	GetNextUniqueId	TSoundFFMPEG::GetNextUniqueId()
1056917	_ZN12TSoundFFMPEG21UpdateFinishedStreamsEv	todo	TSoundFFMPEG	UpdateFinishedStreams	TSoundFFMPEG::UpdateFinishedStreams()
1057016	_ZNK12TSoundFFMPEG13ConvertVolumeEi	todo	TSoundFFMPEG	ConvertVolume	TSoundFFMPEG::ConvertVolume(int) const
1057032	_ZNK12TSoundFFMPEG14ConvertBalanceEi	todo	TSoundFFMPEG	ConvertBalance	TSoundFFMPEG::ConvertBalance(int) const
1057049	_ZN11soundengine21AudioDataSourceFFMPEG10FillBufferEPcm	todo	soundengine::AudioDataSourceFFMPEG	FillBuffer	soundengine::AudioDataSourceFFMPEG::FillBuffer(char*, unsigned long)
1057808	_ZN12TSoundFFMPEGD2Ev	todo	TSoundFFMPEG	~TSoundFFMPEG	TSoundFFMPEG::~TSoundFFMPEG()
1057901	_ZN12TSoundFFMPEGC2Ev	todo	TSoundFFMPEG	TSoundFFMPEG	TSoundFFMPEG::TSoundFFMPEG()
1057999	_ZN12TSoundFFMPEGD0Ev	todo	TSoundFFMPEG	~TSoundFFMPEG	TSoundFFMPEG::~TSoundFFMPEG()
1058093	_ZL11read_threadPv	todo	(free function)	read_thread	read_thread(void*)
1058394	_ZN12TSoundFFMPEG17UpdateStreamEndedEv	todo	TSoundFFMPEG	UpdateStreamEnded	TSoundFFMPEG::UpdateStreamEnded()
1058521	_ZN12TSoundFFMPEG6UpdateEv	todo	TSoundFFMPEG	Update	TSoundFFMPEG::Update()
1058642	_Z17OpenOrCreatePeaks10wxFileNameRSt6vectorIsSaIsEES3_RiS4_	todo	(free function)	OpenOrCreatePeaks	OpenOrCreatePeaks(wxFileName, std::vector<short, std::allocator<short> >&, std::vector<short, std::allocator<short> >&, int&, int&)
1059271	_ZN10TSoundBase11BusActivateEP6TVList	todo	TSoundBase	BusActivate	TSoundBase::BusActivate(TVList*)
1059710	_ZN11soundengine15AudioDataSourceD2Ev	todo	soundengine::AudioDataSource	~AudioDataSource	soundengine::AudioDataSource::~AudioDataSource()
1059727	_ZNK16TFFMPEGSoundItem9GetVolumeEv	todo	TFFMPEGSoundItem	GetVolume	TFFMPEGSoundItem::GetVolume() const
1059745	_ZNK16TFFMPEGSoundItem6GetPanEv	todo	TFFMPEGSoundItem	GetPan	TFFMPEGSoundItem::GetPan() const
1059763	_ZNK16TFFMPEGSoundItem9IsPlayingEv	todo	TFFMPEGSoundItem	IsPlaying	TFFMPEGSoundItem::IsPlaying() const
1059790	_ZNK16TFFMPEGSoundItem11GetDurationEv	todo	TFFMPEGSoundItem	GetDuration	TFFMPEGSoundItem::GetDuration() const
1059826	_ZNK16TFFMPEGSoundItem6IsLoopEv	todo	TFFMPEGSoundItem	IsLoop	TFFMPEGSoundItem::IsLoop() const
1059852	_ZN12TSoundFFMPEG18IsSoundInitializedEv	todo	TSoundFFMPEG	IsSoundInitialized	TSoundFFMPEG::IsSoundInitialized()
1059870	_ZN11soundengine15AudioDataSourceD0Ev	todo	soundengine::AudioDataSource	~AudioDataSource	soundengine::AudioDataSource::~AudioDataSource()
1059911	_ZN16TFFMPEGSoundItem5PauseEv	todo	TFFMPEGSoundItem	Pause	TFFMPEGSoundItem::Pause()
1059944	_ZN16TFFMPEGSoundItem4StopEv	todo	TFFMPEGSoundItem	Stop	TFFMPEGSoundItem::Stop()
1059977	_ZN16TFFMPEGSoundItem11ResetVolumeEv	todo	TFFMPEGSoundItem	ResetVolume	TFFMPEGSoundItem::ResetVolume()
1060008	_ZN16TFFMPEGSoundItem11ScaleVolumeEf	todo	TFFMPEGSoundItem	ScaleVolume	TFFMPEGSoundItem::ScaleVolume(float)
1060041	_ZN16TFFMPEGSoundItem12UpdateVolumeEv	todo	TFFMPEGSoundItem	UpdateVolume	TFFMPEGSoundItem::UpdateVolume()
1060074	_ZN7mysqlpp9ExceptionD2Ev	todo	mysqlpp::Exception	~Exception	mysqlpp::Exception::~Exception()
1060122	_ZN10TSoundItemD2Ev	todo	TSoundItem	~TSoundItem	TSoundItem::~TSoundItem()
1060163	_ZNK16TFFMPEGSoundItem9GetOffsetEv	todo	TFFMPEGSoundItem	GetOffset	TFFMPEGSoundItem::GetOffset() const
1060188	_ZN16TFFMPEGSoundItem4PlayEv	todo	TFFMPEGSoundItem	Play	TFFMPEGSoundItem::Play()
1060292	_ZNK16TFFMPEGSoundItem12GetSampleAvgEv	todo	TFFMPEGSoundItem	GetSampleAvg	TFFMPEGSoundItem::GetSampleAvg() const
1060317	_ZN10TSoundBaseD2Ev	todo	TSoundBase	~TSoundBase	TSoundBase::~TSoundBase()
1060383	_ZN10TSoundBaseD0Ev	todo	TSoundBase	~TSoundBase	TSoundBase::~TSoundBase()
1061052	_GLOBAL__sub_I_effect	todo	(free function)	_GLOBAL__sub_I_effect	_GLOBAL__sub_I_effect
1061099	_ZL19decode_interrupt_cbPv	todo	(free function)	decode_interrupt_cb	decode_interrupt_cb(void*)
1061113	_ZL7lockmgrPPv8AVLockOp	todo	(free function)	lockmgr	lockmgr(void**, AVLockOp)
1061168	_ZL24packet_queue_put_privateP11PacketQueueP8AVPacket	todo	(free function)	packet_queue_put_private	packet_queue_put_private(PacketQueue*, AVPacket*)
1061268	_ZL13alloc_pictureP10VideoState	todo	(free function)	alloc_picture	alloc_picture(VideoState*)
1061381	_Z11packet_seekPvli	todo	(free function)	packet_seek	packet_seek(void*, long, int)
1061412	_Z11read_packetPvPhi	todo	(free function)	read_packet	read_packet(void*, unsigned char*, int)
1061430	_ZL20decoder_decode_frameP10VideoStateP7DecoderP7AVFrameP10AVSubtitle_isra_10	todo	(free function)	decoder_decode_frame	decoder_decode_frame(VideoState*, Decoder*, AVFrame*, AVSubtitle*)
1061859	_ZL15subtitle_threadPv	todo	(free function)	subtitle_thread	subtitle_thread(void*)
1062054	_ZL12audio_threadPv	todo	(free function)	audio_thread	audio_thread(void*)
1062203	_ZL19stream_toggle_pauseP10VideoState	todo	(free function)	stream_toggle_pause	stream_toggle_pause(VideoState*)
1062341	_ZL12video_threadPv	todo	(free function)	video_thread	video_thread(void*)
1063090	_ZL16get_master_clockP10VideoState	todo	(free function)	get_master_clock	get_master_clock(VideoState*)
1063218	_ZL13update_bufferPvPhij_isra_27_constprop_125	todo	(free function)	update_buffer	update_buffer(void*, unsigned char*, int, unsigned int)
1064084	_ZL12stream_closeP10VideoState	todo	(free function)	stream_close	stream_close(VideoState*)
1064375	_ZL11stream_openP10VideoStatePKcP13AVInputFormat	todo	(free function)	stream_open	stream_open(VideoState*, char const*, AVInputFormat*)
1064938	_ZL22stream_component_closeP10VideoStateii	todo	(free function)	stream_component_close	stream_component_close(VideoState*, int, int)
1065216	_Z22check_stream_specifierP15AVFormatContextP8AVStreamPKc	todo	(free function)	check_stream_specifier	check_stream_specifier(AVFormatContext*, AVStream*, char const*)
1065332	_Z17filter_codec_optsP12AVDictionary9AVCodecIDP15AVFormatContextP8AVStreamP7AVCodec	todo	(free function)	filter_codec_opts	filter_codec_opts(AVDictionary*, AVCodecID, AVFormatContext*, AVStream*, AVCodec*)
1065638	_ZL21stream_component_openP10VideoStateii_constprop_122	todo	(free function)	stream_component_open	stream_component_open(VideoState*, int, int)
1066519	_Z20VideoQueue_PushEventP10VideoStateP9SDL_Event	todo	(free function)	VideoQueue_PushEvent	VideoQueue_PushEvent(VideoState*, SDL_Event*)
1066568	_Z19VideoQueue_PopEventP10VideoStateP9SDL_Event	todo	(free function)	VideoQueue_PopEvent	VideoQueue_PopEvent(VideoState*, SDL_Event*)
1066631	_ZL15audio_thread_alPv	todo	(free function)	audio_thread_al	audio_thread_al(void*)
1066981	_ZL11subs_astextP10VideoStatePK14AVSubtitleRect_isra_45	todo	(free function)	subs_astext	subs_astext(VideoState*, AVSubtitleRect const*)
1067569	_ZL19video_image_displayP10VideoState	todo	(free function)	video_image_display	video_image_display(VideoState*)
1067803	_ZL13video_refreshPvPd	todo	(free function)	video_refresh	video_refresh(void*, double*)
1068991	_ZN6TMovie8GetWidthEv	todo	TMovie	GetWidth	TMovie::GetWidth()
1069015	_ZN6TMovie9GetHeightEv	todo	TMovie	GetHeight	TMovie::GetHeight()
1069039	_ZN6TMovie10SetInSceneEv	todo	TMovie	SetInScene	TMovie::SetInScene()
1069054	_ZN6TMovie5PauseEv	todo	TMovie	Pause	TMovie::Pause()
1069088	_ZN6TMovie6ResumeEv	todo	TMovie	Resume	TMovie::Resume()
1069122	_ZN6TMovie7InitSDLEv	todo	TMovie	InitSDL	TMovie::InitSDL()
1069460	_ZN6TMovie7QuitSDLEv	todo	TMovie	QuitSDL	TMovie::QuitSDL()
1069490	_ZN6TMovie10InitializeEb	todo	TMovie	Initialize	TMovie::Initialize(bool)
1069552	_ZN6TMovie12PlayCutSceneERK10wxFileNameP11TSignalSlotS4_7wxPoint8wxStringS6_bS5_bbP10TPictureIOi	todo	TMovie	PlayCutScene	TMovie::PlayCutScene(wxFileName const&, TSignalSlot*, TSignalSlot*, wxPoint, wxString, wxString, bool, wxPoint, bool, bool, TPictureIO*, int)
1070393	_ZN6TMovie15GetCompletitionEv	todo	TMovie	GetCompletition	TMovie::GetCompletition()
1070442	_ZN6TMovie7GetTimeEv	todo	TMovie	GetTime	TMovie::GetTime()
1070502	_ZN6TMovie8SetBlendEi	todo	TMovie	SetBlend	TMovie::SetBlend(int)
1070523	_ZN6TMovie9SetColourERK8wxColour	todo	TMovie	SetColour	TMovie::SetColour(wxColour const&)
1070546	_ZN6TMovie7SetLoopEb	todo	TMovie	SetLoop	TMovie::SetLoop(bool)
1070567	_ZN6TMovie11GetDurationEv	todo	TMovie	GetDuration	TMovie::GetDuration()
1070622	_ZN6TMovie6FinishEv	todo	TMovie	Finish	TMovie::Finish()
1070825	_ZN6TMovie10NowaitDrawEffff	todo	TMovie	NowaitDraw	TMovie::NowaitDraw(float, float, float, float)
1071209	_ZN6TMovie8OneFrameEv	todo	TMovie	OneFrame	TMovie::OneFrame()
1071863	_ZN6TMovie4SeekEf	todo	TMovie	Seek	TMovie::Seek(float)
1071898	_ZN6TMovieC2Ev	todo	TMovie	TMovie	TMovie::TMovie()
1071989	_ZL11read_threadPv_0	todo	(free function)	read_thread	read_thread(void*)
1075037	_GLOBAL__sub_I_g_bAVIPlaying	todo	(free function)	_GLOBAL__sub_I_g_bAVIPlaying	_GLOBAL__sub_I_g_bAVIPlaying
1075092	_ZN9TSteamSDK16OnTicketResponseEP28ValidateAuthTicketResponse_t	todo	TSteamSDK	OnTicketResponse	TSteamSDK::OnTicketResponse(ValidateAuthTicketResponse_t*)
1075108	_ZN9TSteamSDK30OnGetAuthSessionTicketResponseEP30GetAuthSessionTicketResponse_t	todo	TSteamSDK	OnGetAuthSessionTicketResponse	TSteamSDK::OnGetAuthSessionTicketResponse(GetAuthSessionTicketResponse_t*)
1075124	_ZN9TSteamSDK14OnDlcInstalledEP14DlcInstalled_t	todo	TSteamSDK	OnDlcInstalled	TSteamSDK::OnDlcInstalled(DlcInstalled_t*)
1075140	_ZN9TSteamSDKD2Ev	todo	TSteamSDK	~TSteamSDK	TSteamSDK::~TSteamSDK()
1075303	_ZN9TSteamSDKD0Ev	todo	TSteamSDK	~TSteamSDK	TSteamSDK::~TSteamSDK()
1075323	_ZN9TSteamSDK10GetSymbolsEv	todo	TSteamSDK	GetSymbols	TSteamSDK::GetSymbols()
1075878	_ZN9TSteamSDK4InitEv	todo	TSteamSDK	Init	TSteamSDK::Init()
1076335	_ZN9TSteamSDKC2Ev	todo	TSteamSDK	TSteamSDK	TSteamSDK::TSteamSDK()
1077096	_ZN9TSteamSDK5CleanEv	todo	TSteamSDK	Clean	TSteamSDK::Clean()
1077115	_ZN9TSteamSDK7GetStatERK8wxString	todo	TSteamSDK	GetStat	TSteamSDK::GetStat(wxString const&)
1077196	_ZN9TSteamSDK7SetStatERK8wxStringi	todo	TSteamSDK	SetStat	TSteamSDK::SetStat(wxString const&, int)
1077282	_ZN9TSteamSDK10ResetStatsEb	todo	TSteamSDK	ResetStats	TSteamSDK::ResetStats(bool)
1077320	_ZN9TSteamSDK14GetAchievementERK8wxString	todo	TSteamSDK	GetAchievement	TSteamSDK::GetAchievement(wxString const&)
1077398	_ZN9TSteamSDK14SetAchievementERK8wxString	todo	TSteamSDK	SetAchievement	TSteamSDK::SetAchievement(wxString const&)
1077484	_ZN9TSteamSDK16ClearAchievementERK8wxString	todo	TSteamSDK	ClearAchievement	TSteamSDK::ClearAchievement(wxString const&)
1077570	_ZN9TSteamSDK9GetStatusEv	todo	TSteamSDK	GetStatus	TSteamSDK::GetStatus()
1077587	_ZN9TSteamSDK6UpdateEv	todo	TSteamSDK	Update	TSteamSDK::Update()
1077612	_ZN9TSteamSDK19DeleteCloudSavegameERK8wxString	todo	TSteamSDK	DeleteCloudSavegame	TSteamSDK::DeleteCloudSavegame(wxString const&)
1077877	_ZN9TSteamSDK28ActivateGameOverlayToWebPageERK8wxString	todo	TSteamSDK	ActivateGameOverlayToWebPage	TSteamSDK::ActivateGameOverlayToWebPage(wxString const&)
1077952	_ZN16TV_CCallbackImplI14DlcInstalled_tE3RunEPvby	todo	TV_CCallbackImpl<DlcInstalled_t>	Run	TV_CCallbackImpl<DlcInstalled_t>::Run(void*, bool, unsigned long long)
1077970	_ZN16TV_CCallbackImplI14DlcInstalled_tE20GetCallbackSizeBytesEv	todo	TV_CCallbackImpl<DlcInstalled_t>	GetCallbackSizeBytes	TV_CCallbackImpl<DlcInstalled_t>::GetCallbackSizeBytes()
1077987	_ZN16TV_CCallbackImplI30GetAuthSessionTicketResponse_tE3RunEPvby	todo	TV_CCallbackImpl<GetAuthSessionTicketResponse_t>	Run	TV_CCallbackImpl<GetAuthSessionTicketResponse_t>::Run(void*, bool, unsigned long long)
1078005	_ZN16TV_CCallbackImplI30GetAuthSessionTicketResponse_tE20GetCallbackSizeBytesEv	todo	TV_CCallbackImpl<GetAuthSessionTicketResponse_t>	GetCallbackSizeBytes	TV_CCallbackImpl<GetAuthSessionTicketResponse_t>::GetCallbackSizeBytes()
1078022	_ZN16TV_CCallbackImplI28ValidateAuthTicketResponse_tE3RunEPvby	todo	TV_CCallbackImpl<ValidateAuthTicketResponse_t>	Run	TV_CCallbackImpl<ValidateAuthTicketResponse_t>::Run(void*, bool, unsigned long long)
1078040	_ZN16TV_CCallbackImplI28ValidateAuthTicketResponse_tE20GetCallbackSizeBytesEv	todo	TV_CCallbackImpl<ValidateAuthTicketResponse_t>	GetCallbackSizeBytes	TV_CCallbackImpl<ValidateAuthTicketResponse_t>::GetCallbackSizeBytes()
1078057	_ZN16TV_CCallbackImplI14DlcInstalled_tE3RunEPv	todo	TV_CCallbackImpl<DlcInstalled_t>	Run	TV_CCallbackImpl<DlcInstalled_t>::Run(void*)
1078083	_ZN16TV_CCallbackImplI30GetAuthSessionTicketResponse_tE3RunEPv	todo	TV_CCallbackImpl<GetAuthSessionTicketResponse_t>	Run	TV_CCallbackImpl<GetAuthSessionTicketResponse_t>::Run(void*)
1078109	_ZN16TV_CCallbackImplI28ValidateAuthTicketResponse_tE3RunEPv	todo	TV_CCallbackImpl<ValidateAuthTicketResponse_t>	Run	TV_CCallbackImpl<ValidateAuthTicketResponse_t>::Run(void*)
1078423	_Z34ix86_override_options_after_changev_79	todo	(free function)	ix86_override_options_after_change	ix86_override_options_after_change()
1078446	_ZN11soundengine8AudioBus5CloneEv	todo	soundengine::AudioBus	Clone	soundengine::AudioBus::Clone()
1078463	_ZN11soundengine6MixBus11SwitchedOffEv	todo	soundengine::MixBus	SwitchedOff	soundengine::MixBus::SwitchedOff()
1078479	_ZN11soundengine6MixBus7PreloadEv	todo	soundengine::MixBus	Preload	soundengine::MixBus::Preload()
1078495	_ZN11soundengine14AudioSourceBus15ProcessInternalEPfm	todo	soundengine::AudioSourceBus	ProcessInternal	soundengine::AudioSourceBus::ProcessInternal(float*, unsigned long)
1078674	_ZN11soundengine14AudioSourceBus6UpdateEv	todo	soundengine::AudioSourceBus	Update	soundengine::AudioSourceBus::Update()
1078690	_ZN11soundengine14AudioSourceBus11SwitchedOffEv	todo	soundengine::AudioSourceBus	SwitchedOff	soundengine::AudioSourceBus::SwitchedOff()
1078706	_ZN11soundengine14AudioSourceBus7PreloadEv	todo	soundengine::AudioSourceBus	Preload	soundengine::AudioSourceBus::Preload()
1078722	_ZN11soundengine9RandomBus6UpdateEv	todo	soundengine::RandomBus	Update	soundengine::RandomBus::Update()
1078738	_ZN11soundengine9RandomBus11SwitchedOffEv	todo	soundengine::RandomBus	SwitchedOff	soundengine::RandomBus::SwitchedOff()
1078754	_ZN11soundengine9RandomBus7PreloadEv	todo	soundengine::RandomBus	Preload	soundengine::RandomBus::Preload()
1078770	_ZN11soundengine7SyncBus7ProcessEPfm	todo	soundengine::SyncBus	Process	soundengine::SyncBus::Process(float*, unsigned long)
1078787	_ZN11soundengine7SyncBus6UpdateEv	todo	soundengine::SyncBus	Update	soundengine::SyncBus::Update()
1078803	_ZN11soundengine7SyncBus11SwitchedOffEv	todo	soundengine::SyncBus	SwitchedOff	soundengine::SyncBus::SwitchedOff()
1078819	_ZN11soundengine7SyncBus7PreloadEv	todo	soundengine::SyncBus	Preload	soundengine::SyncBus::Preload()
1078835	_ZN11soundengine7SyncBus9SerializeERN9rapidjson12GenericValueINS1_4UTF8IcEENS1_19MemoryPoolAllocatorINS1_12CrtAllocatorEEEEERS7_	todo	soundengine::SyncBus	Serialize	soundengine::SyncBus::Serialize(rapidjson::GenericValue<rapidjson::UTF8<char>, rapidjson::MemoryPoolAllocator<rapidjson::CrtAllocator> >&, rapidjson::MemoryPoolAllocator<rapidjson::CrtAllocator>&)
1078851	_ZN11soundengine7SyncBus4LoadERN9rapidjson12GenericValueINS1_4UTF8IcEENS1_19MemoryPoolAllocatorINS1_12CrtAllocatorEEEEEP11TVisionaire	todo	soundengine::SyncBus	Load	soundengine::SyncBus::Load(rapidjson::GenericValue<rapidjson::UTF8<char>, rapidjson::MemoryPoolAllocator<rapidjson::CrtAllocator> >&, TVisionaire*)
1078866	_Z10HashStringIcEmPKT__0	todo	(free function)	HashString<char>	unsigned long HashString<char>(char const*)
1078910	_ZN11soundengine6MixBus6UpdateEv	todo	soundengine::MixBus	Update	soundengine::MixBus::Update()
1079024	_ZN11soundengine6MixBus7ProcessEPfm	todo	soundengine::MixBus	Process	soundengine::MixBus::Process(float*, unsigned long)
1079951	_ZN11soundengine14AudioSourceBus7ProcessEPfm	todo	soundengine::AudioSourceBus	Process	soundengine::AudioSourceBus::Process(float*, unsigned long)
1080743	_Z22ALfilterState_processCP13ALfilterStatePfPKfj	todo	(free function)	ALfilterState_processC	ALfilterState_processC(ALfilterState*, float*, float const*, unsigned int)
1080792	_Z28ALfilterState_processCStereoP13ALfilterStatePfPKfj	todo	(free function)	ALfilterState_processCStereo	ALfilterState_processCStereo(ALfilterState*, float*, float const*, unsigned int)
1080841	_Z4lerpfff	todo	(free function)	lerp	lerp(float, float, float)
1080857	_Z17Resample_lerp32_CPK10BsincStatePKfjjPfj	todo	(free function)	Resample_lerp32_C	Resample_lerp32_C(BsincState const*, float const*, unsigned int, unsigned int, float*, unsigned int)
1080899	_Z24Resample_lerp32_C_StereoPK10BsincStatePKfjjPfj	todo	(free function)	Resample_lerp32_C_Stereo	Resample_lerp32_C_Stereo(BsincState const*, float const*, unsigned int, unsigned int, float*, unsigned int)
1080946	_Z5Mix_CPKfPfP8MixGainsjjj	todo	(free function)	Mix_C	Mix_C(float const*, float*, MixGains*, unsigned int, unsigned int, unsigned int)
1081059	_Z12AudioBusInitv	todo	(free function)	AudioBusInit	AudioBusInit()
1081079	_ZN11soundengine14AudioBusBridgeD2Ev	todo	soundengine::AudioBusBridge	~AudioBusBridge	soundengine::AudioBusBridge::~AudioBusBridge()
1081134	_ZN11soundengine14AudioBusBridgeC2EPNS_8AudioBusE	todo	soundengine::AudioBusBridge	AudioBusBridge	soundengine::AudioBusBridge::AudioBusBridge(soundengine::AudioBus*)
1081232	_ZN11soundengine14AudioBusBridge5EmptyEv	todo	soundengine::AudioBusBridge	Empty	soundengine::AudioBusBridge::Empty()
1081247	_ZN11soundengine14AudioBusBridge6StreamEi	todo	soundengine::AudioBusBridge	Stream	soundengine::AudioBusBridge::Stream(int)
1081350	_ZN11soundengine14AudioBusBridge7FadeOutEi	todo	soundengine::AudioBusBridge	FadeOut	soundengine::AudioBusBridge::FadeOut(int)
1081370	_ZN11soundengine14AudioBusBridge7ProcessEv	todo	soundengine::AudioBusBridge	Process	soundengine::AudioBusBridge::Process()
1081620	_ZN11soundengine8AudioBusC2Ev	todo	soundengine::AudioBus	AudioBus	soundengine::AudioBus::AudioBus()
1081654	_ZN11soundengine10AutomationC2Ev	todo	soundengine::Automation	Automation	soundengine::Automation::Automation()
1081686	_ZN11soundengine10BlendTrackC2Ev	todo	soundengine::BlendTrack	BlendTrack	soundengine::BlendTrack::BlendTrack()
1081712	_ZN11soundengine14AudioSourceBusC2Ev	todo	soundengine::AudioSourceBus	AudioSourceBus	soundengine::AudioSourceBus::AudioSourceBus()
1081827	_ZN11soundengine9RandomBusC2Ev	todo	soundengine::RandomBus	RandomBus	soundengine::RandomBus::RandomBus()
1081876	_ZN11soundengine14BlendTrackLinkC2Ev	todo	soundengine::BlendTrackLink	BlendTrackLink	soundengine::BlendTrackLink::BlendTrackLink()
1081892	_ZN11soundengine8AudioBusD2Ev	todo	soundengine::AudioBus	~AudioBus	soundengine::AudioBus::~AudioBus()
1081989	_ZN11soundengine8AudioBusD0Ev	todo	soundengine::AudioBus	~AudioBus	soundengine::AudioBus::~AudioBus()
1082009	_ZN11soundengine9RandomBusD2Ev	todo	soundengine::RandomBus	~RandomBus	soundengine::RandomBus::~RandomBus()
1082081	_ZN11soundengine9RandomBusD0Ev	todo	soundengine::RandomBus	~RandomBus	soundengine::RandomBus::~RandomBus()
1082102	_ZN11soundengine6MixBusD2Ev	todo	soundengine::MixBus	~MixBus	soundengine::MixBus::~MixBus()
1082215	_ZN11soundengine6MixBusD0Ev	todo	soundengine::MixBus	~MixBus	soundengine::MixBus::~MixBus()
1082235	_ZN11soundengine7SyncBusD2Ev	todo	soundengine::SyncBus	~SyncBus	soundengine::SyncBus::~SyncBus()
1082251	_ZN11soundengine7SyncBusD0Ev	todo	soundengine::SyncBus	~SyncBus	soundengine::SyncBus::~SyncBus()
1082271	_ZN11soundengine8AudioBus4LoadERN9rapidjson12GenericValueINS1_4UTF8IcEENS1_19MemoryPoolAllocatorINS1_12CrtAllocatorEEEEEP11TVisionaire_part_133	todo	soundengine::AudioBus	Load	soundengine::AudioBus::Load(rapidjson::GenericValue<rapidjson::UTF8<char>, rapidjson::MemoryPoolAllocator<rapidjson::CrtAllocator> >&, TVisionaire*)
1082528	_ZN11soundengine8AudioBus4LoadERN9rapidjson12GenericValueINS1_4UTF8IcEENS1_19MemoryPoolAllocatorINS1_12CrtAllocatorEEEEEP11TVisionaire	todo	soundengine::AudioBus	Load	soundengine::AudioBus::Load(rapidjson::GenericValue<rapidjson::UTF8<char>, rapidjson::MemoryPoolAllocator<rapidjson::CrtAllocator> >&, TVisionaire*)
1082574	_ZN11soundengine9RandomBus4LoadERN9rapidjson12GenericValueINS1_4UTF8IcEENS1_19MemoryPoolAllocatorINS1_12CrtAllocatorEEEEEP11TVisionaire	todo	soundengine::RandomBus	Load	soundengine::RandomBus::Load(rapidjson::GenericValue<rapidjson::UTF8<char>, rapidjson::MemoryPoolAllocator<rapidjson::CrtAllocator> >&, TVisionaire*)
1082671	_ZN11soundengine8AudioBus11BusFromJSONERN9rapidjson12GenericValueINS1_4UTF8IcEENS1_19MemoryPoolAllocatorINS1_12CrtAllocatorEEEEEP11TVisionaire	todo	soundengine::AudioBus	BusFromJSON	soundengine::AudioBus::BusFromJSON(rapidjson::GenericValue<rapidjson::UTF8<char>, rapidjson::MemoryPoolAllocator<rapidjson::CrtAllocator> >&, TVisionaire*)
1082824	_ZN11soundengine8AudioBus9CloneFromEPS0_	todo	soundengine::AudioBus	CloneFrom	soundengine::AudioBus::CloneFrom(soundengine::AudioBus*)
1082932	_ZN11soundengine9RandomBus5CloneEv	todo	soundengine::RandomBus	Clone	soundengine::RandomBus::Clone()
1083005	_ZN11soundengine9RandomBus8StartOneEv	todo	soundengine::RandomBus	StartOne	soundengine::RandomBus::StartOne()
1083172	_ZN11soundengine9RandomBus7ProcessEPfm	todo	soundengine::RandomBus	Process	soundengine::RandomBus::Process(float*, unsigned long)
1083515	_ZN11soundengine6MixBus5CloneEv	todo	soundengine::MixBus	Clone	soundengine::MixBus::Clone()
1083823	_ZN11soundengine6MixBus4LoadERN9rapidjson12GenericValueINS1_4UTF8IcEENS1_19MemoryPoolAllocatorINS1_12CrtAllocatorEEEEEP11TVisionaire	todo	soundengine::MixBus	Load	soundengine::MixBus::Load(rapidjson::GenericValue<rapidjson::UTF8<char>, rapidjson::MemoryPoolAllocator<rapidjson::CrtAllocator> >&, TVisionaire*)
1084875	_ZN11soundengine18AudioBufferFactory10LoadBufferERKSs	todo	soundengine::AudioBufferFactory	LoadBuffer	soundengine::AudioBufferFactory::LoadBuffer(std::basic_string<char, std::char_traits<char>, std::allocator<char> > const&)
1085049	_ZN11soundengine14AudioSourceBus4LoadERN9rapidjson12GenericValueINS1_4UTF8IcEENS1_19MemoryPoolAllocatorINS1_12CrtAllocatorEEEEEP11TVisionaire	todo	soundengine::AudioSourceBus	Load	soundengine::AudioSourceBus::Load(rapidjson::GenericValue<rapidjson::UTF8<char>, rapidjson::MemoryPoolAllocator<rapidjson::CrtAllocator> >&, TVisionaire*)
1085159	_ZN11soundengine14AudioSourceBus5CloneEv	todo	soundengine::AudioSourceBus	Clone	soundengine::AudioSourceBus::Clone()
1085230	_ZN11soundengine8AudioBus9SerializeERSs	todo	soundengine::AudioBus	Serialize	soundengine::AudioBus::Serialize(std::basic_string<char, std::char_traits<char>, std::allocator<char> >&)
1085458	_ZN11soundengine8AudioBus9SerializeERN9rapidjson12GenericValueINS1_4UTF8IcEENS1_19MemoryPoolAllocatorINS1_12CrtAllocatorEEEEERS7_	todo	soundengine::AudioBus	Serialize	soundengine::AudioBus::Serialize(rapidjson::GenericValue<rapidjson::UTF8<char>, rapidjson::MemoryPoolAllocator<rapidjson::CrtAllocator> >&, rapidjson::MemoryPoolAllocator<rapidjson::CrtAllocator>&)
1085583	_ZN11soundengine14AudioSourceBus9SerializeERN9rapidjson12GenericValueINS1_4UTF8IcEENS1_19MemoryPoolAllocatorINS1_12CrtAllocatorEEEEERS7_	todo	soundengine::AudioSourceBus	Serialize	soundengine::AudioSourceBus::Serialize(rapidjson::GenericValue<rapidjson::UTF8<char>, rapidjson::MemoryPoolAllocator<rapidjson::CrtAllocator> >&, rapidjson::MemoryPoolAllocator<rapidjson::CrtAllocator>&)
1085663	_ZN11soundengine9RandomBus9SerializeERN9rapidjson12GenericValueINS1_4UTF8IcEENS1_19MemoryPoolAllocatorINS1_12CrtAllocatorEEEEERS7_	todo	soundengine::RandomBus	Serialize	soundengine::RandomBus::Serialize(rapidjson::GenericValue<rapidjson::UTF8<char>, rapidjson::MemoryPoolAllocator<rapidjson::CrtAllocator> >&, rapidjson::MemoryPoolAllocator<rapidjson::CrtAllocator>&)
1085833	_ZN11soundengine6MixBus9SerializeERN9rapidjson12GenericValueINS1_4UTF8IcEENS1_19MemoryPoolAllocatorINS1_12CrtAllocatorEEEEERS7_	todo	soundengine::MixBus	Serialize	soundengine::MixBus::Serialize(rapidjson::GenericValue<rapidjson::UTF8<char>, rapidjson::MemoryPoolAllocator<rapidjson::CrtAllocator> >&, rapidjson::MemoryPoolAllocator<rapidjson::CrtAllocator>&)
1088745	_ZN11soundengine18AudioBufferFactory10FreeBufferEP11TMemoryFile	todo	soundengine::AudioBufferFactory	FreeBuffer	soundengine::AudioBufferFactory::FreeBuffer(TMemoryFile*)
1088882	_ZN11soundengine14AudioSourceBusD2Ev	todo	soundengine::AudioSourceBus	~AudioSourceBus	soundengine::AudioSourceBus::~AudioSourceBus()
1088959	_ZN11soundengine14AudioSourceBusD0Ev	todo	soundengine::AudioSourceBus	~AudioSourceBus	soundengine::AudioSourceBus::~AudioSourceBus()
1088980	_ZN11soundengine8AudioBus13BusFromObjectER10TVisObjRef	todo	soundengine::AudioBus	BusFromObject	soundengine::AudioBus::BusFromObject(TVisObjRef&)
1089418	_ZN11soundengine8AudioBus11BusFromJSONERKSsP11TVisionaire	todo	soundengine::AudioBus	BusFromJSON	soundengine::AudioBus::BusFromJSON(std::basic_string<char, std::char_traits<char>, std::allocator<char> > const&, TVisionaire*)
1091393	_ZN13StringHashMapISsiPKc10StringHashIS1_EE6removeERKSs	todo	StringHashMap<std::basic_string<char, std::char_traits<char>, std::allocator<char> >, int, char const*, StringHash<char const*> >	remove	StringHashMap<std::basic_string<char, std::char_traits<char>, std::allocator<char> >, int, char const*, StringHash<char const*> >::remove(std::basic_string<char, std::char_traits<char>, std::allocator<char> > const&)
1092049	_ZN13hmap_iteratorISsi10StringHashIPKcEEppEv	todo	hmap_iterator<std::basic_string<char, std::char_traits<char>, std::allocator<char> >, int, StringHash<char const*> >	operator++	hmap_iterator<std::basic_string<char, std::char_traits<char>, std::allocator<char> >, int, StringHash<char const*> >::operator++()
1092123	_ZN7HashMapISsi10StringHashIPKcEE5beginEv	todo	HashMap<std::basic_string<char, std::char_traits<char>, std::allocator<char> >, int, StringHash<char const*> >	begin	HashMap<std::basic_string<char, std::char_traits<char>, std::allocator<char> >, int, StringHash<char const*> >::begin()
1098812	_GLOBAL__sub_I__Z22ALfilterState_processCP13ALfilterStatePfPKfj	todo	(free function)	_GLOBAL__sub_I__Z22ALfilterState_processCP13ALfilterStatePfPKfj	_GLOBAL__sub_I__Z22ALfilterState_processCP13ALfilterStatePfPKfj
1098866	_ZN29TGalaxySDKOverlayInitListenerD2Ev	todo	TGalaxySDKOverlayInitListener	~TGalaxySDKOverlayInitListener	TGalaxySDKOverlayInitListener::~TGalaxySDKOverlayInitListener()
1098883	_ZN22TGalaxySDKAuthListenerD2Ev	todo	TGalaxySDKAuthListener	~TGalaxySDKAuthListener	TGalaxySDKAuthListener::~TGalaxySDKAuthListener()
1098906	_ZN22TGalaxySDKAuthListenerD0Ev	todo	TGalaxySDKAuthListener	~TGalaxySDKAuthListener	TGalaxySDKAuthListener::~TGalaxySDKAuthListener()
1098929	_ZN29TGalaxySDKOverlayInitListenerD0Ev	todo	TGalaxySDKOverlayInitListener	~TGalaxySDKOverlayInitListener	TGalaxySDKOverlayInitListener::~TGalaxySDKOverlayInitListener()
1098946	_ZN10TGalaxySDKD2Ev	todo	TGalaxySDK	~TGalaxySDK	TGalaxySDK::~TGalaxySDK()
1099080	_ZN10TGalaxySDKD0Ev	todo	TGalaxySDK	~TGalaxySDK	TGalaxySDK::~TGalaxySDK()
1099100	_ZN22TGalaxySDKAuthListener10OnAuthLostEv	todo	TGalaxySDKAuthListener	OnAuthLost	TGalaxySDKAuthListener::OnAuthLost()
1099164	_ZN22TGalaxySDKAuthListener13OnAuthFailureEN6galaxy3api13IAuthListener13FailureReasonE	todo	TGalaxySDKAuthListener	OnAuthFailure	TGalaxySDKAuthListener::OnAuthFailure(galaxy::api::IAuthListener::FailureReason)
1099351	_ZN22TGalaxySDKAuthListener13OnAuthSuccessEv	todo	TGalaxySDKAuthListener	OnAuthSuccess	TGalaxySDKAuthListener::OnAuthSuccess()
1099428	_ZN50TGalaxySDKUserStatsAndAchievementsRetrieveListener41OnUserStatsAndAchievementsRetrieveFailureEN6galaxy3api8GalaxyIDENS1_41IUserStatsAndAchievementsRetrieveListener13FailureReasonE	todo	TGalaxySDKUserStatsAndAchievementsRetrieveListener	OnUserStatsAndAchievementsRetrieveFailure	TGalaxySDKUserStatsAndAchievementsRetrieveListener::OnUserStatsAndAchievementsRetrieveFailure(galaxy::api::GalaxyID, galaxy::api::IUserStatsAndAchievementsRetrieveListener::FailureReason)
1099496	_ZN50TGalaxySDKUserStatsAndAchievementsRetrieveListener41OnUserStatsAndAchievementsRetrieveSuccessEN6galaxy3api8GalaxyIDE	todo	TGalaxySDKUserStatsAndAchievementsRetrieveListener	OnUserStatsAndAchievementsRetrieveSuccess	TGalaxySDKUserStatsAndAchievementsRetrieveListener::OnUserStatsAndAchievementsRetrieveSuccess(galaxy::api::GalaxyID)
1099561	_ZN29TGalaxySDKOverlayInitListener21OnOverlayStateChangedEN6galaxy3api12OverlayStateE	todo	TGalaxySDKOverlayInitListener	OnOverlayStateChanged	TGalaxySDKOverlayInitListener::OnOverlayStateChanged(galaxy::api::OverlayState)
1099635	_ZN50TGalaxySDKUserStatsAndAchievementsRetrieveListenerC2Ev	todo	TGalaxySDKUserStatsAndAchievementsRetrieveListener	TGalaxySDKUserStatsAndAchievementsRetrieveListener	TGalaxySDKUserStatsAndAchievementsRetrieveListener::TGalaxySDKUserStatsAndAchievementsRetrieveListener()
1099653	_ZN50TGalaxySDKUserStatsAndAchievementsRetrieveListener23GetStatsAndAchievementsEv	todo	TGalaxySDKUserStatsAndAchievementsRetrieveListener	GetStatsAndAchievements	TGalaxySDKUserStatsAndAchievementsRetrieveListener::GetStatsAndAchievements()
1099669	_ZN29TGalaxySDKOverlayInitListenerC2Ev	todo	TGalaxySDKOverlayInitListener	TGalaxySDKOverlayInitListener	TGalaxySDKOverlayInitListener::TGalaxySDKOverlayInitListener()
1099686	_ZN22TGalaxySDKAuthListenerC2EPN6galaxy3api6IStatsE	todo	TGalaxySDKAuthListener	TGalaxySDKAuthListener	TGalaxySDKAuthListener::TGalaxySDKAuthListener(galaxy::api::IStats*)
1099704	_ZN10TGalaxySDKC2Ev	todo	TGalaxySDK	TGalaxySDK	TGalaxySDK::TGalaxySDK()
1099850	_ZN10TGalaxySDK9GetStatusEb	todo	TGalaxySDK	GetStatus	TGalaxySDK::GetStatus(bool)
1099885	_ZN10TGalaxySDK8IsActiveEv	todo	TGalaxySDK	IsActive	TGalaxySDK::IsActive()
1099902	_ZN10TGalaxySDK28ActivateGameOverlayToWebPageERK8wxString	todo	TGalaxySDK	ActivateGameOverlayToWebPage	TGalaxySDK::ActivateGameOverlayToWebPage(wxString const&)
1099992	_ZN10TGalaxySDK9GetClientEv	todo	TGalaxySDK	GetClient	TGalaxySDK::GetClient()
1100008	_ZN10TGalaxySDK8GetErrorEv	todo	TGalaxySDK	GetError	TGalaxySDK::GetError()
1100227	_ZN10TGalaxySDK6UpdateEv	todo	TGalaxySDK	Update	TGalaxySDK::Update()
1100257	_ZN10TGalaxySDK16ClearAchievementERK8wxString	todo	TGalaxySDK	ClearAchievement	TGalaxySDK::ClearAchievement(wxString const&)
1100349	_ZN10TGalaxySDK14SetAchievementERK8wxString	todo	TGalaxySDK	SetAchievement	TGalaxySDK::SetAchievement(wxString const&)
1100441	_ZN10TGalaxySDK14GetAchievementERK8wxString	todo	TGalaxySDK	GetAchievement	TGalaxySDK::GetAchievement(wxString const&)
1100546	_ZN10TGalaxySDK25ResetStatsAndAchievementsEv	todo	TGalaxySDK	ResetStatsAndAchievements	TGalaxySDK::ResetStatsAndAchievements()
1100594	_ZN10TGalaxySDK7SetStatERK8wxStringi	todo	TGalaxySDK	SetStat	TGalaxySDK::SetStat(wxString const&, int)
1100689	_ZN10TGalaxySDK7GetStatERK8wxString	todo	TGalaxySDK	GetStat	TGalaxySDK::GetStat(wxString const&)
1100783	_ZN10TGalaxySDK7InitSDKERK8wxStringS2_	todo	TGalaxySDK	InitSDK	TGalaxySDK::InitSDK(wxString const&, wxString const&)
1100981	_ZN6galaxy3api15IGalaxyListenerD2Ev	todo	galaxy::api::IGalaxyListener	~IGalaxyListener	galaxy::api::IGalaxyListener::~IGalaxyListener()
1100998	_ZN6galaxy3api23GalaxyTypeAwareListenerILj12EED2Ev	todo	galaxy::api::GalaxyTypeAwareListener<12u>	~GalaxyTypeAwareListener	galaxy::api::GalaxyTypeAwareListener<12u>::~GalaxyTypeAwareListener()
1101015	_ZN6galaxy3api41IUserStatsAndAchievementsRetrieveListenerD2Ev	todo	galaxy::api::IUserStatsAndAchievementsRetrieveListener	~IUserStatsAndAchievementsRetrieveListener	galaxy::api::IUserStatsAndAchievementsRetrieveListener::~IUserStatsAndAchievementsRetrieveListener()
1101032	_ZN6galaxy3api23GalaxyTypeAwareListenerILj41EED2Ev	todo	galaxy::api::GalaxyTypeAwareListener<41u>	~GalaxyTypeAwareListener	galaxy::api::GalaxyTypeAwareListener<41u>::~GalaxyTypeAwareListener()
1101049	_ZN6galaxy3api41IOverlayInitializationStateChangeListenerD2Ev	todo	galaxy::api::IOverlayInitializationStateChangeListener	~IOverlayInitializationStateChangeListener	galaxy::api::IOverlayInitializationStateChangeListener::~IOverlayInitializationStateChangeListener()
1101066	_ZN6galaxy3api23GalaxyTypeAwareListenerILj7EED2Ev	todo	galaxy::api::GalaxyTypeAwareListener<7u>	~GalaxyTypeAwareListener	galaxy::api::GalaxyTypeAwareListener<7u>::~GalaxyTypeAwareListener()
1101083	_ZN6galaxy3api13IAuthListenerD2Ev	todo	galaxy::api::IAuthListener	~IAuthListener	galaxy::api::IAuthListener::~IAuthListener()
1101100	_ZN50TGalaxySDKUserStatsAndAchievementsRetrieveListenerD2Ev	todo	TGalaxySDKUserStatsAndAchievementsRetrieveListener	~TGalaxySDKUserStatsAndAchievementsRetrieveListener	TGalaxySDKUserStatsAndAchievementsRetrieveListener::~TGalaxySDKUserStatsAndAchievementsRetrieveListener()
1101117	_ZN50TGalaxySDKUserStatsAndAchievementsRetrieveListenerD0Ev	todo	TGalaxySDKUserStatsAndAchievementsRetrieveListener	~TGalaxySDKUserStatsAndAchievementsRetrieveListener	TGalaxySDKUserStatsAndAchievementsRetrieveListener::~TGalaxySDKUserStatsAndAchievementsRetrieveListener()
1101134	_ZN6galaxy3api13IAuthListenerD0Ev	todo	galaxy::api::IAuthListener	~IAuthListener	galaxy::api::IAuthListener::~IAuthListener()
1101151	_ZN6galaxy3api23GalaxyTypeAwareListenerILj7EED0Ev	todo	galaxy::api::GalaxyTypeAwareListener<7u>	~GalaxyTypeAwareListener	galaxy::api::GalaxyTypeAwareListener<7u>::~GalaxyTypeAwareListener()
1101168	_ZN6galaxy3api41IOverlayInitializationStateChangeListenerD0Ev	todo	galaxy::api::IOverlayInitializationStateChangeListener	~IOverlayInitializationStateChangeListener	galaxy::api::IOverlayInitializationStateChangeListener::~IOverlayInitializationStateChangeListener()
1101185	_ZN6galaxy3api23GalaxyTypeAwareListenerILj41EED0Ev	todo	galaxy::api::GalaxyTypeAwareListener<41u>	~GalaxyTypeAwareListener	galaxy::api::GalaxyTypeAwareListener<41u>::~GalaxyTypeAwareListener()
1101202	_ZN6galaxy3api41IUserStatsAndAchievementsRetrieveListenerD0Ev	todo	galaxy::api::IUserStatsAndAchievementsRetrieveListener	~IUserStatsAndAchievementsRetrieveListener	galaxy::api::IUserStatsAndAchievementsRetrieveListener::~IUserStatsAndAchievementsRetrieveListener()
1101219	_ZN6galaxy3api23GalaxyTypeAwareListenerILj12EED0Ev	todo	galaxy::api::GalaxyTypeAwareListener<12u>	~GalaxyTypeAwareListener	galaxy::api::GalaxyTypeAwareListener<12u>::~GalaxyTypeAwareListener()
1101236	_ZN6galaxy3api15IGalaxyListenerD0Ev	todo	galaxy::api::IGalaxyListener	~IGalaxyListener	galaxy::api::IGalaxyListener::~IGalaxyListener()
1101253	_Z34ix86_override_options_after_changev_80	todo	(free function)	ix86_override_options_after_change	ix86_override_options_after_change()
1101276	_ZN10TSoundBase5PauseE14TSoundTypeEnum	todo	TSoundBase	Pause	TSoundBase::Pause(TSoundTypeEnum)
1101347	_ZN10TSoundBase8ContinueE14TSoundTypeEnum	todo	TSoundBase	Continue	TSoundBase::Continue(TSoundTypeEnum)
1101428	_ZN10TSoundBase11ContinueAllEv	todo	TSoundBase	ContinueAll	TSoundBase::ContinueAll()
1101498	_ZN10TSoundBase8PauseAllEv	todo	TSoundBase	PauseAll	TSoundBase::PauseAll()
1101561	_ZN10TSoundBase4MuteEb	todo	TSoundBase	Mute	TSoundBase::Mute(bool)
1101635	_ZN10TSoundBase8SetStatsEiii14TSoundTypeEnumbi	todo	TSoundBase	SetStats	TSoundBase::SetStats(int, int, int, TSoundTypeEnum, bool, int)
1101735	_ZNK10TSoundBase6IsLoopEi	todo	TSoundBase	IsLoop	TSoundBase::IsLoop(int) const
1101812	_ZNK10TSoundBase12GetSampleAvgEi	todo	TSoundBase	GetSampleAvg	TSoundBase::GetSampleAvg(int) const
1101890	_ZNK10TSoundBase11GetDurationEi	todo	TSoundBase	GetDuration	TSoundBase::GetDuration(int) const
1101968	_ZNK10TSoundBase9GetOffsetEi	todo	TSoundBase	GetOffset	TSoundBase::GetOffset(int) const
1102045	_ZNK10TSoundBase10GetBalanceEi	todo	TSoundBase	GetBalance	TSoundBase::GetBalance(int) const
1102123	_ZNK10TSoundBase9GetVolumeEi	todo	TSoundBase	GetVolume	TSoundBase::GetVolume(int) const
1102200	_ZNK10TSoundBase8IsPausedEi	todo	TSoundBase	IsPaused	TSoundBase::IsPaused(int) const
1102261	_ZNK10TSoundBase9IsPlayingEi	todo	TSoundBase	IsPlaying	TSoundBase::IsPlaying(int) const
1102335	_ZNK10TSoundBase11TogglePauseEi	todo	TSoundBase	TogglePause	TSoundBase::TogglePause(int) const
1102440	_ZN10TSoundBase7CleanUpEv	todo	TSoundBase	CleanUp	TSoundBase::CleanUp()
1102524	_ZN10TSoundBase4StopEi	todo	TSoundBase	Stop	TSoundBase::Stop(int)
1102644	_ZN10TSoundBase15FinishSoundFadeEv	todo	TSoundBase	FinishSoundFade	TSoundBase::FinishSoundFade()
1102808	_ZN10TSoundBase15UpdateSoundFadeEb	todo	TSoundBase	UpdateSoundFade	TSoundBase::UpdateSoundFade(bool)
1103103	_ZN10TSoundBase14StartSoundFadeE9TFadeEnumib	todo	TSoundBase	StartSoundFade	TSoundBase::StartSoundFade(TFadeEnum, int, bool)
1103331	_ZNK10TSoundBase22GetExistingSoundFromIDEi	todo	TSoundBase	GetExistingSoundFromID	TSoundBase::GetExistingSoundFromID(int) const
1103478	_ZNK10TSoundBase7GetListEv	todo	TSoundBase	GetList	TSoundBase::GetList() const
1103494	_ZN10TSoundBase17StartFadeInSoundsEv	todo	TSoundBase	StartFadeInSounds	TSoundBase::StartFadeInSounds()
1103554	_ZN10TSoundBase17StopFadeOutSoundsEv	todo	TSoundBase	StopFadeOutSounds	TSoundBase::StopFadeOutSounds()
1103612	_ZN10TSoundBase12FinishFadeInEv	todo	TSoundBase	FinishFadeIn	TSoundBase::FinishFadeIn()
1103676	_ZNK10TSoundBase12GetSoundItemERK8wxString	todo	TSoundBase	GetSoundItem	TSoundBase::GetSoundItem(wxString const&) const
1103873	_ZNK10TSoundBase18GetExistingSoundIDERK10wxFileName	todo	TSoundBase	GetExistingSoundID	TSoundBase::GetExistingSoundID(wxFileName const&) const
1103974	_ZN10TSoundBase7FadeOutERK10wxFileName	todo	TSoundBase	FadeOut	TSoundBase::FadeOut(wxFileName const&)
1104063	_ZN10TSoundBase4KeepERK10wxFileName	todo	TSoundBase	Keep	TSoundBase::Keep(wxFileName const&)
1104148	_ZN10TSoundBase8SetStatsERK10wxFileNameii14TSoundTypeEnumbi	todo	TSoundBase	SetStats	TSoundBase::SetStats(wxFileName const&, int, int, TSoundTypeEnum, bool, int)
1104261	_ZNK10TSoundBase9IsPlayingERK10wxFileName	todo	TSoundBase	IsPlaying	TSoundBase::IsPlaying(wxFileName const&) const
1104364	_ZN10TSoundBase4StopERK10wxFileName	todo	TSoundBase	Stop	TSoundBase::Stop(wxFileName const&)
1104494	_ZNK10TSoundBase12GetSoundItemEi	todo	TSoundBase	GetSoundItem	TSoundBase::GetSoundItem(int) const
1104539	_ZNK10TSoundBase16GetFreeSoundItemERK8wxString	todo	TSoundBase	GetFreeSoundItem	TSoundBase::GetFreeSoundItem(wxString const&) const
1104598	_ZN10TSoundBase15DeleteSoundItemEP10TSoundItem	todo	TSoundBase	DeleteSoundItem	TSoundBase::DeleteSoundItem(TSoundItem*)
1104658	_ZNK10TSoundBase19GetFadeTypeAsStringE9TFadeEnum	todo	TSoundBase	GetFadeTypeAsString	TSoundBase::GetFadeTypeAsString(TFadeEnum) const
1104918	_ZNK10TSoundBase11PrintSoundsERSt4listI8wxStringSaIS1_EE	todo	TSoundBase	PrintSounds	TSoundBase::PrintSounds(std::list<wxString, std::allocator<wxString> >&) const
1105856	_ZN10TSoundBaseC2Ev	todo	TSoundBase	TSoundBase	TSoundBase::TSoundBase()
1105940	_Z34ix86_override_options_after_changev_81	todo	(free function)	ix86_override_options_after_change	ix86_override_options_after_change()
1105963	_ZN15TSoundInterfaceD2Ev	todo	TSoundInterface	~TSoundInterface	TSoundInterface::~TSoundInterface()
1106011	_ZN15TSoundInterfaceD0Ev	todo	TSoundInterface	~TSoundInterface	TSoundInterface::~TSoundInterface()
1106061	_ZN15TSoundInterfaceC2Ev	todo	TSoundInterface	TSoundInterface	TSoundInterface::TSoundInterface()
1106089	_ZN15TSoundInterface13DisableSoundsEb	todo	TSoundInterface	DisableSounds	TSoundInterface::DisableSounds(bool)
1106106	_ZN15TSoundInterface4PlayERK10wxFileNameiib14TSoundTypeEnumbi	todo	TSoundInterface	Play	TSoundInterface::Play(wxFileName const&, int, int, bool, TSoundTypeEnum, bool, int)
1106519	_ZN15TSoundInterface6SignalERK11TSignalDataRS0_	todo	TSoundInterface	Signal	TSoundInterface::Signal(TSignalData const&, TSignalData&)
1106703	_ZN15TSoundInterface19StopBackgroundMusicEb	todo	TSoundInterface	StopBackgroundMusic	TSoundInterface::StopBackgroundMusic(bool)
1106762	_ZN15TSoundInterface26KeepCurrentBackgroundMusicEv	todo	TSoundInterface	KeepCurrentBackgroundMusic	TSoundInterface::KeepCurrentBackgroundMusic()
1106778	_ZN15TSoundInterface34KeepCurrentBackgroundMusicIfSameAsERK10wxFileName	todo	TSoundInterface	KeepCurrentBackgroundMusicIfSameAs	TSoundInterface::KeepCurrentBackgroundMusicIfSameAs(wxFileName const&)
1107076	_ZN15TSoundInterface9SetVolumeEiiiii	todo	TSoundInterface	SetVolume	TSoundInterface::SetVolume(int, int, int, int, int)
1107119	_ZNK15TSoundInterface14GetMusicVolumeEv	todo	TSoundInterface	GetMusicVolume	TSoundInterface::GetMusicVolume() const
1107136	_ZNK15TSoundInterface14GetSoundVolumeEv	todo	TSoundInterface	GetSoundVolume	TSoundInterface::GetSoundVolume() const
1107153	_ZNK15TSoundInterface15GetSpeechVolumeEv	todo	TSoundInterface	GetSpeechVolume	TSoundInterface::GetSpeechVolume() const
1107170	_ZNK15TSoundInterface14GetMovieVolumeEv	todo	TSoundInterface	GetMovieVolume	TSoundInterface::GetMovieVolume() const
1107187	_ZNK15TSoundInterface15GetGlobalVolumeEv	todo	TSoundInterface	GetGlobalVolume	TSoundInterface::GetGlobalVolume() const
1107204	_ZNK15TSoundInterface21AdjustToGeneralVolumeEi14TSoundTypeEnum	todo	TSoundInterface	AdjustToGeneralVolume	TSoundInterface::AdjustToGeneralVolume(int, TSoundTypeEnum) const
1107280	_Z34ix86_override_options_after_changev_82	todo	(free function)	ix86_override_options_after_change	ix86_override_options_after_change()
1112377	opus_granule_sample	todo	(free function)	opus_granule_sample	opus_granule_sample
1116715	opus_tags_parse_impl	todo	(free function)	opus_tags_parse_impl	opus_tags_parse_impl
1116978	opus_head_parse	todo	(free function)	opus_head_parse	opus_head_parse
1117192	_ZN15vec_info_sharedC2Ev	todo	vec_info_shared	vec_info_shared	vec_info_shared::vec_info_shared()
1117207	opus_tags_clear	todo	(free function)	opus_tags_clear	opus_tags_clear
1117252	opus_tags_parse	todo	(free function)	opus_tags_parse	opus_tags_parse
1117345	opus_tags_copy	todo	(free function)	opus_tags_copy	opus_tags_copy
1117504	opus_tags_add	todo	(free function)	opus_tags_add	opus_tags_add
1117619	opus_tags_add_comment	todo	(free function)	opus_tags_add_comment	opus_tags_add_comment
1117731	opus_tagcompare	todo	(free function)	opus_tagcompare	opus_tagcompare
1117772	opus_tagncompare	todo	(free function)	opus_tagncompare	opus_tagncompare
1117807	opus_tags_query	todo	(free function)	opus_tags_query	opus_tags_query
1117894	opus_tags_query_count	todo	(free function)	opus_tags_query_count	opus_tags_query_count
1117966	opus_tags_get_track_gain	todo	(free function)	opus_tags_get_track_gain	opus_tags_get_track_gain
1118089	opus_picture_tag_parse	todo	(free function)	opus_picture_tag_parse	opus_picture_tag_parse
1119287	opus_picture_tag_init	todo	(free function)	opus_picture_tag_init	opus_picture_tag_init
1119357	opus_picture_tag_clear	todo	(free function)	opus_picture_tag_clear	opus_picture_tag_clear
1120232	_ToEntry_create	todo	(free function)	_ToEntry_create	_ToEntry_create
1120263	_ToEntry_dispose	todo	(free function)	_ToEntry_dispose	_ToEntry_dispose
1120276	_FromEntry_create	todo	(free function)	_FromEntry_create	_FromEntry_create
1120299	_FromEntry_dispose	todo	(free function)	_FromEntry_dispose	_FromEntry_dispose
1120646	_malloc	todo	(free function)	_malloc	_malloc
1120670	_calloc	todo	(free function)	_calloc	_calloc
1120720	_free	todo	(free function)	_free	_free
1120735	_setDebugMalloc	todo	(free function)	_setDebugMalloc	_setDebugMalloc
1120749	_setMalloc	todo	(free function)	_setMalloc	_setMalloc
1120763	_setFree	todo	(free function)	_setFree	_setFree
1120777	_readFile	todo	(free function)	_readFile	_readFile
1120852	_sortReset	todo	(free function)	_sortReset	_sortReset
1121160	_sortBone_part_0	todo	(free function)	_sortBone_part_0	_sortBone_part_0
1126650	readTuple	todo	(free function)	readTuple	readTuple
1128959	_readVertices_isra_0	todo	(free function)	_readVertices_isra_0	_readVertices_isra_0
1129185	toColor_part_1	todo	(free function)	toColor_part_1	toColor_part_1
1134827	isl_tarjan_graph_free_0	todo	(free function)	isl_tarjan_graph_free_0	isl_tarjan_graph_free_0
1139317	_addCurvePosition	todo	(free function)	_addCurvePosition	_addCurvePosition
1145373	parse_string_isra_0	todo	(free function)	parse_string_isra_0	parse_string_isra_0
1145680	parse_value	todo	(free function)	parse_value	parse_value
1146202	Json_getError	todo	(free function)	Json_getError	Json_getError
1146217	Json_dispose	todo	(free function)	Json_dispose	Json_dispose
1146529	Json_create	todo	(free function)	Json_create	Json_create
1146593	Json_getItem	todo	(free function)	Json_getItem	Json_getItem
1146660	Json_getString	todo	(free function)	Json_getString	Json_getString
1146732	Json_getFloat	todo	(free function)	Json_getFloat	Json_getFloat
1146805	Json_getInt	todo	(free function)	Json_getInt	Json_getInt
1146877	_Entry_create	todo	(free function)	_Entry_create	_Entry_create
1146929	_Entry_dispose	todo	(free function)	_Entry_dispose	_Entry_dispose
1148116	ogg_stream_flush_i	todo	(free function)	ogg_stream_flush_i	ogg_stream_flush_i
1148607	ogg_page_version	todo	(free function)	ogg_page_version	ogg_page_version
1148622	ogg_page_continued	todo	(free function)	ogg_page_continued	ogg_page_continued
1148639	ogg_page_bos	todo	(free function)	ogg_page_bos	ogg_page_bos
1148657	ogg_page_eos	todo	(free function)	ogg_page_eos	ogg_page_eos
1148676	ogg_page_granulepos	todo	(free function)	ogg_page_granulepos	ogg_page_granulepos
1148714	ogg_page_serialno	todo	(free function)	ogg_page_serialno	ogg_page_serialno
1148740	ogg_page_pageno	todo	(free function)	ogg_page_pageno	ogg_page_pageno
1148766	ogg_page_packets	todo	(free function)	ogg_page_packets	ogg_page_packets
1148799	ogg_stream_init	todo	(free function)	ogg_stream_init	ogg_stream_init
1149019	ogg_stream_check	todo	(free function)	ogg_stream_check	ogg_stream_check
1149044	ogg_stream_clear	todo	(free function)	ogg_stream_clear	ogg_stream_clear
1149164	ogg_stream_destroy	todo	(free function)	ogg_stream_destroy	ogg_stream_destroy
1149284	ogg_page_checksum_set	todo	(free function)	ogg_page_checksum_set	ogg_page_checksum_set
1149367	ogg_stream_iovecin	todo	(free function)	ogg_stream_iovecin	ogg_stream_iovecin
1149715	ogg_stream_packetin	todo	(free function)	ogg_stream_packetin	ogg_stream_packetin
1149743	ogg_stream_flush	todo	(free function)	ogg_stream_flush	ogg_stream_flush
1149758	ogg_stream_flush_fill	todo	(free function)	ogg_stream_flush_fill	ogg_stream_flush_fill
1149773	ogg_stream_pageout	todo	(free function)	ogg_stream_pageout	ogg_stream_pageout
1149822	ogg_stream_pageout_fill	todo	(free function)	ogg_stream_pageout_fill	ogg_stream_pageout_fill
1149870	ogg_stream_eos	todo	(free function)	ogg_stream_eos	ogg_stream_eos
1149896	ogg_sync_init	todo	(free function)	ogg_sync_init	ogg_sync_init
1149920	ogg_sync_clear	todo	(free function)	ogg_sync_clear	ogg_sync_clear
1149954	ogg_sync_destroy	todo	(free function)	ogg_sync_destroy	ogg_sync_destroy
1149987	ogg_sync_check	todo	(free function)	ogg_sync_check	ogg_sync_check
1150003	ogg_sync_buffer	todo	(free function)	ogg_sync_buffer	ogg_sync_buffer
1150105	ogg_sync_wrote	todo	(free function)	ogg_sync_wrote	ogg_sync_wrote
1150141	ogg_sync_pageseek	todo	(free function)	ogg_sync_pageseek	ogg_sync_pageseek
1150376	ogg_sync_pageout	todo	(free function)	ogg_sync_pageout	ogg_sync_pageout
1150431	ogg_stream_pagein	todo	(free function)	ogg_stream_pagein	ogg_stream_pagein
1151062	ogg_sync_reset	todo	(free function)	ogg_sync_reset	ogg_sync_reset
1151092	ogg_stream_reset	todo	(free function)	ogg_stream_reset	ogg_stream_reset
1151127	ogg_stream_reset_serialno	todo	(free function)	ogg_stream_reset_serialno	ogg_stream_reset_serialno
1151163	ogg_stream_packetout	todo	(free function)	ogg_stream_packetout	ogg_stream_packetout
1151282	ogg_stream_packetpeek	todo	(free function)	ogg_stream_packetpeek	ogg_stream_packetpeek
1151383	ogg_packet_clear	todo	(free function)	ogg_packet_clear	ogg_packet_clear
1151458	_fseek64_wrap	todo	(free function)	_fseek64_wrap	_fseek64_wrap
1151479	_get_next_page_constprop_17	todo	(free function)	_get_next_page_constprop_17	_get_next_page_constprop_17
1151584	_initial_pcmoffset	todo	(free function)	_initial_pcmoffset	_initial_pcmoffset
1151736	_get_next_page_constprop_16	todo	(free function)	_get_next_page_constprop_16	_get_next_page_constprop_16
1151913	_fetch_headers_constprop_15	todo	(free function)	_fetch_headers_constprop_15	_fetch_headers_constprop_15
1152305	_fetch_headers_constprop_14	todo	(free function)	_fetch_headers_constprop_14	_fetch_headers_constprop_14
1152640	_get_prev_page_serial	todo	(free function)	_get_prev_page_serial	_get_prev_page_serial
1152884	_fetch_and_process_packet_constprop_11	todo	(free function)	_fetch_and_process_packet_constprop_11	_fetch_and_process_packet_constprop_11
1153271	_fetch_and_process_packet_constprop_12	todo	(free function)	_fetch_and_process_packet_constprop_12	_fetch_and_process_packet_constprop_12
1153633	_ov_getlap_isra_4	todo	(free function)	_ov_getlap_isra_4	_ov_getlap_isra_4
1154732	_bisect_forward_serialno	todo	(free function)	_bisect_forward_serialno	_bisect_forward_serialno
1155229	_open_seekable2	todo	(free function)	_open_seekable2	_open_seekable2
1156672	_ov_64_seek_lap	todo	(free function)	_ov_64_seek_lap	_ov_64_seek_lap
1157132	_ov_d_seek_lap	todo	(free function)	_ov_d_seek_lap	_ov_d_seek_lap
1157780	_ov_open1	todo	(free function)	_ov_open1	_ov_open1
1160379	_preextrapolate_helper	todo	(free function)	_preextrapolate_helper	_preextrapolate_helper
1160629	_vorbis_block_alloc	todo	(free function)	_vorbis_block_alloc	_vorbis_block_alloc
1160694	_vorbis_block_ripcord	todo	(free function)	_vorbis_block_ripcord	_vorbis_block_ripcord
1161214	_vds_shared_init	todo	(free function)	_vds_shared_init	_vds_shared_init
1164099	apsort	todo	(free function)	apsort	apsort
1164124	seed_chase	todo	(free function)	seed_chase	seed_chase
1164349	bark_noise_hybridmp	todo	(free function)	bark_noise_hybridmp	bark_noise_hybridmp
1164783	setup_tone_curves	todo	(free function)	setup_tone_curves	setup_tone_curves
1166194	noise_normalize_isra_0	todo	(free function)	noise_normalize_isra_0	noise_normalize_isra_0
1166595	bark_noise_hybridmp_constprop_1	todo	(free function)	bark_noise_hybridmp_constprop_1	bark_noise_hybridmp_constprop_1
1166893	noise_normalize_isra_0_constprop_2	todo	(free function)	noise_normalize_isra_0_constprop_2	noise_normalize_isra_0_constprop_2
1167219	_vp_global_look	todo	(free function)	_vp_global_look	_vp_global_look
1167254	_vp_global_free	todo	(free function)	_vp_global_free	_vp_global_free
1167281	_vi_gpsy_free	todo	(free function)	_vi_gpsy_free	_vi_gpsy_free
1167382	_vi_psy_free	todo	(free function)	_vi_psy_free	_vi_psy_free
1167483	_vp_psy_init	todo	(free function)	_vp_psy_init	_vp_psy_init
1168089	_vp_psy_clear	todo	(free function)	_vp_psy_clear	_vp_psy_clear
1168276	_vp_noisemask	todo	(free function)	_vp_noisemask	_vp_noisemask
1168511	_vp_tonemask	todo	(free function)	_vp_tonemask	_vp_tonemask
1168932	_vp_offset_and_mix	todo	(free function)	_vp_offset_and_mix	_vp_offset_and_mix
1169137	_vp_ampmax_decay	todo	(free function)	_vp_ampmax_decay	_vp_ampmax_decay
1169168	_vp_couple_quantize_normalize	todo	(free function)	_vp_couple_quantize_normalize	_vp_couple_quantize_normalize
1169994	_vorbis_window_get	todo	(free function)	_vorbis_window_get	_vorbis_window_get
1170010	_vorbis_apply_window	todo	(free function)	_vorbis_apply_window	_vorbis_apply_window
1170415	_vorbis_pack_comment	todo	(free function)	_vorbis_pack_comment	_vorbis_pack_comment
1170549	_ZN15vec_info_sharedC2Ev_0	todo	vec_info_shared	vec_info_shared	vec_info_shared::vec_info_shared()
1172979	_ve_amp	todo	(free function)	_ve_amp	_ve_amp
1173316	_ve_envelope_init	todo	(free function)	_ve_envelope_init	_ve_envelope_init
1173463	_ve_envelope_clear	todo	(free function)	_ve_envelope_clear	_ve_envelope_clear
1173560	_ve_envelope_search	todo	(free function)	_ve_envelope_search	_ve_envelope_search
1173828	_ve_envelope_mark	todo	(free function)	_ve_envelope_mark	_ve_envelope_mark
1173940	_ve_envelope_shift	todo	(free function)	_ve_envelope_shift	_ve_envelope_shift
1173987	mdct_butterflies_isra_0	todo	(free function)	mdct_butterflies_isra_0	mdct_butterflies_isra_0
1176055	mdct_init	todo	(free function)	mdct_init	mdct_init
1176287	mdct_clear	todo	(free function)	mdct_clear	mdct_clear
1176324	mdct_backward	todo	(free function)	mdct_backward	mdct_backward
1176649	mdct_forward	todo	(free function)	mdct_forward	mdct_forward
1179173	sort32a	todo	(free function)	sort32a	sort32a
1179224	_float32_pack	todo	(free function)	_float32_pack	_float32_pack
1179275	_float32_unpack	todo	(free function)	_float32_unpack	_float32_unpack
1179306	_make_words	todo	(free function)	_make_words	_make_words
1179547	_book_maptype1_quantvals	todo	(free function)	_book_maptype1_quantvals	_book_maptype1_quantvals
1179620	_book_unquantize	todo	(free function)	_book_unquantize	_book_unquantize
1181646	dradf2	todo	(free function)	dradf2	dradf2
1181820	dradf4	todo	(free function)	dradf4	dradf4
1182140	dradb2	todo	(free function)	dradb2	dradb2
1182308	dradb3	todo	(free function)	dradb3	dradb3
1182491	dradb4	todo	(free function)	dradb4	dradb4
1182796	dradbg	todo	(free function)	dradbg	dradbg
1184570	dradfg	todo	(free function)	dradfg	dradfg
1186422	drft_forward	todo	(free function)	drft_forward	drft_forward
1186672	drft_backward	todo	(free function)	drft_backward	drft_backward
1186971	drft_init	todo	(free function)	drft_init	drft_init
1187217	drft_clear	todo	(free function)	drft_clear	drft_clear
1187254	icomp	todo	(free function)	icomp	icomp
1188420	accumulate_fit_isra_2	todo	(free function)	accumulate_fit_isra_2	accumulate_fit_isra_2
1188636	fit_line_isra_3	todo	(free function)	fit_line_isra_3	fit_line_isra_3
1193654	local_book_besterror	todo	(free function)	local_book_besterror	local_book_besterror
1194054	res2_inverse	todo	(free function)	res2_inverse	res2_inverse
1194289	res2_class	todo	(free function)	res2_class	res2_class
1194474	res1_class	todo	(free function)	res1_class	res1_class
1194677	_encodepart	todo	(free function)	_encodepart	_encodepart
1194744	_01inverse	todo	(free function)	_01inverse	_01inverse
1195078	res1_inverse	todo	(free function)	res1_inverse	res1_inverse
1195728	_01forward_constprop_0	todo	(free function)	_01forward_constprop_0	_01forward_constprop_0
1196050	res1_forward	todo	(free function)	res1_forward	res1_forward
1196106	res2_forward	todo	(free function)	res2_forward	res2_forward
1197189	comp	todo	(free function)	comp	comp
1197212	Newton_Raphson	todo	(free function)	Newton_Raphson	Newton_Raphson
1197411	Laguerre_With_Deflation	todo	(free function)	Laguerre_With_Deflation	Laguerre_With_Deflation
1198379	find_fixedlength	todo	(free function)	find_fixedlength	find_fixedlength
1198738	is_counted_repeat_part_0	todo	(free function)	is_counted_repeat_part_0	is_counted_repeat_part_0
1198808	adjust_recurse_isra_2	todo	(free function)	adjust_recurse_isra_2	adjust_recurse_isra_2
1198982	is_anchored	todo	(free function)	is_anchored	is_anchored
1199154	is_startline	todo	(free function)	is_startline	is_startline
1199393	could_be_empty_branch	todo	(free function)	could_be_empty_branch	could_be_empty_branch
1199927	get_chr_property_list	todo	(free function)	get_chr_property_list	get_chr_property_list
1200503	compare_opcodes	todo	(free function)	compare_opcodes	compare_opcodes
1201739	add_to_class	todo	(free function)	add_to_class	add_to_class
1202175	add_list_to_class	todo	(free function)	add_list_to_class	add_list_to_class
1202276	check_posix_syntax	todo	(free function)	check_posix_syntax	check_posix_syntax
1202902	find_firstassertedchar	todo	(free function)	find_firstassertedchar	find_firstassertedchar
1203100	check_escape	todo	(free function)	check_escape	check_escape
1204128	_pcre_find_bracket	todo	(free function)	_pcre_find_bracket	_pcre_find_bracket
1204266	compile_regex	todo	(free function)	compile_regex	compile_regex
1213489	internal_dfa_exec	todo	(free function)	internal_dfa_exec	internal_dfa_exec
1222694	match_ref	todo	(free function)	match_ref	match_ref
1223082	match_0	todo	(free function)	match_0	match_0
1245254	match_constprop_2	todo	(free function)	match_constprop_2	match_constprop_2
1267304	match_constprop_0	todo	(free function)	match_constprop_0	match_constprop_0
1291683	sljit_free_compiler	todo	(free function)	sljit_free_compiler	sljit_free_compiler
1291731	do_utf_caselesscmp	todo	(free function)	do_utf_caselesscmp	do_utf_caselesscmp
1292054	do_callout	todo	(free function)	do_callout	do_callout
1292146	jit_machine_stack_exec	todo	(free function)	jit_machine_stack_exec	jit_machine_stack_exec
1292177	set_jumps	todo	(free function)	set_jumps	set_jumps
1292220	sljit_create_compiler	todo	(free function)	sljit_create_compiler	sljit_create_compiler
1292373	do_search_mark	todo	(free function)	do_search_mark	do_search_mark
1292423	sljit_stack_resize	todo	(free function)	sljit_stack_resize	sljit_stack_resize
1292485	next_opcode_isra_19	todo	(free function)	next_opcode_isra_19	next_opcode_isra_19
1292578	get_framesize	todo	(free function)	get_framesize	get_framesize
1292857	char_has_othercase_isra_21	todo	(free function)	char_has_othercase_isra_21	char_has_othercase_isra_21
1293017	char_othercase_isra_22_part_23	todo	(free function)	char_othercase_isra_22_part_23	char_othercase_isra_22_part_23
1293049	char_get_othercase_bit_isra_24	todo	(free function)	char_get_othercase_bit_isra_24	char_get_othercase_bit_isra_24
1293252	sljit_free_exec	todo	(free function)	sljit_free_exec	sljit_free_exec
1293371	sljit_generate_code	todo	(free function)	sljit_generate_code	sljit_generate_code
1293948	set_then_offsets	todo	(free function)	set_then_offsets	set_then_offsets
1294456	add_jump	todo	(free function)	add_jump	add_jump
1294521	ensure_buf_isra_25	todo	(free function)	ensure_buf_isra_25	ensure_buf_isra_25
1294577	sljit_emit_label	todo	(free function)	sljit_emit_label	sljit_emit_label
1294709	emit_do_imm32	todo	(free function)	emit_do_imm32	emit_do_imm32
1294807	call_with_args	todo	(free function)	call_with_args	call_with_args
1294892	sljit_emit_jump	todo	(free function)	sljit_emit_jump	sljit_emit_jump
1295046	flush_stubs	todo	(free function)	flush_stubs	flush_stubs
1295160	emit_load_imm64	todo	(free function)	emit_load_imm64	emit_load_imm64
1295232	emit_x86_instruction	todo	(free function)	emit_x86_instruction	emit_x86_instruction
1295846	emit_x86_instruction_constprop_96	todo	(free function)	emit_x86_instruction_constprop_96	emit_x86_instruction_constprop_96
1296289	emit_mov_part_27	todo	(free function)	emit_mov_part_27	emit_mov_part_27
1296460	emit_mov_half	todo	(free function)	emit_mov_half	emit_mov_half
1296601	emit_mov_byte	todo	(free function)	emit_mov_byte	emit_mov_byte
1296744	emit_test_binary	todo	(free function)	emit_test_binary	emit_test_binary
1296988	emit_cmp_binary	todo	(free function)	emit_cmp_binary	emit_cmp_binary
1297222	set_private_data_ptrs	todo	(free function)	set_private_data_ptrs	set_private_data_ptrs
1297977	emit_unary	todo	(free function)	emit_unary	emit_unary
1298096	sljit_emit_ijump_constprop_69	todo	(free function)	sljit_emit_ijump_constprop_69	sljit_emit_ijump_constprop_69
1298247	sljit_emit_fast_return_constprop_78	todo	(free function)	sljit_emit_fast_return_constprop_78	sljit_emit_fast_return_constprop_78
1298313	sljit_emit_fast_return_constprop_79	todo	(free function)	sljit_emit_fast_return_constprop_79	sljit_emit_fast_return_constprop_79
1298515	sljit_emit_fast_enter_constprop_77	todo	(free function)	sljit_emit_fast_enter_constprop_77	sljit_emit_fast_enter_constprop_77
1298657	sljit_emit_fast_enter_constprop_76	todo	(free function)	sljit_emit_fast_enter_constprop_76	sljit_emit_fast_enter_constprop_76
1298722	scan_prefix	todo	(free function)	scan_prefix	scan_prefix
1299670	emit_mul	todo	(free function)	emit_mul	emit_mul
1300161	emit_mov_int	todo	(free function)	emit_mov_int	emit_mov_int
1300364	sljit_emit_op1	todo	(free function)	sljit_emit_op1	sljit_emit_op1
1301121	init_frame_isra_37	todo	(free function)	init_frame_isra_37	init_frame_isra_37
1301562	emit_cum_binary	todo	(free function)	emit_cum_binary	emit_cum_binary
1302089	emit_lea_binary_part_28	todo	(free function)	emit_lea_binary_part_28	emit_lea_binary_part_28
1302245	emit_shift	todo	(free function)	emit_shift	emit_shift
1302615	emit_shift_with_flags	todo	(free function)	emit_shift_with_flags	emit_shift_with_flags
1302816	emit_non_cum_binary	todo	(free function)	emit_non_cum_binary	emit_non_cum_binary
1303231	sljit_emit_op2	todo	(free function)	sljit_emit_op2	sljit_emit_op2
1303803	sljit_emit_op_flags_isra_31_part_32_constprop_75	todo	(free function)	sljit_emit_op_flags_isra_31_part_32_constprop_75	sljit_emit_op_flags_isra_31_part_32_constprop_75
1304058	sljit_emit_op2_constprop_85	todo	(free function)	sljit_emit_op2_constprop_85	sljit_emit_op2_constprop_85
1304628	sljit_emit_cmp	todo	(free function)	sljit_emit_cmp	sljit_emit_cmp
1304770	sljit_emit_cmp_constprop_84	todo	(free function)	sljit_emit_cmp_constprop_84	sljit_emit_cmp_constprop_84
1304839	sljit_emit_cmp_constprop_83	todo	(free function)	sljit_emit_cmp_constprop_83	sljit_emit_cmp_constprop_83
1304908	sljit_emit_cmp_constprop_82	todo	(free function)	sljit_emit_cmp_constprop_82	sljit_emit_cmp_constprop_82
1304977	sljit_emit_cmp_constprop_81	todo	(free function)	sljit_emit_cmp_constprop_81	sljit_emit_cmp_constprop_81
1305038	sljit_emit_cmp_constprop_80	todo	(free function)	sljit_emit_cmp_constprop_80	sljit_emit_cmp_constprop_80
1305099	check_partial	todo	(free function)	check_partial	check_partial
1305215	do_getucd_isra_39	todo	(free function)	do_getucd_isra_39	do_getucd_isra_39
1305304	check_hspace_isra_35	todo	(free function)	check_hspace_isra_35	check_hspace_isra_35
1305518	check_anynewline_isra_34	todo	(free function)	check_anynewline_isra_34	check_anynewline_isra_34
1305626	check_vspace_isra_36	todo	(free function)	check_vspace_isra_36	check_vspace_isra_36
1305734	count_match	todo	(free function)	count_match	count_match
1305815	_byte_sequence_compare	todo	(free function)	_byte_sequence_compare	_byte_sequence_compare
1306357	allocate_stack	todo	(free function)	allocate_stack	allocate_stack
1306468	compile_then_trap_matchingpath_isra_53	todo	(free function)	compile_then_trap_matchingpath_isra_53	compile_then_trap_matchingpath_isra_53
1306698	do_casefulcmp_isra_48	todo	(free function)	do_casefulcmp_isra_48	do_casefulcmp_isra_48
1306863	return_with_partial_match	todo	(free function)	return_with_partial_match	return_with_partial_match
1307082	match_once_common_isra_38	todo	(free function)	match_once_common_isra_38	match_once_common_isra_38
1307283	compile_assert_backtrackingpath	todo	(free function)	compile_assert_backtrackingpath	compile_assert_backtrackingpath
1307631	skip_char_back_isra_42	todo	(free function)	skip_char_back_isra_42	skip_char_back_isra_42
1307724	fast_forward_first_char	todo	(free function)	fast_forward_first_char	fast_forward_first_char
1308005	search_requested_char	todo	(free function)	search_requested_char	search_requested_char
1308384	detect_partial_match	todo	(free function)	detect_partial_match	detect_partial_match
1308643	read_char7_type_isra_43	todo	(free function)	read_char7_type_isra_43	read_char7_type_isra_43
1308771	check_newlinechar	todo	(free function)	check_newlinechar	check_newlinechar
1309016	read_char_range	todo	(free function)	read_char_range	read_char_range
1309623	fast_forward_newline	todo	(free function)	fast_forward_newline	fast_forward_newline
1310192	peek_char	todo	(free function)	peek_char	peek_char
1310339	mainloop_entry	todo	(free function)	mainloop_entry	mainloop_entry
1310955	read_char8_type	todo	(free function)	read_char8_type	read_char8_type
1311211	fast_forward_first_n_chars	todo	(free function)	fast_forward_first_n_chars	fast_forward_first_n_chars
1312229	do_revertframes_isra_47	todo	(free function)	do_revertframes_isra_47	do_revertframes_isra_47
1312421	sljit_get_local_base_constprop_68	todo	(free function)	sljit_get_local_base_constprop_68	sljit_get_local_base_constprop_68
1312547	copy_ovector	todo	(free function)	copy_ovector	copy_ovector
1312825	reset_ovector_isra_41	todo	(free function)	reset_ovector_isra_41	reset_ovector_isra_41
1312936	sljit_get_local_base_constprop_67	todo	(free function)	sljit_get_local_base_constprop_67	sljit_get_local_base_constprop_67
1313056	compile_dnref_search	todo	(free function)	compile_dnref_search	compile_dnref_search
1313425	do_reset_match	todo	(free function)	do_reset_match	do_reset_match
1313589	check_str_end	todo	(free function)	check_str_end	check_str_end
1313890	check_wordboundary	todo	(free function)	check_wordboundary	check_wordboundary
1314592	compile_ref_matchingpath	todo	(free function)	compile_ref_matchingpath	compile_ref_matchingpath
1315521	compile_ref_iterator_matchingpath_isra_55	todo	(free function)	compile_ref_iterator_matchingpath_isra_55	compile_ref_iterator_matchingpath_isra_55
1316594	check_class_ranges_isra_40	todo	(free function)	check_class_ranges_isra_40	check_class_ranges_isra_40
1317266	fast_forward_start_bits	todo	(free function)	fast_forward_start_bits	fast_forward_start_bits
1317606	compile_xclass_matchingpath	todo	(free function)	compile_xclass_matchingpath	compile_xclass_matchingpath
1320748	compile_char1_matchingpath	todo	(free function)	compile_char1_matchingpath	compile_char1_matchingpath
1325444	compile_charn_matchingpath	todo	(free function)	compile_charn_matchingpath	compile_charn_matchingpath
1325828	compile_iterator_matchingpath_isra_54	todo	(free function)	compile_iterator_matchingpath_isra_54	compile_iterator_matchingpath_isra_54
1327358	compile_matchingpath	todo	(free function)	compile_matchingpath	compile_matchingpath
1330948	compile_bracket_backtrackingpath	todo	(free function)	compile_bracket_backtrackingpath	compile_bracket_backtrackingpath
1333229	compile_backtrackingpath	todo	(free function)	compile_backtrackingpath	compile_backtrackingpath
1335941	compile_assert_matchingpath	todo	(free function)	compile_assert_matchingpath	compile_assert_matchingpath
1337661	compile_bracket_matchingpath	todo	(free function)	compile_bracket_matchingpath	compile_bracket_matchingpath
1339880	compile_recurse	todo	(free function)	compile_recurse	compile_recurse
1341821	_pcre_jit_compile	todo	(free function)	_pcre_jit_compile	_pcre_jit_compile
1345807	_pcre_jit_exec	todo	(free function)	_pcre_jit_exec	_pcre_jit_exec
1346141	_pcre_jit_free	todo	(free function)	_pcre_jit_free	_pcre_jit_free
1346196	_pcre_jit_get_size	todo	(free function)	_pcre_jit_get_size	_pcre_jit_get_size
1346213	_pcre_jit_get_target	todo	(free function)	_pcre_jit_get_target	_pcre_jit_get_target
1346819	_pcre_is_newline	todo	(free function)	_pcre_is_newline	_pcre_is_newline
1347032	_pcre_was_newline	todo	(free function)	_pcre_was_newline	_pcre_was_newline
1347260	_pcre_ord2utf	todo	(free function)	_pcre_ord2utf	_pcre_ord2utf
1347341	find_minlength	todo	(free function)	find_minlength	find_minlength
1348037	set_table_bit_isra_1_part_2	todo	(free function)	set_table_bit_isra_1_part_2	set_table_bit_isra_1_part_2
1348194	set_start_bits	todo	(free function)	set_start_bits	set_start_bits
1349727	_pcre_valid_utf	todo	(free function)	_pcre_valid_utf	_pcre_valid_utf
1350125	_pcre_xclass	todo	(free function)	_pcre_xclass	_pcre_xclass
1350921	_ZN14ModelContainerC2Ev	todo	ModelContainer	ModelContainer	ModelContainer::ModelContainer()
1350942	_ZN14ModelContainer11GetInstanceEv	todo	ModelContainer	GetInstance	ModelContainer::GetInstance()
1350978	_ZN14ModelContainerD2Ev	todo	ModelContainer	~ModelContainer	ModelContainer::~ModelContainer()
1350994	_ZN14ModelContainer7DestroyEv	todo	ModelContainer	Destroy	ModelContainer::Destroy()
1351097	_ZN14ModelContainer11ModelExistsE8wxString	todo	ModelContainer	ModelExists	ModelContainer::ModelExists(wxString)
1351121	_ZN14ModelContainer12AddReferenceE8wxString	todo	ModelContainer	AddReference	ModelContainer::AddReference(wxString)
1351150	_ZN14ModelContainer11DeleteModelE8wxString	todo	ModelContainer	DeleteModel	ModelContainer::DeleteModel(wxString)
1351225	_ZN14ModelContainer20DeleteModelAnimationEP14ModelAnimation	todo	ModelContainer	DeleteModelAnimation	ModelContainer::DeleteModelAnimation(ModelAnimation*)
1351345	_ZN14ModelContainer16ReleaseReferenceE8wxString	todo	ModelContainer	ReleaseReference	ModelContainer::ReleaseReference(wxString)
1351427	_ZN14ModelContainer17GetModelAnimationE8wxStringi	todo	ModelContainer	GetModelAnimation	ModelContainer::GetModelAnimation(wxString, int)
1351470	_ZN14ModelContainer15ReadLoadedModelE8wxString	todo	ModelContainer	ReadLoadedModel	ModelContainer::ReadLoadedModel(wxString)
1351566	_ZN14ModelContainer20ReleaseAllReferencesEv	todo	ModelContainer	ReleaseAllReferences	ModelContainer::ReleaseAllReferences()
1352056	_ZN14ModelContainer9LoadModelE8wxStringRK10TVisObjRef	todo	ModelContainer	LoadModel	ModelContainer::LoadModel(wxString, TVisObjRef const&)
1353432	_Z34ix86_override_options_after_changev_83	todo	(free function)	ix86_override_options_after_change	ix86_override_options_after_change()
1353455	_ZN14ModelAnimationC2EP5Model	todo	ModelAnimation	ModelAnimation	ModelAnimation::ModelAnimation(Model*)
1353480	_ZN14ModelAnimationD2Ev	todo	ModelAnimation	~ModelAnimation	ModelAnimation::~ModelAnimation()
1353544	_ZN14ModelAnimation6UpdateEi	todo	ModelAnimation	Update	ModelAnimation::Update(int)
1353568	_ZN14ModelAnimation4DrawEld	todo	ModelAnimation	Draw	ModelAnimation::Draw(long, double)
1353608	_ZN14ModelAnimation4DrawEldPi	todo	ModelAnimation	Draw	ModelAnimation::Draw(long, double, int*)
1353657	_ZN14ModelAnimation5StartEv	todo	ModelAnimation	Start	ModelAnimation::Start()
1353682	_ZN14ModelAnimation17SetRenderedSpriteEPv	todo	ModelAnimation	SetRenderedSprite	ModelAnimation::SetRenderedSprite(void*)
1353699	_ZNK14ModelAnimation17GetRenderedSpriteEv	todo	ModelAnimation	GetRenderedSprite	ModelAnimation::GetRenderedSprite() const
1353717	_ZN14ModelAnimation15SetTextureIndexEP12TFramebuffer	todo	ModelAnimation	SetTextureIndex	ModelAnimation::SetTextureIndex(TFramebuffer*)
1353735	_ZNK14ModelAnimation15GetTextureIndexEv	todo	ModelAnimation	GetTextureIndex	ModelAnimation::GetTextureIndex() const
1353751	_ZN14ModelAnimation17SetAnimationIndexEi	todo	ModelAnimation	SetAnimationIndex	ModelAnimation::SetAnimationIndex(int)
1353769	_ZN14ModelAnimation16SetAnimationNameE8wxString	todo	ModelAnimation	SetAnimationName	ModelAnimation::SetAnimationName(wxString)
1353787	_ZN14ModelAnimation12SetModelPathE8wxString	todo	ModelAnimation	SetModelPath	ModelAnimation::SetModelPath(wxString)
1353804	_ZNK14ModelAnimation12GetModelPathEv	todo	ModelAnimation	GetModelPath	ModelAnimation::GetModelPath() const
1353845	_ZN14ModelAnimation18SetDurationInTicksEd	todo	ModelAnimation	SetDurationInTicks	ModelAnimation::SetDurationInTicks(double)
1353863	_ZN14ModelAnimation23SetNativeTicksPerSecondEd	todo	ModelAnimation	SetNativeTicksPerSecond	ModelAnimation::SetNativeTicksPerSecond(double)
1353880	_ZN14ModelAnimation8SetModelEP5Model	todo	ModelAnimation	SetModel	ModelAnimation::SetModel(Model*)
1353896	_ZNK14ModelAnimation8GetModelEv	todo	ModelAnimation	GetModel	ModelAnimation::GetModel() const
1353914	_ZNK14ModelAnimation14GetCurrentTickEv	todo	ModelAnimation	GetCurrentTick	ModelAnimation::GetCurrentTick() const
1353932	_ZNK14ModelAnimation11GetLastTickEv	todo	ModelAnimation	GetLastTick	ModelAnimation::GetLastTick() const
1353949	_ZN14ModelAnimation15GetDurationInMsEd	todo	ModelAnimation	GetDurationInMs	ModelAnimation::GetDurationInMs(double)
1353987	_ZNK14ModelAnimation18GetDurationInTicksEv	todo	ModelAnimation	GetDurationInTicks	ModelAnimation::GetDurationInTicks() const
1354006	_ZNK14ModelAnimation23GetNativeTicksPerSecondEv	todo	ModelAnimation	GetNativeTicksPerSecond	ModelAnimation::GetNativeTicksPerSecond() const
1354022	_ZNK14ModelAnimation18GetAnimationCenterEv	todo	ModelAnimation	GetAnimationCenter	ModelAnimation::GetAnimationCenter() const
1354044	_ZNK14ModelAnimation17GetAnimationIndexEv	todo	ModelAnimation	GetAnimationIndex	ModelAnimation::GetAnimationIndex() const
1354061	_ZNK14ModelAnimation14GetCurrentRectE6wxRect	todo	ModelAnimation	GetCurrentRect	ModelAnimation::GetCurrentRect(wxRect) const
1354081	_ZNK14ModelAnimation16IsAlreadyRunningEv	todo	ModelAnimation	IsAlreadyRunning	ModelAnimation::IsAlreadyRunning() const
1354099	_ZN14ModelAnimation13IsTransparentE7wxPoint6wxRect	todo	ModelAnimation	IsTransparent	ModelAnimation::IsTransparent(wxPoint, wxRect)
1354128	_ZN14ModelAnimation22DecreaseReferenceCountEv	todo	ModelAnimation	DecreaseReferenceCount	ModelAnimation::DecreaseReferenceCount()
1354148	_ZN14ModelAnimation22IncreaseReferenceCountEv	todo	ModelAnimation	IncreaseReferenceCount	ModelAnimation::IncreaseReferenceCount()
1354168	_ZN14ModelAnimation22ValidateTicksPerSecondEd	todo	ModelAnimation	ValidateTicksPerSecond	ModelAnimation::ValidateTicksPerSecond(double)
1354200	_Z34ix86_override_options_after_changev_84	todo	(free function)	ix86_override_options_after_change	ix86_override_options_after_change()
1354222	__tcf_0	todo	(free function)	__tcf_0	__tcf_0
1354235	_ZN5Model11ApplyFilterEP7TShaderP8TTexture_part_10	todo	Model	ApplyFilter	Model::ApplyFilter(TShader*, TTexture*)
1354338	_ZN5Model8DrawMeshEji_part_30	todo	Model	DrawMesh	Model::DrawMesh(unsigned int, int)
1354665	_ZN5Model21SetupAmbientOcclusionEv	todo	Model	SetupAmbientOcclusion	Model::SetupAmbientOcclusion()
1354830	_ZN5Model24SetupMainRenderingBufferEv	todo	Model	SetupMainRenderingBuffer	Model::SetupMainRenderingBuffer()
1354922	_ZN5Model16SetupToonShadingEi	todo	Model	SetupToonShading	Model::SetupToonShading(int)
1355083	_ZN5Model21CalculateRelativeRectEv	todo	Model	CalculateRelativeRect	Model::CalculateRelativeRect()
1355677	_ZNK5Model18GetAnimationCenterEv	todo	Model	GetAnimationCenter	Model::GetAnimationCenter() const
1356354	_ZN5Model14GetBoundingBoxEPK6aiNodeP10aiVector3tIfES5_	todo	Model	GetBoundingBox	Model::GetBoundingBox(aiNode const*, aiVector3t<float>*, aiVector3t<float>*)
1356479	_ZNK5Model14GetCurrentRectE6wxRect	todo	Model	GetCurrentRect	Model::GetCurrentRect(wxRect) const
1356837	_ZNK5Model14GetScaleFactorEv	todo	Model	GetScaleFactor	Model::GetScaleFactor() const
1356934	_ZN5Model13IsTransparentE7wxPoint6wxRect	todo	Model	IsTransparent	Model::IsTransparent(wxPoint, wxRect)
1356971	_ZN5Model29SetAmbientOcclusionVisibilityEi	todo	Model	SetAmbientOcclusionVisibility	Model::SetAmbientOcclusionVisibility(int)
1357006	_ZN5Model15SetContourWidthEi	todo	Model	SetContourWidth	Model::SetContourWidth(int)
1357056	_ZN5Model8SetScaleEf	todo	Model	SetScale	Model::SetScale(float)
1357079	_ZNK5Model6IsReadEv	todo	Model	IsRead	Model::IsRead() const
1357095	_ZN5Model18CheckForExtensionsEv	todo	Model	CheckForExtensions	Model::CheckForExtensions()
1357112	_ZN5Model4LoadE8wxStringRK10TVisObjRef	todo	Model	Load	Model::Load(wxString, TVisObjRef const&)
1357494	_ZNK5Model9IsRunningEi	todo	Model	IsRunning	Model::IsRunning(int) const
1357511	_ZN5Model12SetAnimationEi	todo	Model	SetAnimation	Model::SetAnimation(int)
1357541	_ZN5Model20DeleteModelAnimationEP14ModelAnimation	todo	Model	DeleteModelAnimation	Model::DeleteModelAnimation(ModelAnimation*)
1357642	_ZN5Model22DecreaseReferenceCountEv	todo	Model	DecreaseReferenceCount	Model::DecreaseReferenceCount()
1357662	_ZN5Model22IncreaseReferenceCountEv	todo	Model	IncreaseReferenceCount	Model::IncreaseReferenceCount()
1357681	_ZN5Model10RenderNodeEP6aiNode	todo	Model	RenderNode	Model::RenderNode(aiNode*)
1358022	_ZN5Model4DrawEldPi	todo	Model	Draw	Model::Draw(long, double, int*)
1360386	_ZN5Model8DrawMeshEji	todo	Model	DrawMesh	Model::DrawMesh(unsigned int, int)
1360407	_ZN5Model11ApplyFilterEP7TShaderP8TTexture	todo	Model	ApplyFilter	Model::ApplyFilter(TShader*, TTexture*)
1360429	_ZN5Model11ApplyFilterEP7TShaderP12TFramebuffer	todo	Model	ApplyFilter	Model::ApplyFilter(TShader*, TFramebuffer*)
1360473	_ZN5Model16ApplyFilterDepthEP7TShaderP12TFramebuffer	todo	Model	ApplyFilterDepth	Model::ApplyFilterDepth(TShader*, TFramebuffer*)
1360517	_ZN5ModelC2Ev	todo	Model	Model	Model::Model()
1360702	_ZN5ModelD2Ev	todo	Model	~Model	Model::~Model()
1361384	_ZN5Model6UpdateEi	todo	Model	Update	Model::Update(int)
1362976	_ZN5Model16GenerateTexturesEv	todo	Model	GenerateTextures	Model::GenerateTextures()
1363577	_ZN5Model17GetModelAnimationEi	todo	Model	GetModelAnimation	Model::GetModelAnimation(int)
1363928	_ZN5Model4ReadEv	todo	Model	Read	Model::Read()
1365009	_ZN5Model17GetAnimationNamesEv	todo	Model	GetAnimationNames	Model::GetAnimationNames()
1365185	_ZN5Model15SetTexturePathsESt6vectorI11TCharHolderSaIS1_EE	todo	Model	SetTexturePaths	Model::SetTexturePaths(std::vector<TCharHolder, std::allocator<TCharHolder> >)
1365202	_ZN5Model15GetTexturePathsEv	todo	Model	GetTexturePaths	Model::GetTexturePaths()
1366367	_GLOBAL__sub_I_g_vShadowVertices	todo	(free function)	_GLOBAL__sub_I_g_vShadowVertices	_GLOBAL__sub_I_g_vShadowVertices
1366399	_ZN8Animator24CalculateGlobalTransformEP13AnimationNode	todo	Animator	CalculateGlobalTransform	Animator::CalculateGlobalTransform(AnimationNode*)
1366693	_ZNK8Animator18GetGlobalTransformEPK6aiNode	todo	Animator	GetGlobalTransform	Animator::GetGlobalTransform(aiNode const*) const
1366745	_ZN8Animator16UpdateTransformsEP13AnimationNodeRKSt6vectorI12aiMatrix4x4tIfESaIS4_EE	todo	Animator	UpdateTransforms	Animator::UpdateTransforms(AnimationNode*, std::vector<aiMatrix4x4t<float>, std::allocator<aiMatrix4x4t<float> > > const&)
1367101	_ZN8AnimatorD2Ev	todo	Animator	~Animator	Animator::~Animator()
1367702	_ZN8Animator15UpdateAnimationEld	todo	Animator	UpdateAnimation	Animator::UpdateAnimation(long, double)
1368300	_ZN8Animator15GetBoneMatricesEPK6aiNodej	todo	Animator	GetBoneMatrices	Animator::GetBoneMatrices(aiNode const*, unsigned int)
1369486	_ZN8Animator14CreateNodeTreeEP6aiNodeP13AnimationNode	todo	Animator	CreateNodeTree	Animator::CreateNodeTree(aiNode*, AnimationNode*)
1369753	_ZN8Animator17SetAnimationIndexEi	todo	Animator	SetAnimationIndex	Animator::SetAnimationIndex(int)
1370432	_ZN8AnimatorC2EPK7aiScenei	todo	Animator	Animator	Animator::Animator(aiScene const*, int)
1370653	_ZN6aiNode8FindNodeEPKc	todo	aiNode	FindNode	aiNode::FindNode(char const*)
1371017	_ZN13AnimationNodeD2Ev	todo	AnimationNode	~AnimationNode	AnimationNode::~AnimationNode()
1373644	_Z34ix86_override_options_after_changev_85	todo	(free function)	ix86_override_options_after_change	ix86_override_options_after_change()
1373667	_ZN5LightC2ERKN3glm5tvec3IfLNS0_9precisionE0EEERKNS0_5tvec4IfLS2_0EEES9_	todo	Light	Light	Light::Light(glm::tvec3<float, (glm::precision)0> const&, glm::tvec4<float, (glm::precision)0> const&, glm::tvec4<float, (glm::precision)0> const&)
1373719	_ZN5LightD2Ev	todo	Light	~Light	Light::~Light()
1373734	_ZN5Light11SetPositionERKN3glm5tvec3IfLNS0_9precisionE0EEE	todo	Light	SetPosition	Light::SetPosition(glm::tvec3<float, (glm::precision)0> const&)
1373758	_ZNK5Light11GetPositionEv	todo	Light	GetPosition	Light::GetPosition() const
1373774	_ZN5Light10SetAmbientERKN3glm5tvec4IfLNS0_9precisionE0EEE	todo	Light	SetAmbient	Light::SetAmbient(glm::tvec4<float, (glm::precision)0> const&)
1373795	_ZNK5Light10GetAmbientEv	todo	Light	GetAmbient	Light::GetAmbient() const
1373811	_ZN5Light10SetDiffuseERKN3glm5tvec4IfLNS0_9precisionE0EEE	todo	Light	SetDiffuse	Light::SetDiffuse(glm::tvec4<float, (glm::precision)0> const&)
1373832	_ZNK5Light10GetDiffuseEv	todo	Light	GetDiffuse	Light::GetDiffuse() const
1373848	_ZN6CameraC2Eff	todo	Camera	Camera	Camera::Camera(float, float)
1373965	_ZN6CameraD2Ev	todo	Camera	~Camera	Camera::~Camera()
1373980	_ZN6Camera9SetHeightEf	todo	Camera	SetHeight	Camera::SetHeight(float)
1374008	_ZN6Camera8SetAngleEf	todo	Camera	SetAngle	Camera::SetAngle(float)
1374036	_ZN6Camera8GetAngleEv	todo	Camera	GetAngle	Camera::GetAngle()
1374051	_ZN6Camera9GetHeightEv	todo	Camera	GetHeight	Camera::GetHeight()
1374068	_ZN7kexVec3aSERKS_	todo	kexVec3	operator=	kexVec3::operator=(kexVec3 const&)
1374087	_ZN6Camera6UpdateEv	todo	Camera	Update	Camera::Update()
1374305	_ZN6Camera10HasChangedEv	todo	Camera	HasChanged	Camera::HasChanged()
1374328	_ZNK6Camera19GetProjectionMatrixEv	todo	Camera	GetProjectionMatrix	Camera::GetProjectionMatrix() const
1374386	_ZNK6Camera13GetViewMatrixEv	todo	Camera	GetViewMatrix	Camera::GetViewMatrix() const
1374443	_Z34ix86_override_options_after_changev_86	todo	(free function)	ix86_override_options_after_change	ix86_override_options_after_change()
1374466	_ZN5Tools11GetFullPathE8wxStringPKc	todo	Tools	GetFullPath	Tools::GetFullPath(wxString, char const*)
1374734	_ZN5Tools14GetListOfPathsESt6vectorI11TCharHolderSaIS1_EE	todo	Tools	GetListOfPaths	Tools::GetListOfPaths(std::vector<TCharHolder, std::allocator<TCharHolder> >)
1375192	_Z34ix86_override_options_after_changev_87	todo	(free function)	ix86_override_options_after_change	ix86_override_options_after_change()
1375215	_Z18GetAbsolutePointNrRK12TPolygonListii	todo	(free function)	GetAbsolutePointNr	GetAbsolutePointNr(TPolygonList const&, int, int)
1375277	_Z19GetPointFromPolygonRK12TPolygonListii	todo	(free function)	GetPointFromPolygon	GetPointFromPolygon(TPolygonList const&, int, int)
1375355	_Z14GetBoundingBoxRK12TPolygonList	todo	(free function)	GetBoundingBox	GetBoundingBox(TPolygonList const&)
1375488	_Z14GetBoundingBoxRKSt6vectorI7wxPointSaIS0_EE	todo	(free function)	GetBoundingBox	GetBoundingBox(std::vector<wxPoint, std::allocator<wxPoint> > const&)
1375589	_Z10GetPointAtRK7wxPointRK12TPolygonListRiS5_ii	todo	(free function)	GetPointAt	GetPointAt(wxPoint const&, TPolygonList const&, int&, int&, int, int)
1375714	_Z10GetPointAtRK7wxPointRKSt6vectorIS_SaIS_EEii	todo	(free function)	GetPointAt	GetPointAt(wxPoint const&, std::vector<wxPoint, std::allocator<wxPoint> > const&, int, int)
1375798	_Z12GetSegmentAtRK7wxPointRKSt6vectorIS_SaIS_EERiRS_	todo	(free function)	GetSegmentAt	GetSegmentAt(wxPoint const&, std::vector<wxPoint, std::allocator<wxPoint> > const&, int&, wxPoint&)
1375981	_Z12GetSegmentAtRK7wxPointRK12TPolygonListRiS5_RS_	todo	(free function)	GetSegmentAt	GetSegmentAt(wxPoint const&, TPolygonList const&, int&, int&, wxPoint&)
1376052	_Z8GetAngleff	todo	(free function)	GetAngle	GetAngle(float, float)
1376135	_Z14MapPointToLineRK7wxPointS1_S1_	todo	(free function)	MapPointToLine	MapPointToLine(wxPoint const&, wxPoint const&, wxPoint const&)
1376190	_Z15PointInTriangleRN3p2t8TriangleERK7wxPoint	todo	(free function)	PointInTriangle	PointInTriangle(p2t::Triangle&, wxPoint const&)
1376292	_Z8LinesCutRK7wxPointS1_S1_S1_	todo	(free function)	LinesCut	LinesCut(wxPoint const&, wxPoint const&, wxPoint const&, wxPoint const&)
1376396	_Z8LineCutsRK7wxPointS1_RKSt6vectorIS_SaIS_EE	todo	(free function)	LineCuts	LineCuts(wxPoint const&, wxPoint const&, std::vector<wxPoint, std::allocator<wxPoint> > const&)
1376463	_Z10GetNumCutsRK7wxPointS1_RKSt6vectorIS_SaIS_EE	todo	(free function)	GetNumCuts	GetNumCuts(wxPoint const&, wxPoint const&, std::vector<wxPoint, std::allocator<wxPoint> > const&)
1376538	_Z8LineCutsRK7wxPointS1_RK12TPolygonList	todo	(free function)	LineCuts	LineCuts(wxPoint const&, wxPoint const&, TPolygonList const&)
1376631	_Z8RotationRK7wxPointS1_S1_	todo	(free function)	Rotation	Rotation(wxPoint const&, wxPoint const&, wxPoint const&)
1376667	_Z11PointOnLineRK7wxPointS1_S1_	todo	(free function)	PointOnLine	PointOnLine(wxPoint const&, wxPoint const&, wxPoint const&)
1376744	_Z13GetDotProductRK11wxRealPointS1_	todo	(free function)	GetDotProduct	GetDotProduct(wxRealPoint const&, wxRealPoint const&)
1376766	_Z7RectHitRK7wxPointRKSt6vectorI6wxRectSaIS3_EE	todo	(free function)	RectHit	RectHit(wxPoint const&, std::vector<wxRect, std::allocator<wxRect> > const&)
1376827	_Z27CreatePolygonsFromPointListRKSt6vectorI7wxPointSaIS0_EER12TPolygonList	todo	(free function)	CreatePolygonsFromPointList	CreatePolygonsFromPointList(std::vector<wxPoint, std::allocator<wxPoint> > const&, TPolygonList&)
1376954	_Z27CreatePointListFromPolygonsRK12TPolygonListRSt6vectorI7wxPointSaIS3_EE	todo	(free function)	CreatePointListFromPolygons	CreatePointListFromPolygons(TPolygonList const&, std::vector<wxPoint, std::allocator<wxPoint> >&)
1377180	_Z20IsPointInsidePolygonRK7wxPointRKSt6vectorIS_SaIS_EE	todo	(free function)	IsPointInsidePolygon	IsPointInsidePolygon(wxPoint const&, std::vector<wxPoint, std::allocator<wxPoint> > const&)
1377691	_Z20IsPointInsidePolygonRK7wxPointRK12TPolygonList	todo	(free function)	IsPointInsidePolygon	IsPointInsidePolygon(wxPoint const&, TPolygonList const&)
1378251	_Z34ix86_override_options_after_changev_88	todo	(free function)	ix86_override_options_after_change	ix86_override_options_after_change()
1378274	_ZN16TGParticleSystemD2Ev	todo	TGParticleSystem	~TGParticleSystem	TGParticleSystem::~TGParticleSystem()
1378290	_ZN17TGParticleEmitterD2Ev	todo	TGParticleEmitter	~TGParticleEmitter	TGParticleEmitter::~TGParticleEmitter()
1378306	_ZN17TGParticleEmitterD0Ev	todo	TGParticleEmitter	~TGParticleEmitter	TGParticleEmitter::~TGParticleEmitter()
1378327	_ZN16TGParticleSystemD0Ev	todo	TGParticleSystem	~TGParticleSystem	TGParticleSystem::~TGParticleSystem()
1378348	_ZN17TGParticleEmitterC2Ev	todo	TGParticleEmitter	TGParticleEmitter	TGParticleEmitter::TGParticleEmitter()
1378368	_ZN16TGParticleSystemC2Ev	todo	TGParticleSystem	TGParticleSystem	TGParticleSystem::TGParticleSystem()
1378389	_ZN17TGParticleEmitter4SaveEPKcRK10TVisObjRef	todo	TGParticleEmitter	Save	TGParticleEmitter::Save(char const*, TVisObjRef const&)
1378934	_ZN17TGParticleEmitter4InitERK10TVisObjRef	todo	TGParticleEmitter	Init	TGParticleEmitter::Init(TVisObjRef const&)
1379800	_ZN17TGParticleEmitter4LoadEPKcR10TVisObjRef	todo	TGParticleEmitter	Load	TGParticleEmitter::Load(char const*, TVisObjRef&)
1380801	_ZN16TGParticleSystem4InitERK10TVisObjRefRK8wxString	todo	TGParticleSystem	Init	TGParticleSystem::Init(TVisObjRef const&, wxString const&)
1381151	_Z34ix86_override_options_after_changev_89	todo	(free function)	ix86_override_options_after_change	ix86_override_options_after_change()
1381174	_ZNK11TCAnimation17GetAnimationLoopsEv	todo	TCAnimation	GetAnimationLoops	TCAnimation::GetAnimationLoops() const
1381192	_ZNK11TCAnimation22CanRemoveCurrentSpriteEv	todo	TCAnimation	CanRemoveCurrentSprite	TCAnimation::CanRemoveCurrentSprite() const
1381238	_ZN11TCAnimation5StartEbf	todo	TCAnimation	Start	TCAnimation::Start(bool, float)
1381503	_ZN11TCAnimation9SetPausedEb	todo	TCAnimation	SetPaused	TCAnimation::SetPaused(bool)
1381520	_ZNK11TCAnimation13GetDataObjectEv	todo	TCAnimation	GetDataObject	TCAnimation::GetDataObject() const
1381542	_ZN11TCAnimation14RefreshSpritesEv	todo	TCAnimation	RefreshSprites	TCAnimation::RefreshSprites()
1381578	_ZN11TCAnimation14PreloadSpritesEb	todo	TCAnimation	PreloadSprites	TCAnimation::PreloadSprites(bool)
1381645	_ZN11TCAnimation13RemoveSpritesEv	todo	TCAnimation	RemoveSprites	TCAnimation::RemoveSprites()
1381681	_ZN11TCAnimation11FirstSpriteEv	todo	TCAnimation	FirstSprite	TCAnimation::FirstSprite()
1381789	_ZN11TCAnimation10NextSpriteEv	todo	TCAnimation	NextSprite	TCAnimation::NextSprite()
1381909	_ZNK11TCAnimation9EofSpriteEv	todo	TCAnimation	EofSprite	TCAnimation::EofSprite() const
1382018	_ZNK11TCAnimation15GetCurrentPauseEv	todo	TCAnimation	GetCurrentPause	TCAnimation::GetCurrentPause() const
1382081	_ZNK11TCAnimation18GetPauseCompletionEv	todo	TCAnimation	GetPauseCompletion	TCAnimation::GetPauseCompletion() const
1382162	_ZN11TCAnimation16SetCurrentSpriteEb	todo	TCAnimation	SetCurrentSprite	TCAnimation::SetCurrentSprite(bool)
1382690	_ZN11TCAnimation16GetCurrentSpriteEv	todo	TCAnimation	GetCurrentSprite	TCAnimation::GetCurrentSprite()
1382707	_ZNK11TCAnimation21GetCurrentSpriteIndexEv	todo	TCAnimation	GetCurrentSpriteIndex	TCAnimation::GetCurrentSpriteIndex() const
1382724	_ZNK11TCAnimation27GetCurrentSpriteIndexOrTickEv	todo	TCAnimation	GetCurrentSpriteIndexOrTick	TCAnimation::GetCurrentSpriteIndexOrTick() const
1382750	_ZNK11TCAnimation13GetFrameCountEv	todo	TCAnimation	GetFrameCount	TCAnimation::GetFrameCount() const
1382795	_ZN11TCAnimation11SetPositionERK7wxPointf	todo	TCAnimation	SetPosition	TCAnimation::SetPosition(wxPoint const&, float)
1382840	_ZNK11TCAnimation24GetCurrentSpritePositionEv	todo	TCAnimation	GetCurrentSpritePosition	TCAnimation::GetCurrentSpritePosition() const
1383016	_ZNK11TCAnimation13GetCalledTimeEv	todo	TCAnimation	GetCalledTime	TCAnimation::GetCalledTime() const
1383032	_ZNK11TCAnimation18IsSpriteIndexValidEv	todo	TCAnimation	IsSpriteIndexValid	TCAnimation::IsSpriteIndexValid() const
1383081	_ZNK11TCAnimation13IsRandomOrderEv	todo	TCAnimation	IsRandomOrder	TCAnimation::IsRandomOrder() const
1383103	_ZNK11TCAnimation12IsLoopRandomEv	todo	TCAnimation	IsLoopRandom	TCAnimation::IsLoopRandom() const
1383121	_ZNK11TCAnimation10IsFinishedEv	todo	TCAnimation	IsFinished	TCAnimation::IsFinished() const
1383142	_ZNK11TCAnimation9IsWaitingEv	todo	TCAnimation	IsWaiting	TCAnimation::IsWaiting() const
1383158	_ZNK11TCAnimation9IsEndlessEv	todo	TCAnimation	IsEndless	TCAnimation::IsEndless() const
1383179	_ZNK11TCAnimation15IsMoveAnimationEv	todo	TCAnimation	IsMoveAnimation	TCAnimation::IsMoveAnimation() const
1383197	_ZNK11TCAnimation17IsSpriteAnimationEv	todo	TCAnimation	IsSpriteAnimation	TCAnimation::IsSpriteAnimation() const
1383223	_ZNK11TCAnimation16IsModelAnimationEv	todo	TCAnimation	IsModelAnimation	TCAnimation::IsModelAnimation() const
1383241	_ZNK11TCAnimation16IsBonesAnimationEv	todo	TCAnimation	IsBonesAnimation	TCAnimation::IsBonesAnimation() const
1383259	_ZN11TCAnimation17SetModelAnimationEP14ModelAnimation	todo	TCAnimation	SetModelAnimation	TCAnimation::SetModelAnimation(ModelAnimation*)
1383285	_ZNK11TCAnimation17GetModelAnimationEv	todo	TCAnimation	GetModelAnimation	TCAnimation::GetModelAnimation() const
1383303	_ZN11TCAnimation28SetModelAnimationCurrentTickEi	todo	TCAnimation	SetModelAnimationCurrentTick	TCAnimation::SetModelAnimationCurrentTick(int)
1383344	_ZNK11TCAnimation28GetModelAnimationCurrentTickEv	todo	TCAnimation	GetModelAnimationCurrentTick	TCAnimation::GetModelAnimationCurrentTick() const
1383360	_ZN11TCAnimationD2Ev	todo	TCAnimation	~TCAnimation	TCAnimation::~TCAnimation()
1383494	_ZN11TCAnimationD0Ev	todo	TCAnimation	~TCAnimation	TCAnimation::~TCAnimation()
1383514	_ZN11TCAnimationC2ERK10TVisObjRefS2_	todo	TCAnimation	TCAnimation	TCAnimation::TCAnimation(TVisObjRef const&, TVisObjRef const&)
1384914	_ZNK11TCAnimation18NextSpriteSelectedEv	todo	TCAnimation	NextSpriteSelected	TCAnimation::NextSpriteSelected() const
1384930	_Z34ix86_override_options_after_changev_90	todo	(free function)	ix86_override_options_after_change	ix86_override_options_after_change()
1384952	__tcf_0_0	todo	(free function)	__tcf_0_0	__tcf_0_0
1385123	__tcf_1	todo	(free function)	__tcf_1	__tcf_1
1385295	_Z16InitObjectAccessP15TVisionaireGame	todo	(free function)	InitObjectAccess	InitObjectAccess(TVisionaireGame*)
1385312	_Z12GetTypeGroup16eVisionaireTable	todo	(free function)	GetTypeGroup	GetTypeGroup(eVisionaireTable)
1385586	_Z8IdStrStdRK3TId	todo	(free function)	IdStrStd	IdStrStd(TId const&)
1385787	_Z5IdStrRK3TId	todo	(free function)	IdStr	IdStr(TId const&)
1385944	_Z5IdStrRK17TVisionaireObject	todo	(free function)	IdStr	IdStr(TVisionaireObject const&)
1385975	_Z5IdStrRK10TVisObjRef	todo	(free function)	IdStr	IdStr(TVisObjRef const&)
1386006	_Z24FindObjectByNameRelativeRK8wxStringR10TVisObjRefb	todo	(free function)	FindObjectByNameRelative	FindObjectByNameRelative(wxString const&, TVisObjRef&, bool)
1386989	_Z16FindObjectByNameRK8wxStringR10TVisObjRefb	todo	(free function)	FindObjectByName	FindObjectByName(wxString const&, TVisObjRef&, bool)
1387514	_Z20FindObjectByNameOrIdRK8wxStringR10TVisObjRefb	todo	(free function)	FindObjectByNameOrId	FindObjectByNameOrId(wxString const&, TVisObjRef&, bool)
1387666	_Z16CreateObjectPathRK10TVisObjRefb	todo	(free function)	CreateObjectPath	CreateObjectPath(TVisObjRef const&, bool)
1388740	_Z10GetFieldIdRK8wxString	todo	(free function)	GetFieldId	GetFieldId(wxString const&)
1388803	_Z34ix86_override_options_after_changev_91	todo	(free function)	ix86_override_options_after_change	ix86_override_options_after_change()
1388826	_ZN12TFontManagerC2Ev	todo	TFontManager	TFontManager	TFontManager::TFontManager()
1388909	_ZN12TFontManagerD2Ev	todo	TFontManager	~TFontManager	TFontManager::~TFontManager()
1389069	_ZN12TFontManager7GetFontERK10TVisObjRef	todo	TFontManager	GetFont	TFontManager::GetFont(TVisObjRef const&)
1389132	_ZN12TFontManager14GetCurrentFontEv	todo	TFontManager	GetCurrentFont	TFontManager::GetCurrentFont()
1389158	_ZN12TFontManager14SetCurrentFontERK10TVisObjRef	todo	TFontManager	SetCurrentFont	TFontManager::SetCurrentFont(TVisObjRef const&)
1389223	_ZN12TFontManager14SetCurrentFontERi	todo	TFontManager	SetCurrentFont	TFontManager::SetCurrentFont(int&)
1389276	_ZN12TFontManager9PrintTextERK8wxString17TextAlignmentEnumRK7wxPointfP12GLCharBuffer	todo	TFontManager	PrintText	TFontManager::PrintText(wxString const&, TextAlignmentEnum, wxPoint const&, float, GLCharBuffer*)
1389308	_ZN12TFontManager14PrintTextLinesERKSt4listI8wxStringSaIS1_EERKSt6vectorIiSaIiEE17TextAlignmentEnumRK7wxPointfbPS6_IP12GLCharBufferSaISG_EE	todo	TFontManager	PrintTextLines	TFontManager::PrintTextLines(std::list<wxString, std::allocator<wxString> > const&, std::vector<int, std::allocator<int> > const&, TextAlignmentEnum, wxPoint const&, float, bool, std::vector<GLCharBuffer*, std::allocator<GLCharBuffer*> >*)
1389344	_ZNK12TFontManager16GetTextDimensionERK8wxStringR7wxPoint	todo	TFontManager	GetTextDimension	TFontManager::GetTextDimension(wxString const&, wxPoint&) const
1389371	_ZNK12TFontManager16GetTextDimensionERKSt4listI8wxStringSaIS1_EER7wxPoint	todo	TFontManager	GetTextDimension	TFontManager::GetTextDimension(std::list<wxString, std::allocator<wxString> > const&, wxPoint&) const
1389398	_ZNK12TFontManager13GetLineHeightEv	todo	TFontManager	GetLineHeight	TFontManager::GetLineHeight() const
1389424	_ZNK12TFontManager12GetFontCountEv	todo	TFontManager	GetFontCount	TFontManager::GetFontCount() const
1389443	_ZN12TFontManager20PerformAutoLineBreakERK8wxStringRSt4listIS0_SaIS0_EE	todo	TFontManager	PerformAutoLineBreak	TFontManager::PerformAutoLineBreak(wxString const&, std::list<wxString, std::allocator<wxString> >&)
1389469	_ZN12TFontManager10SplitTextsERSt4listI8wxStringSaIS1_EEi	todo	TFontManager	SplitTexts	TFontManager::SplitTexts(std::list<wxString, std::allocator<wxString> >&, int)
1389664	_ZN12TFontManager6SignalERK11TSignalDataRS0_	todo	TFontManager	Signal	TFontManager::Signal(TSignalData const&, TSignalData&)
1390109	_ZN12TFontManager10InitializeER6TVList	todo	TFontManager	Initialize	TFontManager::Initialize(TVList&)
1390417	_Z34ix86_override_options_after_changev_92	todo	(free function)	ix86_override_options_after_change	ix86_override_options_after_change()
1390440	_Z11pointsorterRKSt4pairIisES2_	todo	(free function)	pointsorter	pointsorter(std::pair<int, short> const&, std::pair<int, short> const&)
1390459	_ZN10TPointSizeC2Ev	todo	TPointSize	TPointSize	TPointSize::TPointSize()
1390477	_ZN10TPointSizeD2Ev	todo	TPointSize	~TPointSize	TPointSize::~TPointSize()
1390502	_ZN10TPointSize15ClearSizeSystemEv	todo	TPointSize	ClearSizeSystem	TPointSize::ClearSizeSystem()
1390520	_Z10EaseLinearfff	todo	(free function)	EaseLinear	EaseLinear(float, float, float)
1390538	_ZNK10TPointSize17GetCalculatedSizeERK7wxPoint	todo	TPointSize	GetCalculatedSize	TPointSize::GetCalculatedSize(wxPoint const&) const
1390856	_ZN10TPointSize16UpdateSizeSystemER6TVList	todo	TPointSize	UpdateSizeSystem	TPointSize::UpdateSizeSystem(TVList&)
1391423	_Z34ix86_override_options_after_changev_93	todo	(free function)	ix86_override_options_after_change	ix86_override_options_after_change()
1391446	_ZN6TCFont7OnEventE10TEventEnumiP17TVisionaireObject	todo	TCFont	OnEvent	TCFont::OnEvent(TEventEnum, int, TVisionaireObject*)
1391900	_ZN6TCFont17CheckFreetypeFontEv	todo	TCFont	CheckFreetypeFont	TCFont::CheckFreetypeFont()
1391924	_ZNK6TCFont12GetCharWidthEw	todo	TCFont	GetCharWidth	TCFont::GetCharWidth(wchar_t) const
1391975	_ZNK6TCFont14GetCharSpacingEww	todo	TCFont	GetCharSpacing	TCFont::GetCharSpacing(wchar_t, wchar_t) const
1392071	_ZNK6TCFont13GetLineHeightEv	todo	TCFont	GetLineHeight	TCFont::GetLineHeight() const
1392134	_ZNK6TCFont9GetLetterEw	todo	TCFont	GetLetter	TCFont::GetLetter(wchar_t) const
1392196	_ZN6TCFont15GetTextStartPosE17TextAlignmentEnumiii	todo	TCFont	GetTextStartPos	TCFont::GetTextStartPos(TextAlignmentEnum, int, int, int)
1392266	_ZN6TCFontD2Ev	todo	TCFont	~TCFont	TCFont::~TCFont()
1392370	_ZN6TCFont14SplitIntoLinesERK8wxStringRSt4listIS0_SaIS0_EEi	todo	TCFont	SplitIntoLines	TCFont::SplitIntoLines(wxString const&, std::list<wxString, std::allocator<wxString> >&, int)
1393270	_ZN6TCFont20PerformAutoLineBreakERK8wxStringRSt4listIS0_SaIS0_EE	todo	TCFont	PerformAutoLineBreak	TCFont::PerformAutoLineBreak(wxString const&, std::list<wxString, std::allocator<wxString> >&)
1393319	_ZNK6TCFont16GetTextDimensionERK8wxStringR7wxPoint	todo	TCFont	GetTextDimension	TCFont::GetTextDimension(wxString const&, wxPoint&) const
1393677	_ZNK6TCFont16GetTextDimensionERKSt4listI8wxStringSaIS1_EER7wxPoint	todo	TCFont	GetTextDimension	TCFont::GetTextDimension(std::list<wxString, std::allocator<wxString> > const&, wxPoint&) const
1393750	_ZN6TCFontC2ER10TVisObjRefP12TFontManager	todo	TCFont	TCFont	TCFont::TCFont(TVisObjRef&, TFontManager*)
1395566	_ZN6TCFont18EnsureSpriteLoadedEv	todo	TCFont	EnsureSpriteLoaded	TCFont::EnsureSpriteLoaded()
1396036	_ZN6TCFont9PrintTextERK8wxString17TextAlignmentEnumRK7wxPointfiP12GLCharBuffer	todo	TCFont	PrintText	TCFont::PrintText(wxString const&, TextAlignmentEnum, wxPoint const&, float, int, GLCharBuffer*)
1397049	_ZN6TCFont14PrintTextLinesERKSt4listI8wxStringSaIS1_EERKSt6vectorIiSaIiEE17TextAlignmentEnumRK7wxPointfibPS6_IP12GLCharBufferSaISG_EE	todo	TCFont	PrintTextLines	TCFont::PrintTextLines(std::list<wxString, std::allocator<wxString> > const&, std::vector<int, std::allocator<int> > const&, TextAlignmentEnum, wxPoint const&, float, int, bool, std::vector<GLCharBuffer*, std::allocator<GLCharBuffer*> >*)
1399990	_Z34ix86_override_options_after_changev_94	todo	(free function)	ix86_override_options_after_change	ix86_override_options_after_change()
1400013	_Z14ConvertFromLuaR10TVisObjRefi	todo	(free function)	ConvertFromLua	ConvertFromLua(TVisObjRef&, int)
1400028	_Z12ConvertToLuaRK10TVisObjRef	todo	(free function)	ConvertToLua	ConvertToLua(TVisObjRef const&)
1400046	_Z14ConvertFromLuaR6TVListi	todo	(free function)	ConvertFromLua	ConvertFromLua(TVList&, int)
1400215	_Z12ConvertToLuaRK6TVList	todo	(free function)	ConvertToLua	ConvertToLua(TVList const&)
1400276	_Z34ix86_override_options_after_changev_95	todo	(free function)	ix86_override_options_after_change	ix86_override_options_after_change()
1400299	_Z8CloseLuav	todo	(free function)	CloseLua	CloseLua()
1400326	_Z10GetLuaGamev	todo	(free function)	GetLuaGame	GetLuaGame()
1400342	_Z9LuaDoFileRK10wxFileName	todo	(free function)	LuaDoFile	LuaDoFile(wxFileName const&)
1400596	_Z9LuaDoFilePKc	todo	(free function)	LuaDoFile	LuaDoFile(char const*)
1400772	_Z6maxlenRK8wxString	todo	(free function)	maxlen	maxlen(wxString const&)
1400972	_Z8LuaDoRefi	todo	(free function)	LuaDoRef	LuaDoRef(int)
1401184	_Z8SetFieldi	todo	(free function)	SetField	SetField(int)
1401381	_Z9SetFieldsv	todo	(free function)	SetFields	SetFields()
1401407	_Z9SetTablesv	todo	(free function)	SetTables	SetTables()
1401525	_Z8SetEnumsv	todo	(free function)	SetEnums	SetEnums()
1405988	_Z17ExportEmptyObjectv	todo	(free function)	ExportEmptyObject	ExportEmptyObject()
1406026	_Z16ExportGameObjectv	todo	(free function)	ExportGameObject	ExportGameObject()
1406064	_Z19ExportDividingPointv	todo	(free function)	ExportDividingPoint	ExportDividingPoint()
1406092	_Z10ExportDirsRK8wxStringS1_S1_	todo	(free function)	ExportDirs	ExportDirs(wxString const&, wxString const&, wxString const&)
1406207	_Z30StoreNamesOfInternalGlobalVarsv	todo	(free function)	StoreNamesOfInternalGlobalVars	StoreNamesOfInternalGlobalVars()
1406409	_Z7InitLuaP15TVisionaireGameRK8wxStringS3_S3_	todo	(free function)	InitLua	InitLua(TVisionaireGame*, wxString const&, wxString const&, wxString const&)
1406643	_Z19IsInternalGlobalVarRK8wxString	todo	(free function)	IsInternalGlobalVar	IsInternalGlobalVar(wxString const&)
1406740	_Z8LuaPrintP9lua_State	todo	(free function)	LuaPrint	LuaPrint(lua_State*)
1406949	_Z11LuaDoStringRKSs	todo	(free function)	LuaDoString	LuaDoString(std::basic_string<char, std::char_traits<char>, std::allocator<char> > const&)
1407229	_Z18LuaExecuteFunctionRKSsRSt6vectorIP9TArgumentSaIS3_EES6_	todo	(free function)	LuaExecuteFunction	LuaExecuteFunction(std::basic_string<char, std::char_traits<char>, std::allocator<char> > const&, std::vector<TArgument*, std::allocator<TArgument*> >&, std::vector<TArgument*, std::allocator<TArgument*> >&)
1408406	_Z11LuaDoStringRKSsS0_	todo	(free function)	LuaDoString	LuaDoString(std::basic_string<char, std::char_traits<char>, std::allocator<char> > const&, std::basic_string<char, std::char_traits<char>, std::allocator<char> > const&)
1409018	_Z22LuaExecuteEventHandlerRKSsRK10TVisObjRef	todo	(free function)	LuaExecuteEventHandler	LuaExecuteEventHandler(std::basic_string<char, std::char_traits<char>, std::allocator<char> > const&, TVisObjRef const&)
1409566	_GLOBAL__sub_I_luas	todo	(free function)	_GLOBAL__sub_I_luas	_GLOBAL__sub_I_luas
1409666	_ZN15TSyntaxDocArray8RemoveAtEi	todo	TSyntaxDocArray	RemoveAt	TSyntaxDocArray::RemoveAt(int)
1409762	_ZNK15TSyntaxDocArray7IsEmptyEv	todo	TSyntaxDocArray	IsEmpty	TSyntaxDocArray::IsEmpty() const
1409780	_ZNK15TSyntaxDocArray4ItemEi	todo	TSyntaxDocArray	Item	TSyntaxDocArray::Item(int) const
1409851	_ZN15TSyntaxDocArray4ItemEi	todo	TSyntaxDocArray	Item	TSyntaxDocArray::Item(int)
1409922	_ZN15TSyntaxDocArray5ClearEv	todo	TSyntaxDocArray	Clear	TSyntaxDocArray::Clear()
1410007	_ZNK15TSyntaxDocArray8GetCountEv	todo	TSyntaxDocArray	GetCount	TSyntaxDocArray::GetCount() const
1410025	_ZN16TExampleDocArray8RemoveAtEi	todo	TExampleDocArray	RemoveAt	TExampleDocArray::RemoveAt(int)
1410121	_ZNK16TExampleDocArray7IsEmptyEv	todo	TExampleDocArray	IsEmpty	TExampleDocArray::IsEmpty() const
1410139	_ZNK16TExampleDocArray4ItemEi	todo	TExampleDocArray	Item	TExampleDocArray::Item(int) const
1410210	_ZN16TExampleDocArray4ItemEi	todo	TExampleDocArray	Item	TExampleDocArray::Item(int)
1410281	_ZN16TExampleDocArray5ClearEv	todo	TExampleDocArray	Clear	TExampleDocArray::Clear()
1410366	_ZNK16TExampleDocArray8GetCountEv	todo	TExampleDocArray	GetCount	TExampleDocArray::GetCount() const
1410384	_ZN13TArgTypeArray8RemoveAtEi	todo	TArgTypeArray	RemoveAt	TArgTypeArray::RemoveAt(int)
1410428	_ZNK13TArgTypeArray7IsEmptyEv	todo	TArgTypeArray	IsEmpty	TArgTypeArray::IsEmpty() const
1410445	_ZNK13TArgTypeArray4ItemEi	todo	TArgTypeArray	Item	TArgTypeArray::Item(int) const
1410475	_ZN13TArgTypeArray4ItemEi	todo	TArgTypeArray	Item	TArgTypeArray::Item(int)
1410503	_ZN13TArgTypeArray5ClearEv	todo	TArgTypeArray	Clear	TArgTypeArray::Clear()
1410519	_ZNK13TArgTypeArray8GetCountEv	todo	TArgTypeArray	GetCount	TArgTypeArray::GetCount() const
1410539	_ZN10TArgSyntax5ClearEv	todo	TArgSyntax	Clear	TArgSyntax::Clear()
1410870	_ZN10TArgSyntaxD2Ev	todo	TArgSyntax	~TArgSyntax	TArgSyntax::~TArgSyntax()
1411304	_ZN10TArgSyntax10AddFlagDocERK8wxStringPKwS4_S4_	todo	TArgSyntax	AddFlagDoc	TArgSyntax::AddFlagDoc(wxString const&, wchar_t const*, wchar_t const*, wchar_t const*)
1411657	_ZN10TArgSyntax13SetMinVersionERK8wxString	todo	TArgSyntax	SetMinVersion	TArgSyntax::SetMinVersion(wxString const&)
1411674	_ZNK10TArgSyntax15GetLongFlagNameER8wxString	todo	TArgSyntax	GetLongFlagName	TArgSyntax::GetLongFlagName(wxString&) const
1411781	_ZNK10TArgSyntax16GetShortFlagNameER8wxString	todo	TArgSyntax	GetShortFlagName	TArgSyntax::GetShortFlagName(wxString&) const
1411887	_ZN10TArgSyntax4DumpEv	todo	TArgSyntax	Dump	TArgSyntax::Dump()
1412134	_ZNK10TArgSyntax21GetArgTypeAsLuaSyntaxE8TArgType	todo	TArgSyntax	GetArgTypeAsLuaSyntax	TArgSyntax::GetArgTypeAsLuaSyntax(TArgType) const
1412807	_ZN10TArgSyntax13DumpLuaSyntaxERK8wxStringR6wxFile	todo	TArgSyntax	DumpLuaSyntax	TArgSyntax::DumpLuaSyntax(wxString const&, wxFile&)
1413423	_ZN10TArgSyntax8DumpWikiERK8wxStringS2_	todo	TArgSyntax	DumpWiki	TArgSyntax::DumpWiki(wxString const&, wxString const&)
1413439	_ZN10TArgSyntax6AddArgE8TArgTypeb	todo	TArgSyntax	AddArg	TArgSyntax::AddArg(TArgType, bool)
1413557	_ZN13TArgTypeArray3AddE8TArgType	todo	TArgTypeArray	Add	TArgTypeArray::Add(TArgType)
1413597	_ZN10TArgSyntax7AddFlagERK8wxStringS2_8TArgTypeb	todo	TArgSyntax	AddFlag	TArgSyntax::AddFlag(wxString const&, wxString const&, TArgType, bool)
1414148	_ZN10TArgSyntaxaSERKS_	todo	TArgSyntax	operator=	TArgSyntax::operator=(TArgSyntax const&)
1414627	_ZN10TArgSyntaxC2ERKS_	todo	TArgSyntax	TArgSyntax	TArgSyntax::TArgSyntax(TArgSyntax const&)
1414813	_ZN10TArgSyntax9AddArgDocEPKwS1_	todo	TArgSyntax	AddArgDoc	TArgSyntax::AddArgDoc(wchar_t const*, wchar_t const*)
1415006	_ZN15TSyntaxDocArray3AddE10TSyntaxDoc	todo	TSyntaxDocArray	Add	TSyntaxDocArray::Add(TSyntaxDoc)
1415093	_ZN10TArgSyntax12AddReturnDocEPKwS1_	todo	TArgSyntax	AddReturnDoc	TArgSyntax::AddReturnDoc(wchar_t const*, wchar_t const*)
1415247	_ZN10TArgSyntax13AddBoolRetDocEPKwS1_	todo	TArgSyntax	AddBoolRetDoc	TArgSyntax::AddBoolRetDoc(wchar_t const*, wchar_t const*)
1415280	_ZN16TExampleDocArray3AddE11TExampleDoc	todo	TExampleDocArray	Add	TExampleDocArray::Add(TExampleDoc)
1415367	_ZN10TArgSyntax13AddExampleDocEPKwS1_	todo	TArgSyntax	AddExampleDoc	TArgSyntax::AddExampleDoc(wchar_t const*, wchar_t const*)
1417072	_Z34ix86_override_options_after_changev_96	todo	(free function)	ix86_override_options_after_change	ix86_override_options_after_change()
1417094	_ZL11SetPositionP9lua_State	todo	(free function)	SetPosition	SetPosition(lua_State*)
1417187	_ZL11GetPositionP9lua_State	todo	(free function)	GetPosition	GetPosition(lua_State*)
1417253	_ZL12DeleteSpriteP9lua_State	todo	(free function)	DeleteSprite	DeleteSprite(lua_State*)
1417306	_Z14luaopen_SpriteP9lua_State	todo	(free function)	luaopen_Sprite	luaopen_Sprite(lua_State*)
1417446	_ZL7GetSizeP9lua_State	todo	(free function)	GetSize	GetSize(lua_State*)
1417750	_ZL7GetPathP9lua_State	todo	(free function)	GetPath	GetPath(lua_State*)
1417893	_ZL7SetPathP9lua_State	todo	(free function)	SetPath	SetPath(lua_State*)
1418155	_ZL11PrintSpriteP9lua_State	todo	(free function)	PrintSprite	PrintSprite(lua_State*)
1418486	_Z12CreateSpriteP9lua_State	todo	(free function)	CreateSprite	CreateSprite(lua_State*)
1418688	_Z13CreateTSpriteP9lua_StateRK7TSprite	todo	(free function)	CreateTSprite	CreateTSprite(lua_State*, TSprite const&)
1418748	_Z11CheckSpriteP9lua_Statei	todo	(free function)	CheckSprite	CheckSprite(lua_State*, int)
1418795	_Z34ix86_override_options_after_changev_97	todo	(free function)	ix86_override_options_after_change	ix86_override_options_after_change()
1418818	_Z14luaopen_socketP9lua_State	todo	(free function)	luaopen_socket	luaopen_socket(lua_State*)
1418859	_Z18luaopen_socket_ftpP9lua_State	todo	(free function)	luaopen_socket_ftp	luaopen_socket_ftp(lua_State*)
1418901	_Z19luaopen_socket_httpP9lua_State	todo	(free function)	luaopen_socket_http	luaopen_socket_http(lua_State*)
1418943	_Z19luaopen_socket_smtpP9lua_State	todo	(free function)	luaopen_socket_smtp	luaopen_socket_smtp(lua_State*)
1418985	_Z17luaopen_socket_tpP9lua_State	todo	(free function)	luaopen_socket_tp	luaopen_socket_tp(lua_State*)
1419027	_Z18luaopen_socket_urlP9lua_State	todo	(free function)	luaopen_socket_url	luaopen_socket_url(lua_State*)
1419069	_Z16luaopen_mobdebugP9lua_State	todo	(free function)	luaopen_mobdebug	luaopen_mobdebug(lua_State*)
1419111	_Z20luaopen_socket_ltn12P9lua_State	todo	(free function)	luaopen_socket_ltn12	luaopen_socket_ltn12(lua_State*)
1419153	_Z19luaopen_socket_mimeP9lua_State	todo	(free function)	luaopen_socket_mime	luaopen_socket_mime(lua_State*)
1419195	_Z34ix86_override_options_after_changev_98	todo	(free function)	ix86_override_options_after_change	ix86_override_options_after_change()
1419217	_ZL5new_TP9lua_State	todo	(free function)	new_T	new_T(lua_State*)
1419247	_ZL6new_TTP9lua_State	todo	(free function)	new_TT	new_TT(lua_State*)
1419275	_ZL8VisObjToP9lua_State	todo	(free function)	VisObjTo	VisObjTo(lua_State*)
1419290	_ZL7GetBoolP9lua_State	todo	(free function)	GetBool	GetBool(lua_State*)
1419357	_ZL6GetStrP9lua_State	todo	(free function)	GetStr	GetStr(lua_State*)
1419424	_ZL9GetSpriteP9lua_State	todo	(free function)	GetSprite	GetSprite(lua_State*)
1419491	_ZL7GetRectP9lua_State	todo	(free function)	GetRect	GetRect(lua_State*)
1419555	_ZL8GetTextsP9lua_State	todo	(free function)	GetTexts	GetTexts(lua_State*)
1419624	_ZL10GetTextStrP9lua_State	todo	(free function)	GetTextStr	GetTextStr(lua_State*)
1419825	_ZL8GetPointP9lua_State	todo	(free function)	GetPoint	GetPoint(lua_State*)
1419889	_ZL7GetNameP9lua_State	todo	(free function)	GetName	GetName(lua_State*)
1419969	_ZL9ClearLinkP9lua_State	todo	(free function)	ClearLink	ClearLink(lua_State*)
1420030	_ZL6GetIntP9lua_State	todo	(free function)	GetInt	GetInt(lua_State*)
1420097	_ZL8GetFloatP9lua_State	todo	(free function)	GetFloat	GetFloat(lua_State*)
1420165	_ZL7IsEmptyP9lua_State	todo	(free function)	IsEmpty	IsEmpty(lua_State*)
1420222	_ZL11IsAnyObjectP9lua_State	todo	(free function)	IsAnyObject	IsAnyObject(lua_State*)
1420278	_ZL5GetIdP9lua_State	todo	(free function)	GetId	GetId(lua_State*)
1420363	_ZL22DeleteVisionaireObjectP9lua_State	todo	(free function)	DeleteVisionaireObject	DeleteVisionaireObject(lua_State*)
1420415	_ZL18EqVisionaireObjectP9lua_State	todo	(free function)	EqVisionaireObject	EqVisionaireObject(lua_State*)
1420506	_ZL7GetIntsP9lua_State	todo	(free function)	GetInts	GetInts(lua_State*)
1420608	_ZL9GetFloatsP9lua_State	todo	(free function)	GetFloats	GetFloats(lua_State*)
1420710	_ZL8GetPathsP9lua_State	todo	(free function)	GetPaths	GetPaths(lua_State*)
1420844	_ZL7SetNameP9lua_State	todo	(free function)	SetName	SetName(lua_State*)
1420965	_ZL21PrintVisionaireObjectP9lua_State	todo	(free function)	PrintVisionaireObject	PrintVisionaireObject(lua_State*)
1421263	_Z20luaopen_ExportTablesP9lua_State	todo	(free function)	luaopen_ExportTables	luaopen_ExportTables(lua_State*)
1421405	_Z24luaopen_VisionaireObjectP9lua_State	todo	(free function)	luaopen_VisionaireObject	luaopen_VisionaireObject(lua_State*)
1421701	_Z22CreateVisionaireObjectP9lua_StateP17TVisionaireObject	todo	(free function)	CreateVisionaireObject	CreateVisionaireObject(lua_State*, TVisionaireObject*)
1421833	_Z22CreateVisionaireObjectP9lua_StateRK10TVisObjRef	todo	(free function)	CreateVisionaireObject	CreateVisionaireObject(lua_State*, TVisObjRef const&)
1421855	_ZL7GetLinkP9lua_State	todo	(free function)	GetLink	GetLink(lua_State*)
1421922	_ZL9GetParentP9lua_State	todo	(free function)	GetParent	GetParent(lua_State*)
1421989	_ZL9GetObjectP9lua_State	todo	(free function)	GetObject	GetObject(lua_State*)
1422150	_Z21CheckVisionaireObjectP9lua_Stateib	todo	(free function)	CheckVisionaireObject	CheckVisionaireObject(lua_State*, int, bool)
1422210	_Z16GetObjectFromLuaR10TVisObjRefi	todo	(free function)	GetObjectFromLua	GetObjectFromLua(TVisObjRef&, int)
1422290	_ZL7GetPathP9lua_State_0	todo	(free function)	GetPath	GetPath(lua_State*)
1422468	_Z18getFieldFromStringP19LuaVisionaireObjectPKc	todo	(free function)	getFieldFromString	getFieldFromString(LuaVisionaireObject*, char const*)
1422668	_Z19CheckLuaFieldsCacheRK3TIdi	todo	(free function)	CheckLuaFieldsCache	CheckLuaFieldsCache(TId const&, int)
1422765	_Z19UnrefLuaFieldsCacheRK3TIdi	todo	(free function)	UnrefLuaFieldsCache	UnrefLuaFieldsCache(TId const&, int)
1423337	_ZL9GetPointsP9lua_State	todo	(free function)	GetPoints	GetPoints(lua_State*)
1423435	_ZL8GetRectsP9lua_State	todo	(free function)	GetRects	GetRects(lua_State*)
1423533	_ZL10GetSpritesP9lua_State	todo	(free function)	GetSprites	GetSprites(lua_State*)
1423650	_ZL13GetTableIndexP9lua_State	todo	(free function)	GetTableIndex	GetTableIndex(lua_State*)
1424152	stackDump	todo	(free function)	stackDump	stackDump
1424434	_Z14LuaObjectUnrefRK3TIdi	todo	(free function)	LuaObjectUnref	LuaObjectUnref(TId const&, int)
1424710	_Z17AddLuaFieldsCacheRK3TIdii	todo	(free function)	AddLuaFieldsCache	AddLuaFieldsCache(TId const&, int, int)
1424906	_ZL8GetLinksP9lua_State	todo	(free function)	GetLinks	GetLinks(lua_State*)
1425524	_ZL10VisObjInfoP9lua_State	todo	(free function)	VisObjInfo	VisObjInfo(lua_State*)
1426327	_ZL8GetIndexP9lua_State	todo	(free function)	GetIndex	GetIndex(lua_State*)
1426906	_ZL10SetTextStrP9lua_State	todo	(free function)	SetTextStr	SetTextStr(lua_State*)
1427187	_ZL8SetValueP9lua_State	todo	(free function)	SetValue	SetValue(lua_State*)
1428042	_ZL8SetIndexP9lua_State	todo	(free function)	SetIndex	SetIndex(lua_State*)
1428271	_ZL7DoStackP9lua_State	todo	(free function)	DoStack	DoStack(lua_State*)
1428982	_ZN7HashMapI3TIdPSt6vectorISt4pairIiiESaIS3_EE7TIdHashED2Ev	todo	HashMap<TId, std::vector<std::pair<int, int>, std::allocator<std::pair<int, int> > >*, TIdHash>	~HashMap	HashMap<TId, std::vector<std::pair<int, int>, std::allocator<std::pair<int, int> > >*, TIdHash>::~HashMap()
1429054	_ZN7HashMapIxP13StringHashMapISsiPKc10StringHashIS2_EE11IntegerHashIiEED2Ev	todo	HashMap<long long, StringHashMap<std::basic_string<char, std::char_traits<char>, std::allocator<char> >, int, char const*, StringHash<char const*> >*, IntegerHash<int> >	~HashMap	HashMap<long long, StringHashMap<std::basic_string<char, std::char_traits<char>, std::allocator<char> >, int, char const*, StringHash<char const*> >*, IntegerHash<int> >::~HashMap()
1429756	_GLOBAL__sub_I_lua_functions	todo	(free function)	_GLOBAL__sub_I_lua_functions	_GLOBAL__sub_I_lua_functions
1429970	_ZN10CmdGetTime4RedoEv	todo	CmdGetTime	Redo	CmdGetTime::Redo()
1430038	_ZN12CmdGetObject4RedoEv	todo	CmdGetObject	Redo	CmdGetObject::Redo()
1430081	_ZN12CmdGetObject2DoEv	todo	CmdGetObject	Do	CmdGetObject::Do()
1430149	_ZN10CmdGetTime2DoEv	todo	CmdGetTime	Do	CmdGetTime::Do()
1430740	_Z22CmdGetObject_GetSyntaxR10TArgSyntax	todo	(free function)	CmdGetObject_GetSyntax	CmdGetObject_GetSyntax(TArgSyntax&)
1430860	_Z20CmdGetTime_GetSyntaxR10TArgSyntax	todo	(free function)	CmdGetTime_GetSyntax	CmdGetTime_GetSyntax(TArgSyntax&)
1431096	_Z21Register_CmdGetObjectv	todo	(free function)	Register_CmdGetObject	Register_CmdGetObject()
1431288	_Z19Register_CmdGetTimev	todo	(free function)	Register_CmdGetTime	Register_CmdGetTime()
1431480	_Z18InitCommonCommandsv	todo	(free function)	InitCommonCommands	InitCommonCommands()
1431498	_ZN12CmdGetObjectD0Ev	todo	CmdGetObject	~CmdGetObject	CmdGetObject::~CmdGetObject()
1431692	_ZN12CmdGetObjectD2Ev	todo	CmdGetObject	~CmdGetObject	CmdGetObject::~CmdGetObject()
1431885	_ZN10CmdGetTimeD0Ev	todo	CmdGetTime	~CmdGetTime	CmdGetTime::~CmdGetTime()
1432060	_ZN10CmdGetTimeD2Ev	todo	CmdGetTime	~CmdGetTime	CmdGetTime::~CmdGetTime()
1432234	_Z34ix86_override_options_after_changev_99	todo	(free function)	ix86_override_options_after_change	ix86_override_options_after_change()
1432257	_Z15IsPointArgumenti	todo	(free function)	IsPointArgument	IsPointArgument(int)
1432314	_Z14IsRectArgumenti	todo	(free function)	IsRectArgument	IsRectArgument(int)
1432404	_Z16IsSpriteArgumenti	todo	(free function)	IsSpriteArgument	IsSpriteArgument(int)
1432444	_Z14IsTextArgumenti	todo	(free function)	IsTextArgument	IsTextArgument(int)
1432485	_Z15GetArgumentTypei	todo	(free function)	GetArgumentType	GetArgumentType(int)
1432697	_ZN10TArgParser5ClearEv	todo	TArgParser	Clear	TArgParser::Clear()
1432884	_ZNK10TArgParser16FindFlagArgumentE8wxString	todo	TArgParser	FindFlagArgument	TArgParser::FindFlagArgument(wxString) const
1433034	_ZNK10TArgParser6IsEditEv	todo	TArgParser	IsEdit	TArgParser::IsEdit() const
1433113	_ZNK10TArgParser11GetFlagNameEmR8wxString	todo	TArgParser	GetFlagName	TArgParser::GetFlagName(unsigned long, wxString&) const
1433270	_ZNK10TArgParser15GetFlagArgumentERK8wxStringPPK9TArgument	todo	TArgParser	GetFlagArgument	TArgParser::GetFlagArgument(wxString const&, TArgument const**) const
1433362	_ZNK10TArgParser11GetArgumentEmPPK9TArgument	todo	TArgParser	GetArgument	TArgParser::GetArgument(unsigned long, TArgument const**) const
1433399	_Z15IsArgumentFlagsi	todo	(free function)	IsArgumentFlags	IsArgumentFlags(int)
1433460	_Z22ConvertArgumentFromLuaR9TArgument8TArgTypei	todo	(free function)	ConvertArgumentFromLua	ConvertArgumentFromLua(TArgument&, TArgType, int)
1434417	_ZN10TArgParser14ParseArgumentsERK10TArgSyntax	todo	TArgParser	ParseArguments	TArgParser::ParseArguments(TArgSyntax const&)
1435470	_Z34ix86_override_options_after_changev_100	todo	(free function)	ix86_override_options_after_change	ix86_override_options_after_change()
1435493	_ZN9TArgumentC2Ev	todo	TArgument	TArgument	TArgument::TArgument()
1435509	_ZN9TArgument5ClearEv	todo	TArgument	Clear	TArgument::Clear()
1435737	_ZN9TArgumentD2Ev	todo	TArgument	~TArgument	TArgument::~TArgument()
1435752	_ZN9TArgument7SetTypeE8TArgType	todo	TArgument	SetType	TArgument::SetType(TArgType)
1435847	_ZN9TArgument3SetEb	todo	TArgument	Set	TArgument::Set(bool)
1435877	_ZN9TArgument3SetEi	todo	TArgument	Set	TArgument::Set(int)
1435905	_ZN9TArgument3SetEd	todo	TArgument	Set	TArgument::Set(double)
1435933	_ZN9TArgument3SetERK7wxPoint	todo	TArgument	Set	TArgument::Set(wxPoint const&)
1435966	_ZN9TArgument3SetERK6wxRect	todo	TArgument	Set	TArgument::Set(wxRect const&)
1436003	_ZN9TArgument3SetERK8wxString	todo	TArgument	Set	TArgument::Set(wxString const&)
1436054	_ZN9TArgument7SetPathERK8wxString	todo	TArgument	SetPath	TArgument::SetPath(wxString const&)
1436173	_ZN9TArgument3SetERK7TSprite	todo	TArgument	Set	TArgument::Set(TSprite const&)
1436221	_ZN9TArgument3SetERK13TTextLanguage	todo	TArgument	Set	TArgument::Set(TTextLanguage const&)
1436285	_ZN9TArgument3SetERK10TVisObjRef	todo	TArgument	Set	TArgument::Set(TVisObjRef const&)
1436334	_ZN9TArgument3SetEP17TVisionaireObject	todo	TArgument	Set	TArgument::Set(TVisionaireObject*)
1436383	_ZN9TArgument3SetERK6TVList	todo	TArgument	Set	TArgument::Set(TVList const&)
1436427	_ZN9TArgument3AddERK10TVisObjRef	todo	TArgument	Add	TArgument::Add(TVisObjRef const&)
1436476	_ZNK9TArgument7GetBoolEv	todo	TArgument	GetBool	TArgument::GetBool() const
1436500	_ZNK9TArgument6GetIntEv	todo	TArgument	GetInt	TArgument::GetInt() const
1436524	_ZNK9TArgument8GetFloatEv	todo	TArgument	GetFloat	TArgument::GetFloat() const
1436549	_ZNK9TArgument8GetPointEv	todo	TArgument	GetPoint	TArgument::GetPoint() const
1436601	_ZNK9TArgument7GetRectEv	todo	TArgument	GetRect	TArgument::GetRect() const
1436653	_ZNK9TArgument9GetStringEv	todo	TArgument	GetString	TArgument::GetString() const
1436705	_ZNK9TArgument7GetPathEv	todo	TArgument	GetPath	TArgument::GetPath() const
1436757	_ZNK9TArgument9GetSpriteEv	todo	TArgument	GetSprite	TArgument::GetSprite() const
1436818	_ZNK9TArgument7GetTextEv	todo	TArgument	GetText	TArgument::GetText() const
1436892	_ZNK9TArgument9GetObjectEv	todo	TArgument	GetObject	TArgument::GetObject() const
1436927	_ZNK9TArgument10GetIntListEv	todo	TArgument	GetIntList	TArgument::GetIntList() const
1436982	_ZNK9TArgument12GetFloatListEv	todo	TArgument	GetFloatList	TArgument::GetFloatList() const
1437038	_ZNK9TArgument12GetPointListEv	todo	TArgument	GetPointList	TArgument::GetPointList() const
1437093	_ZNK9TArgument11GetRectListEv	todo	TArgument	GetRectList	TArgument::GetRectList() const
1437146	_ZNK9TArgument13GetStringListEv	todo	TArgument	GetStringList	TArgument::GetStringList() const
1437201	_ZNK9TArgument11GetPathListEv	todo	TArgument	GetPathList	TArgument::GetPathList() const
1437254	_ZNK9TArgument13GetSpriteListEv	todo	TArgument	GetSpriteList	TArgument::GetSpriteList() const
1437308	_ZNK9TArgument11GetTextListEv	todo	TArgument	GetTextList	TArgument::GetTextList() const
1437361	_ZNK9TArgument13GetObjectListEv	todo	TArgument	GetObjectList	TArgument::GetObjectList() const
1437415	_ZN9TArgument12ConvertToIntEv	todo	TArgument	ConvertToInt	TArgument::ConvertToInt()
1437442	_ZN9TArgument15ConvertToObjectEv	todo	TArgument	ConvertToObject	TArgument::ConvertToObject()
1437673	_ZN9TArgument19ConvertToObjectListEv	todo	TArgument	ConvertToObjectList	TArgument::ConvertToObjectList()
1437922	_ZNK9TArgument5ToLuaEv	todo	TArgument	ToLua	TArgument::ToLua() const
1438163	_ZN9TArgument3SetERKSt6vectorIiSaIiEE	todo	TArgument	Set	TArgument::Set(std::vector<int, std::allocator<int> > const&)
1438208	_ZN9TArgument3SetERKSt6vectorIfSaIfEE	todo	TArgument	Set	TArgument::Set(std::vector<float, std::allocator<float> > const&)
1438253	_ZN9TArgument3SetERKSt6vectorI7wxPointSaIS1_EE	todo	TArgument	Set	TArgument::Set(std::vector<wxPoint, std::allocator<wxPoint> > const&)
1438298	_ZN9TArgument3SetERKSt6vectorI6wxRectSaIS1_EE	todo	TArgument	Set	TArgument::Set(std::vector<wxRect, std::allocator<wxRect> > const&)
1438343	_ZN9TArgument3SetERKSt6vectorI7TSpriteSaIS1_EE	todo	TArgument	Set	TArgument::Set(std::vector<TSprite, std::allocator<TSprite> > const&)
1438388	_ZN9TArgument3AddEi	todo	TArgument	Add	TArgument::Add(int)
1438450	_ZN9TArgument3AddEf	todo	TArgument	Add	TArgument::Add(float)
1438510	_ZN9TArgument3AddERK7wxPoint	todo	TArgument	Add	TArgument::Add(wxPoint const&)
1438573	_ZN9TArgument3AddERK6wxRect	todo	TArgument	Add	TArgument::Add(wxRect const&)
1438636	_ZN9TArgument3AddERK7TSprite	todo	TArgument	Add	TArgument::Add(TSprite const&)
1438702	_ZN9TArgument16ConvertToIntListEv	todo	TArgument	ConvertToIntList	TArgument::ConvertToIntList()
1438888	_ZN9TArgument8SetPathsERKSt6vectorI11TCharHolderSaIS1_EE	todo	TArgument	SetPaths	TArgument::SetPaths(std::vector<TCharHolder, std::allocator<TCharHolder> > const&)
1438933	_ZN9TArgument3SetERKSt6vectorI11TCharHolderSaIS1_EE	todo	TArgument	Set	TArgument::Set(std::vector<TCharHolder, std::allocator<TCharHolder> > const&)
1438978	_ZN9TArgument3AddERK8wxString	todo	TArgument	Add	TArgument::Add(wxString const&)
1439073	_ZN9TArgument7AddPathERK8wxString	todo	TArgument	AddPath	TArgument::AddPath(wxString const&)
1439296	_ZN9TArgument3SetERKSt6vectorI13TTextLanguageSaIS1_EE	todo	TArgument	Set	TArgument::Set(std::vector<TTextLanguage, std::allocator<TTextLanguage> > const&)
1439341	_ZNK9TArgument6CopyToERS_	todo	TArgument	CopyTo	TArgument::CopyTo(TArgument&) const
1439911	_Z34ix86_override_options_after_changev_101	todo	(free function)	ix86_override_options_after_change	ix86_override_options_after_change()
1439934	_ZN16TCommandPtrArray8RemoveAtEi	todo	TCommandPtrArray	RemoveAt	TCommandPtrArray::RemoveAt(int)
1439979	_ZNK16TCommandPtrArray7IsEmptyEv	todo	TCommandPtrArray	IsEmpty	TCommandPtrArray::IsEmpty() const
1439997	_ZNK16TCommandPtrArray4ItemEi	todo	TCommandPtrArray	Item	TCommandPtrArray::Item(int) const
1440025	_ZN16TCommandPtrArray4ItemEi	todo	TCommandPtrArray	Item	TCommandPtrArray::Item(int)
1440053	_ZN16TCommandPtrArray5ClearEv	todo	TCommandPtrArray	Clear	TCommandPtrArray::Clear()
1440069	_ZNK16TCommandPtrArray8GetCountEv	todo	TCommandPtrArray	GetCount	TCommandPtrArray::GetCount() const
1440087	_Z12InitCommandsP15TVisionaireGameRK8wxStringS1_S1_	todo	(free function)	InitCommands	InitCommands(TVisionaireGame*, wxString const&, wxString, wxString)
1440145	_ZN13TCommandQueue13DeleteCommandEm	todo	TCommandQueue	DeleteCommand	TCommandQueue::DeleteCommand(unsigned long)
1440228	_ZN13TCommandQueue12DeleteUndoneEv	todo	TCommandQueue	DeleteUndone	TCommandQueue::DeleteUndone()
1440310	_ZNK13TCommandQueue18GetFirstCmdOfGroupEv	todo	TCommandQueue	GetFirstCmdOfGroup	TCommandQueue::GetFirstCmdOfGroup() const
1440377	_ZN13TCommandQueueC2Ev	todo	TCommandQueue	TCommandQueue	TCommandQueue::TCommandQueue()
1440396	_ZN13TCommandQueueD2Ev	todo	TCommandQueue	~TCommandQueue	TCommandQueue::~TCommandQueue()
1440476	_ZN13TCommandQueue5ClearEv	todo	TCommandQueue	Clear	TCommandQueue::Clear()
1440534	_ZN13TCommandQueue4UndoEv	todo	TCommandQueue	Undo	TCommandQueue::Undo()
1440661	_ZN13TCommandQueue4RedoEv	todo	TCommandQueue	Redo	TCommandQueue::Redo()
1440789	_ZNK13TCommandQueue11GetAsStringEm	todo	TCommandQueue	GetAsString	TCommandQueue::GetAsString(unsigned long) const
1440889	_Z15RegisterCommandRK8wxStringP10TArgSyntax	todo	(free function)	RegisterCommand	RegisterCommand(wxString const&, TArgSyntax*)
1441247	_Z18UnregisterCommandsv	todo	(free function)	UnregisterCommands	UnregisterCommands()
1441423	_Z13CloseCommandsv	todo	(free function)	CloseCommands	CloseCommands()
1441506	_Z14ExecuteCommandRK8wxStringPPK9TArgumentN8TCommand15GroupMarkerTypeES1_	todo	(free function)	ExecuteCommand	ExecuteCommand(wxString const&, TArgument const**, TCommand::GroupMarkerType, wxString const&)
1441751	_Z19CloseOpenedCmdGroupv	todo	(free function)	CloseOpenedCmdGroup	CloseOpenedCmdGroup()
1441881	_ZN13TCommandQueue10AddCommandEP8TCommand	todo	TCommandQueue	AddCommand	TCommandQueue::AddCommand(TCommand*)
1441953	_ZN15pattern_matcher8AddGroupEP13pattern_group_0	todo	pattern_matcher	AddGroup	pattern_matcher::AddGroup(pattern_group*)
1442000	_ZN13StringHashMapISsP10TArgSyntaxPKc10StringHashIS3_EED2Ev	todo	StringHashMap<std::basic_string<char, std::char_traits<char>, std::allocator<char> >, TArgSyntax*, char const*, StringHash<char const*> >	~StringHashMap	StringHashMap<std::basic_string<char, std::char_traits<char>, std::allocator<char> >, TArgSyntax*, char const*, StringHash<char const*> >::~StringHashMap()
1442092	_ZN16TCommandPtrArrayD2Ev	todo	TCommandPtrArray	~TCommandPtrArray	TCommandPtrArray::~TCommandPtrArray()
1442215	_GLOBAL__sub_I__ZN16TCommandPtrArray3AddEP8TCommand	todo	(free function)	_GLOBAL__sub_I__ZN16TCommandPtrArray3AddEP8TCommand	_GLOBAL__sub_I__ZN16TCommandPtrArray3AddEP8TCommand
1442308	_Z15particles_indexP9lua_State	todo	(free function)	particles_index	particles_index(lua_State*)
1442381	_Z16particles_updateP9lua_State	todo	(free function)	particles_update	particles_update(lua_State*)
1442415	_Z12particles_gcP9lua_State	todo	(free function)	particles_gc	particles_gc(lua_State*)
1442455	_Z14particles_drawP9lua_State	todo	(free function)	particles_draw	particles_draw(lua_State*)
1442478	_Z20particles_updatedrawP9lua_State	todo	(free function)	particles_updatedraw	particles_updatedraw(lua_State*)
1442517	_Z17luaopen_ParticlesP9lua_State	todo	(free function)	luaopen_Particles	luaopen_Particles(lua_State*)
1442567	_Z21particles_updateValueP9lua_StateR17ParticleContainerPKci	todo	(free function)	particles_updateValue	particles_updateValue(lua_State*, ParticleContainer&, char const*, int)
1443409	_Z18particles_newindexP9lua_State	todo	(free function)	particles_newindex	particles_newindex(lua_State*)
1443450	_Z13particles_newP9lua_State	todo	(free function)	particles_new	particles_new(lua_State*)
1445275	_ZN15MaxRectsBinPackD2Ev	todo	MaxRectsBinPack	~MaxRectsBinPack	MaxRectsBinPack::~MaxRectsBinPack()
1445612	_Z34ix86_override_options_after_changev_102	todo	(free function)	ix86_override_options_after_change	ix86_override_options_after_change()
1445635	_ZN12TTActionPart6OnInitEP17TVisionaireObject	todo	TTActionPart	OnInit	TTActionPart::OnInit(TVisionaireObject*)
1445651	_ZN12TTActionPart8OnCreateEP17TVisionaireObject	todo	TTActionPart	OnCreate	TTActionPart::OnCreate(TVisionaireObject*)
1445688	_ZN12TTActionPartC2Ev	todo	TTActionPart	TTActionPart	TTActionPart::TTActionPart()
1445703	_ZN12TTActionPartC2ERK10TVisObjRef	todo	TTActionPart	TTActionPart	TTActionPart::TTActionPart(TVisObjRef const&)
1445719	_ZN12TTActionPart12GetTypeGroupEv	todo	TTActionPart	GetTypeGroup	TTActionPart::GetTypeGroup()
1445736	_ZN12TTActionPart8InitTypeEii	todo	TTActionPart	InitType	TTActionPart::InitType(int, int)
1445928	_ZNK12TTActionPart13MakeDescrLinkE8wxStringS0_	todo	TTActionPart	MakeDescrLink	TTActionPart::MakeDescrLink(wxString, wxString) const
1446085	_ZN12TTActionPart13GetNameInListEPK17TVisionaireObject	todo	TTActionPart	GetNameInList	TTActionPart::GetNameInList(TVisionaireObject const*)
1446509	_ZN12TTActionPart7SetNameEv	todo	TTActionPart	SetName	TTActionPart::SetName()
1446587	_ZNK12TTActionPart13MakeDescrPathE8wxString	todo	TTActionPart	MakeDescrPath	TTActionPart::MakeDescrPath(wxString) const
1446716	_ZN12TTActionPart14IsIFActionPartE8eCommand	todo	TTActionPart	IsIFActionPart	TTActionPart::IsIFActionPart(eCommand)
1446762	_ZN12TTActionPart16HasSoundControlsE8eCommand	todo	TTActionPart	HasSoundControls	TTActionPart::HasSoundControls(eCommand)
1446790	_ZN12TTActionPart9SetStringE8eCommandRK8wxString	todo	TTActionPart	SetString	TTActionPart::SetString(eCommand, wxString const&)
1446890	_GLOBAL__sub_I__ZN12TTActionPart7StringsE	todo	(free function)	_GLOBAL__sub_I__ZN12TTActionPart7StringsE	_GLOBAL__sub_I__ZN12TTActionPart7StringsE
1446937	_ZN7TTScene6OnInitEP17TVisionaireObject	todo	TTScene	OnInit	TTScene::OnInit(TVisionaireObject*)
1446962	_ZN7TTScene8OnCreateEP17TVisionaireObject	todo	TTScene	OnCreate	TTScene::OnCreate(TVisionaireObject*)
1447030	_ZN7TTSceneC2Ev	todo	TTScene	TTScene	TTScene::TTScene()
1447045	_ZN7TTSceneC2ERK10TVisObjRef	todo	TTScene	TTScene	TTScene::TTScene(TVisObjRef const&)
1447061	_ZN7TTScene12GetTypeGroupEv	todo	TTScene	GetTypeGroup	TTScene::GetTypeGroup()
1447077	_ZN7TTScene8InitTypeEii	todo	TTScene	InitType	TTScene::InitType(int, int)
1447687	_ZN7TTScene14GetLoadingRectEv	todo	TTScene	GetLoadingRect	TTScene::GetLoadingRect()
1447784	_ZNK7TTScene15GetNameLanguageEv	todo	TTScene	GetNameLanguage	TTScene::GetNameLanguage() const
1447916	_ZNK7TTScene16GetSoundsOnSceneERSt6vectorI11TCharHolderSaIS1_EE	todo	TTScene	GetSoundsOnScene	TTScene::GetSoundsOnScene(std::vector<TCharHolder, std::allocator<TCharHolder> >&) const
1448630	_ZN7TTScene11PrintScenesERSt4listI8wxStringSaIS1_EER15TVisionaireGame	todo	TTScene	PrintScenes	TTScene::PrintScenes(std::list<wxString, std::allocator<wxString> >&, TVisionaireGame&)
1449438	_GLOBAL__sub_I__ZN7TTSceneC2Ev	todo	(free function)	_GLOBAL__sub_I__ZN7TTSceneC2Ev	_GLOBAL__sub_I__ZN7TTSceneC2Ev
1449478	_ZN14TTTextLanguage8OnCreateEP17TVisionaireObject	todo	TTTextLanguage	OnCreate	TTTextLanguage::OnCreate(TVisionaireObject*)
1449494	_ZN14TTTextLanguage6OnInitEP17TVisionaireObject	todo	TTTextLanguage	OnInit	TTTextLanguage::OnInit(TVisionaireObject*)
1449510	_ZN14TTTextLanguageC2Ev	todo	TTTextLanguage	TTTextLanguage	TTTextLanguage::TTTextLanguage()
1449525	_ZN14TTTextLanguageC2ERK10TVisObjRef	todo	TTTextLanguage	TTTextLanguage	TTTextLanguage::TTTextLanguage(TVisObjRef const&)
1449541	_ZN14TTTextLanguage12GetTypeGroupEv	todo	TTTextLanguage	GetTypeGroup	TTTextLanguage::GetTypeGroup()
1449558	_ZN14TTTextLanguage8InitTypeEii	todo	TTTextLanguage	InitType	TTTextLanguage::InitType(int, int)
1449646	_GLOBAL__sub_I__ZN14TTTextLanguageC2Ev	todo	(free function)	_GLOBAL__sub_I__ZN14TTTextLanguageC2Ev	_GLOBAL__sub_I__ZN14TTTextLanguageC2Ev
1449686	_ZN11TTCondition6OnInitEP17TVisionaireObject	todo	TTCondition	OnInit	TTCondition::OnInit(TVisionaireObject*)
1449702	_ZN11TTCondition8OnCreateEP17TVisionaireObject	todo	TTCondition	OnCreate	TTCondition::OnCreate(TVisionaireObject*)
1449729	_ZN11TTConditionC2Ev	todo	TTCondition	TTCondition	TTCondition::TTCondition()
1449744	_ZN11TTConditionC2ERK10TVisObjRef	todo	TTCondition	TTCondition	TTCondition::TTCondition(TVisObjRef const&)
1449760	_ZN11TTCondition12GetTypeGroupEv	todo	TTCondition	GetTypeGroup	TTCondition::GetTypeGroup()
1449777	_ZN11TTCondition8InitTypeEii	todo	TTCondition	InitType	TTCondition::InitType(int, int)
1449977	_ZNK11TTCondition6IsTrueER6TVList	todo	TTCondition	IsTrue	TTCondition::IsTrue(TVList&) const
1450604	_ZNK11TTCondition6IsTrueEv	todo	TTCondition	IsTrue	TTCondition::IsTrue() const
1450648	_ZN11TTCondition5SetToEb	todo	TTCondition	SetTo	TTCondition::SetTo(bool)
1450703	_ZN11TTCondition15PrintConditionsERSt4listI8wxStringSaIS1_EER15TVisionaireGame	todo	TTCondition	PrintConditions	TTCondition::PrintConditions(std::list<wxString, std::allocator<wxString> >&, TVisionaireGame&)
1451243	_GLOBAL__sub_I__ZN11TTConditionC2Ev	todo	(free function)	_GLOBAL__sub_I__ZN11TTConditionC2Ev	_GLOBAL__sub_I__ZN11TTConditionC2Ev
1451276	_ZN10TTLanguage8OnCreateEP17TVisionaireObject	todo	TTLanguage	OnCreate	TTLanguage::OnCreate(TVisionaireObject*)
1451292	_ZN10TTLanguage6OnInitEP17TVisionaireObject	todo	TTLanguage	OnInit	TTLanguage::OnInit(TVisionaireObject*)
1451308	_ZN10TTLanguageC2Ev	todo	TTLanguage	TTLanguage	TTLanguage::TTLanguage()
1451323	_ZN10TTLanguageC2ERK10TVisObjRef	todo	TTLanguage	TTLanguage	TTLanguage::TTLanguage(TVisObjRef const&)
1451339	_ZN10TTLanguage12GetTypeGroupEv	todo	TTLanguage	GetTypeGroup	TTLanguage::GetTypeGroup()
1451356	_ZN10TTLanguage8InitTypeEii	todo	TTLanguage	InitType	TTLanguage::InitType(int, int)
1451380	_GLOBAL__sub_I__ZN10TTLanguageC2Ev	todo	(free function)	_GLOBAL__sub_I__ZN10TTLanguageC2Ev	_GLOBAL__sub_I__ZN10TTLanguageC2Ev
1451420	_ZN8TTDialog8OnCreateEP17TVisionaireObject	todo	TTDialog	OnCreate	TTDialog::OnCreate(TVisionaireObject*)
1451436	_ZN8TTDialog6OnInitEP17TVisionaireObject	todo	TTDialog	OnInit	TTDialog::OnInit(TVisionaireObject*)
1451452	_ZN8TTDialogC2Ev	todo	TTDialog	TTDialog	TTDialog::TTDialog()
1451467	_ZN8TTDialogC2ERK10TVisObjRef	todo	TTDialog	TTDialog	TTDialog::TTDialog(TVisObjRef const&)
1451482	_ZN8TTDialog12GetTypeGroupEv	todo	TTDialog	GetTypeGroup	TTDialog::GetTypeGroup()
1451498	_ZN8TTDialog8InitTypeEii	todo	TTDialog	InitType	TTDialog::InitType(int, int)
1451566	_GLOBAL__sub_I__ZN8TTDialogC2Ev	todo	(free function)	_GLOBAL__sub_I__ZN8TTDialogC2Ev	_GLOBAL__sub_I__ZN8TTDialogC2Ev
1451606	_ZN6TTFont6OnInitEP17TVisionaireObject	todo	TTFont	OnInit	TTFont::OnInit(TVisionaireObject*)
1451622	_ZN6TTFont8OnCreateEP17TVisionaireObject	todo	TTFont	OnCreate	TTFont::OnCreate(TVisionaireObject*)
1451793	_ZN6TTFontC2Ev	todo	TTFont	TTFont	TTFont::TTFont()
1451808	_ZN6TTFontC2ERK10TVisObjRef	todo	TTFont	TTFont	TTFont::TTFont(TVisObjRef const&)
1451823	_ZN6TTFont12GetTypeGroupEv	todo	TTFont	GetTypeGroup	TTFont::GetTypeGroup()
1451839	_ZN6TTFont8InitTypeEii	todo	TTFont	InitType	TTFont::InitType(int, int)
1452246	_GLOBAL__sub_I__ZN6TTFontC2Ev	todo	(free function)	_GLOBAL__sub_I__ZN6TTFontC2Ev	_GLOBAL__sub_I__ZN6TTFontC2Ev
1452285	_ZN16TTAnimationFrame6OnInitEP17TVisionaireObject	todo	TTAnimationFrame	OnInit	TTAnimationFrame::OnInit(TVisionaireObject*)
1452301	_ZN16TTAnimationFrame8OnCreateEP17TVisionaireObject	todo	TTAnimationFrame	OnCreate	TTAnimationFrame::OnCreate(TVisionaireObject*)
1452328	_ZN16TTAnimationFrameC2Ev	todo	TTAnimationFrame	TTAnimationFrame	TTAnimationFrame::TTAnimationFrame()
1452343	_ZN16TTAnimationFrameC2ERK10TVisObjRef	todo	TTAnimationFrame	TTAnimationFrame	TTAnimationFrame::TTAnimationFrame(TVisObjRef const&)
1452359	_ZN16TTAnimationFrame12GetTypeGroupEv	todo	TTAnimationFrame	GetTypeGroup	TTAnimationFrame::GetTypeGroup()
1452376	_ZN16TTAnimationFrame8InitTypeEii	todo	TTAnimationFrame	InitType	TTAnimationFrame::InitType(int, int)
1452502	_GLOBAL__sub_I__ZN16TTAnimationFrameC2Ev	todo	(free function)	_GLOBAL__sub_I__ZN16TTAnimationFrameC2Ev	_GLOBAL__sub_I__ZN16TTAnimationFrameC2Ev
1452542	_ZN11TTWaySystem8OnCreateEP17TVisionaireObject	todo	TTWaySystem	OnCreate	TTWaySystem::OnCreate(TVisionaireObject*)
1452558	_ZN11TTWaySystem6OnInitEP17TVisionaireObject	todo	TTWaySystem	OnInit	TTWaySystem::OnInit(TVisionaireObject*)
1452574	_ZN11TTWaySystemC2Ev	todo	TTWaySystem	TTWaySystem	TTWaySystem::TTWaySystem()
1452589	_ZN11TTWaySystemC2ERK10TVisObjRef	todo	TTWaySystem	TTWaySystem	TTWaySystem::TTWaySystem(TVisObjRef const&)
1452605	_ZN11TTWaySystem12GetTypeGroupEv	todo	TTWaySystem	GetTypeGroup	TTWaySystem::GetTypeGroup()
1452622	_ZN11TTWaySystem8InitTypeEii	todo	TTWaySystem	InitType	TTWaySystem::InitType(int, int)
1452690	_GLOBAL__sub_I__ZN11TTWaySystemC2Ev	todo	(free function)	_GLOBAL__sub_I__ZN11TTWaySystemC2Ev	_GLOBAL__sub_I__ZN11TTWaySystemC2Ev
1452730	_ZN7TTPoint8OnCreateEP17TVisionaireObject	todo	TTPoint	OnCreate	TTPoint::OnCreate(TVisionaireObject*)
1452746	_ZN7TTPoint6OnInitEP17TVisionaireObject	todo	TTPoint	OnInit	TTPoint::OnInit(TVisionaireObject*)
1452762	_ZN7TTPointC2Ev	todo	TTPoint	TTPoint	TTPoint::TTPoint()
1452777	_ZN7TTPointC2ERK10TVisObjRef	todo	TTPoint	TTPoint	TTPoint::TTPoint(TVisObjRef const&)
1452792	_ZN7TTPoint12GetTypeGroupEv	todo	TTPoint	GetTypeGroup	TTPoint::GetTypeGroup()
1452808	_ZN7TTPoint8InitTypeEii	todo	TTPoint	InitType	TTPoint::InitType(int, int)
1452896	_GLOBAL__sub_I__ZN7TTPointC2Ev	todo	(free function)	_GLOBAL__sub_I__ZN7TTPointC2Ev	_GLOBAL__sub_I__ZN7TTPointC2Ev
1452936	_ZN10TTAudioBus8OnCreateEP17TVisionaireObject	todo	TTAudioBus	OnCreate	TTAudioBus::OnCreate(TVisionaireObject*)
1452952	_ZN10TTAudioBus6OnInitEP17TVisionaireObject	todo	TTAudioBus	OnInit	TTAudioBus::OnInit(TVisionaireObject*)
1452968	_ZN10TTAudioBusC2Ev	todo	TTAudioBus	TTAudioBus	TTAudioBus::TTAudioBus()
1452983	_ZN10TTAudioBusC2ERK10TVisObjRef	todo	TTAudioBus	TTAudioBus	TTAudioBus::TTAudioBus(TVisObjRef const&)
1452999	_ZN10TTAudioBus12GetTypeGroupEv	todo	TTAudioBus	GetTypeGroup	TTAudioBus::GetTypeGroup()
1453016	_ZN10TTAudioBus8InitTypeEii	todo	TTAudioBus	InitType	TTAudioBus::InitType(int, int)
1453141	_GLOBAL__sub_I__ZN10TTAudioBusC2Ev	todo	(free function)	_GLOBAL__sub_I__ZN10TTAudioBusC2Ev	_GLOBAL__sub_I__ZN10TTAudioBusC2Ev
1453174	_ZN16TTScriptVariable8OnCreateEP17TVisionaireObject	todo	TTScriptVariable	OnCreate	TTScriptVariable::OnCreate(TVisionaireObject*)
1453190	_ZN16TTScriptVariable6OnInitEP17TVisionaireObject	todo	TTScriptVariable	OnInit	TTScriptVariable::OnInit(TVisionaireObject*)
1453206	_ZN16TTScriptVariableC2Ev	todo	TTScriptVariable	TTScriptVariable	TTScriptVariable::TTScriptVariable()
1453221	_ZN16TTScriptVariableC2ERK10TVisObjRef	todo	TTScriptVariable	TTScriptVariable	TTScriptVariable::TTScriptVariable(TVisObjRef const&)
1453237	_ZN16TTScriptVariable12GetTypeGroupEv	todo	TTScriptVariable	GetTypeGroup	TTScriptVariable::GetTypeGroup()
1453254	_ZN16TTScriptVariable8InitTypeEii	todo	TTScriptVariable	InitType	TTScriptVariable::InitType(int, int)
1453403	_GLOBAL__sub_I__ZN16TTScriptVariableC2Ev	todo	(free function)	_GLOBAL__sub_I__ZN16TTScriptVariableC2Ev	_GLOBAL__sub_I__ZN16TTScriptVariableC2Ev
1453443	_ZN8TTSprite8OnCreateEP17TVisionaireObject	todo	TTSprite	OnCreate	TTSprite::OnCreate(TVisionaireObject*)
1453459	_ZN8TTSprite6OnInitEP17TVisionaireObject	todo	TTSprite	OnInit	TTSprite::OnInit(TVisionaireObject*)
1453475	_ZN8TTSpriteC2Ev	todo	TTSprite	TTSprite	TTSprite::TTSprite()
1453490	_ZN8TTSpriteC2ERK10TVisObjRef	todo	TTSprite	TTSprite	TTSprite::TTSprite(TVisObjRef const&)
1453505	_ZN8TTSprite12GetTypeGroupEv	todo	TTSprite	GetTypeGroup	TTSprite::GetTypeGroup()
1453521	_ZN8TTSprite8InitTypeEii	todo	TTSprite	InitType	TTSprite::InitType(int, int)
1453570	_ZN8TTSprite11SetPositionERK7wxPoint	todo	TTSprite	SetPosition	TTSprite::SetPosition(wxPoint const&)
1453616	_GLOBAL__sub_I__ZN8TTSpriteC2Ev	todo	(free function)	_GLOBAL__sub_I__ZN8TTSpriteC2Ev	_GLOBAL__sub_I__ZN8TTSpriteC2Ev
1453656	_ZN7TTModel8OnCreateEP17TVisionaireObject	todo	TTModel	OnCreate	TTModel::OnCreate(TVisionaireObject*)
1453672	_ZN7TTModel6OnInitEP17TVisionaireObject	todo	TTModel	OnInit	TTModel::OnInit(TVisionaireObject*)
1453688	_ZN7TTModelC2Ev	todo	TTModel	TTModel	TTModel::TTModel()
1453703	_ZN7TTModelC2ERK10TVisObjRef	todo	TTModel	TTModel	TTModel::TTModel(TVisObjRef const&)
1453718	_ZN7TTModel12GetTypeGroupEv	todo	TTModel	GetTypeGroup	TTModel::GetTypeGroup()
1453734	_ZN7TTModel8InitTypeEii	todo	TTModel	InitType	TTModel::InitType(int, int)
1453801	_GLOBAL__sub_I__ZN7TTModelC2Ev	todo	(free function)	_GLOBAL__sub_I__ZN7TTModelC2Ev	_GLOBAL__sub_I__ZN7TTModelC2Ev
1453841	_ZN8TTShader6OnInitEP17TVisionaireObject	todo	TTShader	OnInit	TTShader::OnInit(TVisionaireObject*)
1453857	_ZN8TTShader8OnCreateEP17TVisionaireObject	todo	TTShader	OnCreate	TTShader::OnCreate(TVisionaireObject*)
1453955	_ZN8TTShaderC2Ev	todo	TTShader	TTShader	TTShader::TTShader()
1453970	_ZN8TTShaderC2ERK10TVisObjRef	todo	TTShader	TTShader	TTShader::TTShader(TVisObjRef const&)
1453985	_ZN8TTShader12GetTypeGroupEv	todo	TTShader	GetTypeGroup	TTShader::GetTypeGroup()
1454001	_ZN8TTShader8InitTypeEii	todo	TTShader	InitType	TTShader::InitType(int, int)
1454088	_GLOBAL__sub_I__ZN8TTShaderC2Ev	todo	(free function)	_GLOBAL__sub_I__ZN8TTShaderC2Ev	_GLOBAL__sub_I__ZN8TTShaderC2Ev
1454121	_ZN6TTText8OnCreateEP17TVisionaireObject	todo	TTText	OnCreate	TTText::OnCreate(TVisionaireObject*)
1454137	_ZN6TTText6OnInitEP17TVisionaireObject	todo	TTText	OnInit	TTText::OnInit(TVisionaireObject*)
1454153	_ZN6TSText6OnInitEP17TVisionaireObject	todo	TSText	OnInit	TSText::OnInit(TVisionaireObject*)
1454169	_ZN6TSText8OnCreateEP17TVisionaireObject	todo	TSText	OnCreate	TSText::OnCreate(TVisionaireObject*)
1454188	_ZN6TSText7SetTextERK10TVisObjRef	todo	TSText	SetText	TSText::SetText(TVisObjRef const&)
1454256	_ZN6TTTextC2Ev	todo	TTText	TTText	TTText::TTText()
1454271	_ZN6TTTextC2ERK10TVisObjRef	todo	TTText	TTText	TTText::TTText(TVisObjRef const&)
1454286	_ZN6TTText12GetTypeGroupEv	todo	TTText	GetTypeGroup	TTText::GetTypeGroup()
1454302	_ZN6TTText8InitTypeEii	todo	TTText	InitType	TTText::InitType(int, int)
1454372	_ZN6TTText11SetLanguageERK10TVisObjRef	todo	TTText	SetLanguage	TTText::SetLanguage(TVisObjRef const&)
1454421	_ZN6TTText13GetLanguageIdEv	todo	TTText	GetLanguageId	TTText::GetLanguageId()
1454437	_ZN6TTText17SetSpeechLanguageERK10TVisObjRef	todo	TTText	SetSpeechLanguage	TTText::SetSpeechLanguage(TVisObjRef const&)
1454486	_ZN6TTText19GetSpeechLanguageIdEv	todo	TTText	GetSpeechLanguageId	TTText::GetSpeechLanguageId()
1454502	_ZNK6TTText15GetTextLanguageEv	todo	TTText	GetTextLanguage	TTText::GetTextLanguage() const
1454626	_ZNK6TTText13GetTextStringEv	todo	TTText	GetTextString	TTText::GetTextString() const
1454650	_ZN6TTText13GetNameInListEPK17TVisionaireObject	todo	TTText	GetNameInList	TTText::GetNameInList(TVisionaireObject const*)
1457263	_ZNK6TTText15GetTextLanguageEi	todo	TTText	GetTextLanguage	TTText::GetTextLanguage(int) const
1457390	_ZNK6TTText17GetTextPropertiesER8wxStringR10wxFileName	todo	TTText	GetTextProperties	TTText::GetTextProperties(wxString&, wxFileName&) const
1457524	_ZN6TTText13ReplaceValuesER8wxStringP11TVisionaire	todo	TTText	ReplaceValues	TTText::ReplaceValues(wxString&, TVisionaire*)
1457972	_ZN6TTText14SetStaticTextsERK8wxString	todo	TTText	SetStaticTexts	TTText::SetStaticTexts(wxString const&)
1457989	_ZN6TTText17ShowIdInTextNamesEb	todo	TTText	ShowIdInTextNames	TTText::ShowIdInTextNames(bool)
1458005	_ZN6TSTextC2ERK10TVisObjRefS2_P11TSignalSlotb	todo	TSText	TSText	TSText::TSText(TVisObjRef const&, TVisObjRef const&, TSignalSlot*, bool)
1458084	_ZN6TSText12GetTypeGroupEv	todo	TSText	GetTypeGroup	TSText::GetTypeGroup()
1458100	_ZN6TSText8InitTypeEii	todo	TSText	InitType	TSText::InitType(int, int)
1458434	_ZNK6TSText13GetDataObjectEv	todo	TSText	GetDataObject	TSText::GetDataObject() const
1458455	_ZN6TSText9ClearTextEv	todo	TSText	ClearText	TSText::ClearText()
1458699	_ZN6TSText15SkipCurrentTextEv	todo	TSText	SkipCurrentText	TSText::SkipCurrentText()
1458716	_ZN6TSText20CalculateCurrentTextEv	todo	TSText	CalculateCurrentText	TSText::CalculateCurrentText()
1458913	_ZN6TSText10InvalidTagEv	todo	TSText	InvalidTag	TSText::InvalidTag()
1459008	_ZN6TSText17CalculateRestTextEv	todo	TSText	CalculateRestText	TSText::CalculateRestText()
1460145	_ZN6TSText13SetTextInternE14TextOutputEnumi	todo	TSText	SetTextIntern	TSText::SetTextIntern(TextOutputEnum, int)
1460684	_ZN6TSText14GetPauseLengthEm	todo	TSText	GetPauseLength	TSText::GetPauseLength(unsigned long)
1460716	_ZN6TTText23GetTextLanguageOrCreateEi	todo	TTText	GetTextLanguageOrCreate	TTText::GetTextLanguageOrCreate(int)
1460932	_GLOBAL__sub_I__ZN6TTText10languageIdE	todo	(free function)	_GLOBAL__sub_I__ZN6TTText10languageIdE	_GLOBAL__sub_I__ZN6TTText10languageIdE
1460995	_ZN6TTGame6OnInitEP17TVisionaireObject	todo	TTGame	OnInit	TTGame::OnInit(TVisionaireObject*)
1461061	_ZN6TTGame8OnCreateEP17TVisionaireObject	todo	TTGame	OnCreate	TTGame::OnCreate(TVisionaireObject*)
1461703	_ZN6TTGameC2Ev	todo	TTGame	TTGame	TTGame::TTGame()
1461718	_ZN6TTGameC2ERK10TVisObjRef	todo	TTGame	TTGame	TTGame::TTGame(TVisObjRef const&)
1461733	_ZN6TTGame12GetTypeGroupEv	todo	TTGame	GetTypeGroup	TTGame::GetTypeGroup()
1461750	_ZN6TTGame8InitTypeEii	todo	TTGame	InitType	TTGame::InitType(int, int)
1464880	_GLOBAL__sub_I__ZN6TTGameC2Ev	todo	(free function)	_GLOBAL__sub_I__ZN6TTGameC2Ev	_GLOBAL__sub_I__ZN6TTGameC2Ev
1464912	_ZN12TTDialogPart6OnInitEP17TVisionaireObject	todo	TTDialogPart	OnInit	TTDialogPart::OnInit(TVisionaireObject*)
1464931	_ZN12TTDialogPart8OnCreateEP17TVisionaireObject	todo	TTDialogPart	OnCreate	TTDialogPart::OnCreate(TVisionaireObject*)
1465005	_ZN12TTDialogPartC2Ev	todo	TTDialogPart	TTDialogPart	TTDialogPart::TTDialogPart()
1465020	_ZN12TTDialogPartC2ERK10TVisObjRef	todo	TTDialogPart	TTDialogPart	TTDialogPart::TTDialogPart(TVisObjRef const&)
1465036	_ZN12TTDialogPart12GetTypeGroupEv	todo	TTDialogPart	GetTypeGroup	TTDialogPart::GetTypeGroup()
1465053	_ZN12TTDialogPart8InitTypeEii	todo	TTDialogPart	InitType	TTDialogPart::InitType(int, int)
1465354	_ZNK12TTDialogPart12GenerateNameEv	todo	TTDialogPart	GenerateName	TTDialogPart::GenerateName() const
1465934	_GLOBAL__sub_I__ZN12TTDialogPartC2Ev	todo	(free function)	_GLOBAL__sub_I__ZN12TTDialogPartC2Ev	_GLOBAL__sub_I__ZN12TTDialogPartC2Ev
1465967	_ZN7TTEvent8OnCreateEP17TVisionaireObject	todo	TTEvent	OnCreate	TTEvent::OnCreate(TVisionaireObject*)
1465983	_ZN7TTEvent6OnInitEP17TVisionaireObject	todo	TTEvent	OnInit	TTEvent::OnInit(TVisionaireObject*)
1465999	_ZN7TTEventC2Ev	todo	TTEvent	TTEvent	TTEvent::TTEvent()
1466014	_ZN7TTEventC2ERK10TVisObjRef	todo	TTEvent	TTEvent	TTEvent::TTEvent(TVisObjRef const&)
1466029	_ZN7TTEvent12GetTypeGroupEv	todo	TTEvent	GetTypeGroup	TTEvent::GetTypeGroup()
1466045	_ZN7TTEvent8InitTypeEii	todo	TTEvent	InitType	TTEvent::InitType(int, int)
1466069	_GLOBAL__sub_I__ZN7TTEventC2Ev	todo	(free function)	_GLOBAL__sub_I__ZN7TTEventC2Ev	_GLOBAL__sub_I__ZN7TTEventC2Ev
1466102	_ZN8TTScript6OnInitEP17TVisionaireObject	todo	TTScript	OnInit	TTScript::OnInit(TVisionaireObject*)
1466118	_ZN8TTScript8OnCreateEP17TVisionaireObject	todo	TTScript	OnCreate	TTScript::OnCreate(TVisionaireObject*)
1466137	_ZN8TTScriptC2Ev	todo	TTScript	TTScript	TTScript::TTScript()
1466152	_ZN8TTScriptC2ERK10TVisObjRef	todo	TTScript	TTScript	TTScript::TTScript(TVisObjRef const&)
1466167	_ZN8TTScript12GetTypeGroupEv	todo	TTScript	GetTypeGroup	TTScript::GetTypeGroup()
1466183	_ZN8TTScript8InitTypeEii	todo	TTScript	InitType	TTScript::InitType(int, int)
1466250	_GLOBAL__sub_I__ZN8TTScriptC2Ev	todo	(free function)	_GLOBAL__sub_I__ZN8TTScriptC2Ev	_GLOBAL__sub_I__ZN8TTScriptC2Ev
1466290	_ZN11TTInterface6OnInitEP17TVisionaireObject	todo	TTInterface	OnInit	TTInterface::OnInit(TVisionaireObject*)
1466337	_ZN11TTInterface8OnCreateEP17TVisionaireObject	todo	TTInterface	OnCreate	TTInterface::OnCreate(TVisionaireObject*)
1466441	_ZN11TTInterfaceC2Ev	todo	TTInterface	TTInterface	TTInterface::TTInterface()
1466456	_ZN11TTInterfaceC2ERK10TVisObjRef	todo	TTInterface	TTInterface	TTInterface::TTInterface(TVisObjRef const&)
1466473	_ZN11TTInterface12GetTypeGroupEv	todo	TTInterface	GetTypeGroup	TTInterface::GetTypeGroup()
1466490	_ZN11TTInterface8InitTypeEii	todo	TTInterface	InitType	TTInterface::InitType(int, int)
1467119	_ZN11TTInterface14SetNextCommandEv	todo	TTInterface	SetNextCommand	TTInterface::SetNextCommand()
1467451	_GLOBAL__sub_I__ZN11TTInterfaceC2Ev	todo	(free function)	_GLOBAL__sub_I__ZN11TTInterfaceC2Ev	_GLOBAL__sub_I__ZN11TTInterfaceC2Ev
1467491	_ZN8TTObject6OnInitEP17TVisionaireObject	todo	TTObject	OnInit	TTObject::OnInit(TVisionaireObject*)
1467569	_ZN8TTObject8OnCreateEP17TVisionaireObject	todo	TTObject	OnCreate	TTObject::OnCreate(TVisionaireObject*)
1467627	_ZN8TTObjectC2Ev	todo	TTObject	TTObject	TTObject::TTObject()
1467642	_ZN8TTObjectC2ERK10TVisObjRef	todo	TTObject	TTObject	TTObject::TTObject(TVisObjRef const&)
1467657	_ZN8TTObject12GetTypeGroupEv	todo	TTObject	GetTypeGroup	TTObject::GetTypeGroup()
1467673	_ZN8TTObject8InitTypeEii	todo	TTObject	InitType	TTObject::InitType(int, int)
1468407	_ZNK8TTObject15GetLanguageNameEv	todo	TTObject	GetLanguageName	TTObject::GetLanguageName() const
1468584	_ZN8TTObject4cmpYEPK17TVisionaireObjectS2_	todo	TTObject	cmpY	TTObject::cmpY(TVisionaireObject const*, TVisionaireObject const*)
1468614	_GLOBAL__sub_I__ZN8TTObjectC2Ev	todo	(free function)	_GLOBAL__sub_I__ZN8TTObjectC2Ev	_GLOBAL__sub_I__ZN8TTObjectC2Ev
1468654	_ZN16TTInterfaceClass8OnCreateEP17TVisionaireObject	todo	TTInterfaceClass	OnCreate	TTInterfaceClass::OnCreate(TVisionaireObject*)
1468670	_ZN16TTInterfaceClass6OnInitEP17TVisionaireObject	todo	TTInterfaceClass	OnInit	TTInterfaceClass::OnInit(TVisionaireObject*)
1468686	_ZN16TTInterfaceClassC2Ev	todo	TTInterfaceClass	TTInterfaceClass	TTInterfaceClass::TTInterfaceClass()
1468701	_ZN16TTInterfaceClassC2ERK10TVisObjRef	todo	TTInterfaceClass	TTInterfaceClass	TTInterfaceClass::TTInterfaceClass(TVisObjRef const&)
1468717	_ZN16TTInterfaceClass12GetTypeGroupEv	todo	TTInterfaceClass	GetTypeGroup	TTInterfaceClass::GetTypeGroup()
1468734	_ZN16TTInterfaceClass8InitTypeEii	todo	TTInterfaceClass	InitType	TTInterfaceClass::InitType(int, int)
1468791	_GLOBAL__sub_I__ZN16TTInterfaceClassC2Ev	todo	(free function)	_GLOBAL__sub_I__ZN16TTInterfaceClassC2Ev	_GLOBAL__sub_I__ZN16TTInterfaceClassC2Ev
1468831	_ZN12TTAreaAction6OnInitEP17TVisionaireObject	todo	TTAreaAction	OnInit	TTAreaAction::OnInit(TVisionaireObject*)
1468847	_ZN12TTAreaAction8OnCreateEP17TVisionaireObject	todo	TTAreaAction	OnCreate	TTAreaAction::OnCreate(TVisionaireObject*)
1468920	_ZN12TTAreaActionC2Ev	todo	TTAreaAction	TTAreaAction	TTAreaAction::TTAreaAction()
1468935	_ZN12TTAreaActionC2ERK10TVisObjRef	todo	TTAreaAction	TTAreaAction	TTAreaAction::TTAreaAction(TVisObjRef const&)
1468951	_ZN12TTAreaAction12GetTypeGroupEv	todo	TTAreaAction	GetTypeGroup	TTAreaAction::GetTypeGroup()
1468968	_ZN12TTAreaAction8InitTypeEii	todo	TTAreaAction	InitType	TTAreaAction::InitType(int, int)
1469066	_GLOBAL__sub_I__ZN12TTAreaActionC2Ev	todo	(free function)	_GLOBAL__sub_I__ZN12TTAreaActionC2Ev	_GLOBAL__sub_I__ZN12TTAreaActionC2Ev
1469106	_ZN12TTActionArea8OnCreateEP17TVisionaireObject	todo	TTActionArea	OnCreate	TTActionArea::OnCreate(TVisionaireObject*)
1469122	_ZN12TTActionArea6OnInitEP17TVisionaireObject	todo	TTActionArea	OnInit	TTActionArea::OnInit(TVisionaireObject*)
1469138	_ZN12TTActionAreaC2Ev	todo	TTActionArea	TTActionArea	TTActionArea::TTActionArea()
1469153	_ZN12TTActionAreaC2ERK10TVisObjRef	todo	TTActionArea	TTActionArea	TTActionArea::TTActionArea(TVisObjRef const&)
1469169	_ZN12TTActionArea12GetTypeGroupEv	todo	TTActionArea	GetTypeGroup	TTActionArea::GetTypeGroup()
1469186	_ZN12TTActionArea8InitTypeEii	todo	TTActionArea	InitType	TTActionArea::InitType(int, int)
1469263	_GLOBAL__sub_I__ZN12TTActionAreaC2Ev	todo	(free function)	_GLOBAL__sub_I__ZN12TTActionAreaC2Ev	_GLOBAL__sub_I__ZN12TTActionAreaC2Ev
1469303	_ZN12TTCommentSet8OnCreateEP17TVisionaireObject	todo	TTCommentSet	OnCreate	TTCommentSet::OnCreate(TVisionaireObject*)
1469319	_ZN12TTCommentSet6OnInitEP17TVisionaireObject	todo	TTCommentSet	OnInit	TTCommentSet::OnInit(TVisionaireObject*)
1469335	_ZN12TTCommentSetC2Ev	todo	TTCommentSet	TTCommentSet	TTCommentSet::TTCommentSet()
1469350	_ZN12TTCommentSetC2ERK10TVisObjRef	todo	TTCommentSet	TTCommentSet	TTCommentSet::TTCommentSet(TVisObjRef const&)
1469366	_ZN12TTCommentSet12GetTypeGroupEv	todo	TTCommentSet	GetTypeGroup	TTCommentSet::GetTypeGroup()
1469383	_ZN12TTCommentSet8InitTypeEii	todo	TTCommentSet	InitType	TTCommentSet::InitType(int, int)
1469452	_GLOBAL__sub_I__ZN12TTCommentSetC2Ev	todo	(free function)	_GLOBAL__sub_I__ZN12TTCommentSetC2Ev	_GLOBAL__sub_I__ZN12TTCommentSetC2Ev
1469492	_ZN11TTParticles6OnInitEP17TVisionaireObject	todo	TTParticles	OnInit	TTParticles::OnInit(TVisionaireObject*)
1469508	_ZN19TTParticleContainer6OnInitEP17TVisionaireObject	todo	TTParticleContainer	OnInit	TTParticleContainer::OnInit(TVisionaireObject*)
1469524	_ZN19TTParticleContainer8OnCreateEP17TVisionaireObject	todo	TTParticleContainer	OnCreate	TTParticleContainer::OnCreate(TVisionaireObject*)
1469556	_ZN11TTParticlesC2Ev	todo	TTParticles	TTParticles	TTParticles::TTParticles()
1469571	_ZN11TTParticlesC2ERK10TVisObjRef	todo	TTParticles	TTParticles	TTParticles::TTParticles(TVisObjRef const&)
1469587	_ZN11TTParticles12GetTypeGroupEv	todo	TTParticles	GetTypeGroup	TTParticles::GetTypeGroup()
1469604	_ZN11TTParticles8InitTypeEii	todo	TTParticles	InitType	TTParticles::InitType(int, int)
1470753	_ZN19TTParticleContainerC2Ev	todo	TTParticleContainer	TTParticleContainer	TTParticleContainer::TTParticleContainer()
1470768	_ZN19TTParticleContainerC2ERK10TVisObjRef	todo	TTParticleContainer	TTParticleContainer	TTParticleContainer::TTParticleContainer(TVisObjRef const&)
1470784	_ZN19TTParticleContainer12GetTypeGroupEv	todo	TTParticleContainer	GetTypeGroup	TTParticleContainer::GetTypeGroup()
1470801	_ZN19TTParticleContainer8InitTypeEii	todo	TTParticleContainer	InitType	TTParticleContainer::InitType(int, int)
1470952	_ZN11TTParticles8OnCreateEP17TVisionaireObject	todo	TTParticles	OnCreate	TTParticles::OnCreate(TVisionaireObject*)
1471391	_GLOBAL__sub_I__ZN11TTParticlesC2Ev	todo	(free function)	_GLOBAL__sub_I__ZN11TTParticlesC2Ev	_GLOBAL__sub_I__ZN11TTParticlesC2Ev
1471442	_ZN17TTCommentSetEntry6OnInitEP17TVisionaireObject	todo	TTCommentSetEntry	OnInit	TTCommentSetEntry::OnInit(TVisionaireObject*)
1471458	_ZN17TTCommentSetEntry8OnCreateEP17TVisionaireObject	todo	TTCommentSetEntry	OnCreate	TTCommentSetEntry::OnCreate(TVisionaireObject*)
1471506	_ZN17TTCommentSetEntryC2Ev	todo	TTCommentSetEntry	TTCommentSetEntry	TTCommentSetEntry::TTCommentSetEntry()
1471521	_ZN17TTCommentSetEntryC2ERK10TVisObjRef	todo	TTCommentSetEntry	TTCommentSetEntry	TTCommentSetEntry::TTCommentSetEntry(TVisObjRef const&)
1471537	_ZN17TTCommentSetEntry12GetTypeGroupEv	todo	TTCommentSetEntry	GetTypeGroup	TTCommentSetEntry::GetTypeGroup()
1471554	_ZN17TTCommentSetEntry8InitTypeEii	todo	TTCommentSetEntry	InitType	TTCommentSetEntry::InitType(int, int)
1471622	_GLOBAL__sub_I__ZN17TTCommentSetEntryC2Ev	todo	(free function)	_GLOBAL__sub_I__ZN17TTCommentSetEntryC2Ev	_GLOBAL__sub_I__ZN17TTCommentSetEntryC2Ev
1471662	_ZN11TTAnimation6OnInitEP17TVisionaireObject	todo	TTAnimation	OnInit	TTAnimation::OnInit(TVisionaireObject*)
1471678	_ZN11TSAnimation6OnInitEP17TVisionaireObject	todo	TSAnimation	OnInit	TSAnimation::OnInit(TVisionaireObject*)
1471694	_ZN11TSAnimation8OnCreateEP17TVisionaireObject	todo	TSAnimation	OnCreate	TSAnimation::OnCreate(TVisionaireObject*)
1471751	_ZN11TTAnimation8OnCreateEP17TVisionaireObject	todo	TTAnimation	OnCreate	TTAnimation::OnCreate(TVisionaireObject*)
1471797	_ZN11TTAnimationC2Ev	todo	TTAnimation	TTAnimation	TTAnimation::TTAnimation()
1471812	_ZN11TTAnimationC2ERK10TVisObjRef	todo	TTAnimation	TTAnimation	TTAnimation::TTAnimation(TVisObjRef const&)
1471828	_ZN11TTAnimation12GetTypeGroupEv	todo	TTAnimation	GetTypeGroup	TTAnimation::GetTypeGroup()
1471845	_ZN11TTAnimation8InitTypeEii	todo	TTAnimation	InitType	TTAnimation::InitType(int, int)
1472334	_ZN11TTAnimation11SetMirroredEb	todo	TTAnimation	SetMirrored	TTAnimation::SetMirrored(bool)
1472440	_ZN11TTAnimation16IsModelAnimationERK10TVisObjRef	todo	TTAnimation	IsModelAnimation	TTAnimation::IsModelAnimation(TVisObjRef const&)
1472629	_ZN11TTAnimation16IsBonesAnimationERK10TVisObjRef	todo	TTAnimation	IsBonesAnimation	TTAnimation::IsBonesAnimation(TVisObjRef const&)
1472892	_ZN11TSAnimationC2Ev	todo	TSAnimation	TSAnimation	TSAnimation::TSAnimation()
1472907	_ZN11TSAnimationC2ERK10TVisObjRef	todo	TSAnimation	TSAnimation	TSAnimation::TSAnimation(TVisObjRef const&)
1472923	_ZN11TSAnimation12GetTypeGroupEv	todo	TSAnimation	GetTypeGroup	TSAnimation::GetTypeGroup()
1472940	_ZN11TSAnimation8InitTypeEii	todo	TSAnimation	InitType	TSAnimation::InitType(int, int)
1473341	_GLOBAL__sub_I__ZN11TTAnimationC2Ev	todo	(free function)	_GLOBAL__sub_I__ZN11TTAnimationC2Ev	_GLOBAL__sub_I__ZN11TTAnimationC2Ev
1473394	_ZN8TTCursor6OnInitEP17TVisionaireObject	todo	TTCursor	OnInit	TTCursor::OnInit(TVisionaireObject*)
1473410	_ZN8TTCursor8OnCreateEP17TVisionaireObject	todo	TTCursor	OnCreate	TTCursor::OnCreate(TVisionaireObject*)
1473469	_ZN8TTCursorC2Ev	todo	TTCursor	TTCursor	TTCursor::TTCursor()
1473484	_ZN8TTCursorC2ERK10TVisObjRef	todo	TTCursor	TTCursor	TTCursor::TTCursor(TVisObjRef const&)
1473499	_ZN8TTCursor12GetTypeGroupEv	todo	TTCursor	GetTypeGroup	TTCursor::GetTypeGroup()
1473515	_ZN8TTCursor8InitTypeEii	todo	TTCursor	InitType	TTCursor::InitType(int, int)
1473640	_GLOBAL__sub_I__ZN8TTCursorC2Ev	todo	(free function)	_GLOBAL__sub_I__ZN8TTCursorC2Ev	_GLOBAL__sub_I__ZN8TTCursorC2Ev
1473680	_ZN11TTCharacter6OnInitEP17TVisionaireObject	todo	TTCharacter	OnInit	TTCharacter::OnInit(TVisionaireObject*)
1473755	_ZN11TTCharacter8OnCreateEP17TVisionaireObject	todo	TTCharacter	OnCreate	TTCharacter::OnCreate(TVisionaireObject*)
1473855	_ZN11TTCharacterC2Ev	todo	TTCharacter	TTCharacter	TTCharacter::TTCharacter()
1473870	_ZN11TTCharacterC2ERK10TVisObjRef	todo	TTCharacter	TTCharacter	TTCharacter::TTCharacter(TVisObjRef const&)
1473886	_ZN11TTCharacter12GetTypeGroupEv	todo	TTCharacter	GetTypeGroup	TTCharacter::GetTypeGroup()
1473903	_ZN11TTCharacter8InitTypeEii	todo	TTCharacter	InitType	TTCharacter::InitType(int, int)
1475142	_ZN11TTCharacter7AddItemERK10TVisObjRefb	todo	TTCharacter	AddItem	TTCharacter::AddItem(TVisObjRef const&, bool)
1475415	_ZN11TTCharacter8AddItemsERK6TVList	todo	TTCharacter	AddItems	TTCharacter::AddItems(TVList const&)
1475549	_ZN11TTCharacter10RemoveItemERK10TVisObjRef	todo	TTCharacter	RemoveItem	TTCharacter::RemoveItem(TVisObjRef const&)
1475646	_ZN11TTCharacter15PrintCharactersERSt4listI8wxStringSaIS1_EER15TVisionaireGame	todo	TTCharacter	PrintCharacters	TTCharacter::PrintCharacters(std::list<wxString, std::allocator<wxString> >&, TVisionaireGame&)
1476463	_GLOBAL__sub_I__ZN11TTCharacterC2Ev	todo	(free function)	_GLOBAL__sub_I__ZN11TTCharacterC2Ev	_GLOBAL__sub_I__ZN11TTCharacterC2Ev
1476496	_ZN7TTValue8OnCreateEP17TVisionaireObject	todo	TTValue	OnCreate	TTValue::OnCreate(TVisionaireObject*)
1476512	_ZN7TTValue6OnInitEP17TVisionaireObject	todo	TTValue	OnInit	TTValue::OnInit(TVisionaireObject*)
1476528	_ZN7TTValueC2Ev	todo	TTValue	TTValue	TTValue::TTValue()
1476543	_ZN7TTValueC2ERK10TVisObjRef	todo	TTValue	TTValue	TTValue::TTValue(TVisObjRef const&)
1476558	_ZN7TTValue12GetTypeGroupEv	todo	TTValue	GetTypeGroup	TTValue::GetTypeGroup()
1476574	_ZN7TTValue8InitTypeEii	todo	TTValue	InitType	TTValue::InitType(int, int)
1476759	_ZN7TTValue14SetRandomValueEii	todo	TTValue	SetRandomValue	TTValue::SetRandomValue(int, int)
1476802	_ZN7TTValue11PrintValuesERSt4listI8wxStringSaIS1_EER15TVisionaireGame	todo	TTValue	PrintValues	TTValue::PrintValues(std::list<wxString, std::allocator<wxString> >&, TVisionaireGame&)
1477361	_GLOBAL__sub_I__ZN7TTValueC2Ev	todo	(free function)	_GLOBAL__sub_I__ZN7TTValueC2Ev	_GLOBAL__sub_I__ZN7TTValueC2Ev
1477394	_ZN8TTAction6OnInitEP17TVisionaireObject	todo	TTAction	OnInit	TTAction::OnInit(TVisionaireObject*)
1477410	_ZN8TSAction6OnInitEP17TVisionaireObject	todo	TSAction	OnInit	TSAction::OnInit(TVisionaireObject*)
1477426	_ZN8TSAction8OnCreateEP17TVisionaireObject	todo	TSAction	OnCreate	TSAction::OnCreate(TVisionaireObject*)
1477463	_ZN8TTAction8OnCreateEP17TVisionaireObject	todo	TTAction	OnCreate	TTAction::OnCreate(TVisionaireObject*)
1477599	_ZN8TTActionC2Ev	todo	TTAction	TTAction	TTAction::TTAction()
1477614	_ZN8TTActionC2ERK10TVisObjRef	todo	TTAction	TTAction	TTAction::TTAction(TVisObjRef const&)
1477629	_ZN8TTAction12GetTypeGroupEv	todo	TTAction	GetTypeGroup	TTAction::GetTypeGroup()
1477645	_ZN8TTAction8InitTypeEii	todo	TTAction	InitType	TTAction::InitType(int, int)
1477755	_ZNK8TTAction10GetCommandEv	todo	TTAction	GetCommand	TTAction::GetCommand() const
1477775	_ZNK8TTAction13GetTypeActionEv	todo	TTAction	GetTypeAction	TTAction::GetTypeAction() const
1477791	_ZNK8TTAction10GetFixtureEv	todo	TTAction	GetFixture	TTAction::GetFixture() const
1477811	_ZN8TTAction6FormatEb	todo	TTAction	Format	TTAction::Format(bool)
1478245	_ZN8TTAction24IsImmediateExecutionTypeE19TypeActionExecution	todo	TTAction	IsImmediateExecutionType	TTAction::IsImmediateExecutionType(TypeActionExecution)
1478301	_ZN8TSActionC2Ev	todo	TSAction	TSAction	TSAction::TSAction()
1478316	_ZN8TSActionC2ERK10TVisObjRef	todo	TSAction	TSAction	TSAction::TSAction(TVisObjRef const&)
1478331	_ZN8TSAction12GetTypeGroupEv	todo	TSAction	GetTypeGroup	TSAction::GetTypeGroup()
1478347	_ZN8TSAction8InitTypeEii	todo	TSAction	InitType	TSAction::InitType(int, int)
1478518	_GLOBAL__sub_I__ZN8TTAction9strActionE	todo	(free function)	_GLOBAL__sub_I__ZN8TTAction9strActionE	_GLOBAL__sub_I__ZN8TTAction9strActionE
1478597	_ZN8TTOutfit6OnInitEP17TVisionaireObject	todo	TTOutfit	OnInit	TTOutfit::OnInit(TVisionaireObject*)
1478613	_ZN8TTOutfit8OnCreateEP17TVisionaireObject	todo	TTOutfit	OnCreate	TTOutfit::OnCreate(TVisionaireObject*)
1479187	_ZN8TTOutfitC2Ev	todo	TTOutfit	TTOutfit	TTOutfit::TTOutfit()
1479202	_ZN8TTOutfitC2ERK10TVisObjRef	todo	TTOutfit	TTOutfit	TTOutfit::TTOutfit(TVisObjRef const&)
1479217	_ZN8TTOutfit12GetTypeGroupEv	todo	TTOutfit	GetTypeGroup	TTOutfit::GetTypeGroup()
1479233	_ZN8TTOutfit8InitTypeEii	todo	TTOutfit	InitType	TTOutfit::InitType(int, int)
1480026	_GLOBAL__sub_I__ZN8TTOutfitC2Ev	todo	(free function)	_GLOBAL__sub_I__ZN8TTOutfitC2Ev	_GLOBAL__sub_I__ZN8TTOutfitC2Ev
1480066	_ZN15TVisionaireGameD2Ev	todo	TVisionaireGame	~TVisionaireGame	TVisionaireGame::~TVisionaireGame()
1480082	_ZN15TVisionaireGame15InitWithVersionEi	todo	TVisionaireGame	InitWithVersion	TVisionaireGame::InitWithVersion(int)
1480248	_Z16cmpCharacterAnimPK17TVisionaireObjectS1__part_2	todo	(free function)	cmpCharacterAnim	cmpCharacterAnim(TVisionaireObject const*, TVisionaireObject const*)
1480281	_Z16cmpCharacterAnimPK17TVisionaireObjectS1_	todo	(free function)	cmpCharacterAnim	cmpCharacterAnim(TVisionaireObject const*, TVisionaireObject const*)
1480331	_Z11AddNameTextR6TVListRK10TVisObjRef_part_21	todo	(free function)	AddNameText	AddNameText(TVList&, TVisObjRef const&)
1480526	_ZN15TVisionaireGameD0Ev	todo	TVisionaireGame	~TVisionaireGame	TVisionaireGame::~TVisionaireGame()
1480547	_ZN15TVisionaireGame12InitXMLNamesEv	todo	TVisionaireGame	InitXMLNames	TVisionaireGame::InitXMLNames()
1499936	_ZN15TVisionaireGame7NewGameEv	todo	TVisionaireGame	NewGame	TVisionaireGame::NewGame()
1499977	_ZN15TVisionaireGameC2Ev	todo	TVisionaireGame	TVisionaireGame	TVisionaireGame::TVisionaireGame()
1504297	_Z7replaceRK8wxStringS1_S1_	todo	(free function)	replace	replace(wxString const&, wxString const&, wxString const&)
1504534	_ZN15TVisionaireGame17UpdateVersionGameEi	todo	TVisionaireGame	UpdateVersionGame	TVisionaireGame::UpdateVersionGame(int)
1504935	_ZN15TVisionaireGame12LoadSaveGameERK10wxFileNameRK8wxString	todo	TVisionaireGame	LoadSaveGame	TVisionaireGame::LoadSaveGame(wxFileName const&, wxString const&)
1504977	_Z14AddActionTextsR6TVListRK10TVisObjRef	todo	(free function)	AddActionTexts	AddActionTexts(TVList&, TVisObjRef const&)
1505070	_Z11AddNameTextR6TVListRK10TVisObjRef	todo	(free function)	AddNameText	AddNameText(TVList&, TVisObjRef const&)
1505111	_Z14AddDialogTextsR6TVListRK10TVisObjRef	todo	(free function)	AddDialogTexts	AddDialogTexts(TVList&, TVisObjRef const&)
1505405	_ZN15TVisionaireGame18PasteFromClipboardER10TVisObjRefiR6TVList	todo	TVisionaireGame	PasteFromClipboard	TVisionaireGame::PasteFromClipboard(TVisObjRef&, int, TVList&)
1505553	_ZN15TVisionaireGame15CopyToClipboardERK6TVList	todo	TVisionaireGame	CopyToClipboard	TVisionaireGame::CopyToClipboard(TVList const&)
1505724	_ZN15TVisionaireGame10BeforeSaveEv	todo	TVisionaireGame	BeforeSave	TVisionaireGame::BeforeSave()
1506334	_ZN15TVisionaireGame12PopulateListEiR6TVListb	todo	TVisionaireGame	PopulateList	TVisionaireGame::PopulateList(int, TVList&, bool)
1508677	_ZN15TVisionaireGame13UpdateVersionEib	todo	TVisionaireGame	UpdateVersion	TVisionaireGame::UpdateVersion(int, bool)
1523439	_ZN15TVisionaireGame12LoadDataGameERK10wxFileNameRK8wxString16TLoadingTypeEnumbP11TSignalSlotP12EventHandler	todo	TVisionaireGame	LoadDataGame	TVisionaireGame::LoadDataGame(wxFileName const&, wxString const&, TLoadingTypeEnum, bool, TSignalSlot*, EventHandler*)
1523826	_ZN13TTextLanguageC2Ev	todo	TTextLanguage	TTextLanguage	TTextLanguage::TTextLanguage()
1523865	_ZN5EventC2ERKS_	todo	Event	Event	Event::Event(Event const&)
1523917	_ZN21LoadSaveProgressEventC2ERKS_	todo	LoadSaveProgressEvent	LoadSaveProgressEvent	LoadSaveProgressEvent::LoadSaveProgressEvent(LoadSaveProgressEvent const&)
1524382	_ZN13TTextLanguageC2ERKS_	todo	TTextLanguage	TTextLanguage	TTextLanguage::TTextLanguage(TTextLanguage const&)
1524587	_ZN20TVisionaireClipboardD2Ev	todo	TVisionaireClipboard	~TVisionaireClipboard	TVisionaireClipboard::~TVisionaireClipboard()
1524965	_Z34ix86_override_options_after_changev_103	todo	(free function)	ix86_override_options_after_change	ix86_override_options_after_change()
1524988	_ZN8TTButton6OnInitEP17TVisionaireObject	todo	TTButton	OnInit	TTButton::OnInit(TVisionaireObject*)
1525047	_ZN8TTButton8OnCreateEP17TVisionaireObject	todo	TTButton	OnCreate	TTButton::OnCreate(TVisionaireObject*)
1525148	_ZN8TTButtonC2Ev	todo	TTButton	TTButton	TTButton::TTButton()
1525163	_ZN8TTButtonC2ERK10TVisObjRef	todo	TTButton	TTButton	TTButton::TTButton(TVisObjRef const&)
1525178	_ZN8TTButton12GetTypeGroupEv	todo	TTButton	GetTypeGroup	TTButton::GetTypeGroup()
1525194	_ZN8TTButton8InitTypeEii	todo	TTButton	InitType	TTButton::InitType(int, int)
1525773	_ZNK8TTButton8IsActiveEv	todo	TTButton	IsActive	TTButton::IsActive() const
1525850	_ZNK8TTButton17IsStandardCommandEv	todo	TTButton	IsStandardCommand	TTButton::IsStandardCommand() const
1525911	_ZNK8TTButton9IsCommandEv	todo	TTButton	IsCommand	TTButton::IsCommand() const
1525936	_ZNK8TTButton15GetLanguageNameEv	todo	TTButton	GetLanguageName	TTButton::GetLanguageName() const
1526063	_ZNK8TTButton26GetLanguageConjunctionNameEv	todo	TTButton	GetLanguageConjunctionName	TTButton::GetLanguageConjunctionName() const
1526188	_GLOBAL__sub_I__ZN8TTButtonC2Ev	todo	(free function)	_GLOBAL__sub_I__ZN8TTButtonC2Ev	_GLOBAL__sub_I__ZN8TTButtonC2Ev
1526228	_ZN9TTLoading8OnCreateEP17TVisionaireObject	todo	TTLoading	OnCreate	TTLoading::OnCreate(TVisionaireObject*)
1526244	_ZN9TTLoading6OnInitEP17TVisionaireObject	todo	TTLoading	OnInit	TTLoading::OnInit(TVisionaireObject*)
1526260	_ZN9TTLoadingC2Ev	todo	TTLoading	TTLoading	TTLoading::TTLoading()
1526275	_ZN9TTLoadingC2ERK10TVisObjRef	todo	TTLoading	TTLoading	TTLoading::TTLoading(TVisObjRef const&)
1526291	_ZN9TTLoading12GetTypeGroupEv	todo	TTLoading	GetTypeGroup	TTLoading::GetTypeGroup()
1526307	_ZN9TTLoading8InitTypeEii	todo	TTLoading	InitType	TTLoading::InitType(int, int)
1526414	_GLOBAL__sub_I__ZN9TTLoadingC2Ev	todo	(free function)	_GLOBAL__sub_I__ZN9TTLoadingC2Ev	_GLOBAL__sub_I__ZN9TTLoadingC2Ev
1526454	_ZN20TVisionaireClipboard15InitWithVersionEi	todo	TVisionaireClipboard	InitWithVersion	TVisionaireClipboard::InitWithVersion(int)
1526469	_ZNK20TVisionaireClipboard30PasteFromClipboardWithChildrenER11TVisionaireRK10TVisObjRefRS2_iR6TVListb_constprop_56	todo	TVisionaireClipboard	PasteFromClipboardWithChildren	TVisionaireClipboard::PasteFromClipboardWithChildren(TVisionaire&, TVisObjRef const&, TVisObjRef&, int, TVList&, bool) const
1526617	_ZN20TVisionaireClipboard14LoadFromStringERK8wxString	todo	TVisionaireClipboard	LoadFromString	TVisionaireClipboard::LoadFromString(wxString const&)
1526679	_ZN20TVisionaireClipboard15RestoreFromUndoERK3TIdP11TVisionaire	todo	TVisionaireClipboard	RestoreFromUndo	TVisionaireClipboard::RestoreFromUndo(TId const&, TVisionaire*)
1526950	_ZN20TVisionaireClipboard14RemoveFromUndoERK3TId	todo	TVisionaireClipboard	RemoveFromUndo	TVisionaireClipboard::RemoveFromUndo(TId const&)
1527057	_ZN20TVisionaireClipboard14GetUndoObjectsER6TVList	todo	TVisionaireClipboard	GetUndoObjects	TVisionaireClipboard::GetUndoObjects(TVList&)
1527095	_ZN20TVisionaireClipboard27CopyToClipboardWithChildrenERK10TVisObjRef	todo	TVisionaireClipboard	CopyToClipboardWithChildren	TVisionaireClipboard::CopyToClipboardWithChildren(TVisObjRef const&)
1527200	_ZN20TVisionaireClipboard15CopyToClipboardERK6TVList	todo	TVisionaireClipboard	CopyToClipboard	TVisionaireClipboard::CopyToClipboard(TVList const&)
1527277	_ZNK20TVisionaireClipboard18PasteFromClipboardER11TVisionaireR10TVisObjRefiR6TVList	todo	TVisionaireClipboard	PasteFromClipboard	TVisionaireClipboard::PasteFromClipboard(TVisionaire&, TVisObjRef&, int, TVList&) const
1527585	_ZNK20TVisionaireClipboard30PasteFromClipboardWithChildrenER11TVisionaireRK10TVisObjRefRS2_iR6TVListb	todo	TVisionaireClipboard	PasteFromClipboardWithChildren	TVisionaireClipboard::PasteFromClipboardWithChildren(TVisionaire&, TVisObjRef const&, TVisObjRef&, int, TVList&, bool) const
1527778	_ZN20TVisionaireClipboard21AddToUndoWithChildrenERK10TVisObjRef	todo	TVisionaireClipboard	AddToUndoWithChildren	TVisionaireClipboard::AddToUndoWithChildren(TVisObjRef const&)
1528016	_ZN20TVisionaireClipboardC2Ev	todo	TVisionaireClipboard	TVisionaireClipboard	TVisionaireClipboard::TVisionaireClipboard()
1532387	_ZN20TVisionaireClipboard9AddToUndoERK10TVisObjRef	todo	TVisionaireClipboard	AddToUndo	TVisionaireClipboard::AddToUndo(TVisObjRef const&)
1533261	_Z34ix86_override_options_after_changev_104	todo	(free function)	ix86_override_options_after_change	ix86_override_options_after_change()
1533284	_ZN17TTClipboardObjectC2Ev	todo	TTClipboardObject	TTClipboardObject	TTClipboardObject::TTClipboardObject()
1533299	_ZN17TTClipboardObjectC2ERK10TVisObjRef	todo	TTClipboardObject	TTClipboardObject	TTClipboardObject::TTClipboardObject(TVisObjRef const&)
1533315	_ZN17TTClipboardObject12GetTypeGroupEv	todo	TTClipboardObject	GetTypeGroup	TTClipboardObject::GetTypeGroup()
1533332	_ZN17TTClipboardObject8InitTypeEii	todo	TTClipboardObject	InitType	TTClipboardObject::InitType(int, int)
1533414	_GLOBAL__sub_I__ZN17TTClipboardObjectC2Ev	todo	(free function)	_GLOBAL__sub_I__ZN17TTClipboardObjectC2Ev	_GLOBAL__sub_I__ZN17TTClipboardObjectC2Ev
1533445	updatewindow	todo	(free function)	updatewindow	updatewindow
1537364	longest_match	todo	(free function)	longest_match	longest_match
1537574	fill_window	todo	(free function)	fill_window	fill_window
1541818	send_tree	todo	(free function)	send_tree	send_tree
1542600	build_tree	todo	(free function)	build_tree	build_tree
1543355	_tr_init	todo	(free function)	_tr_init	_tr_init
1543409	_tr_stored_block	todo	(free function)	_tr_stored_block	_tr_stored_block
1543535	_tr_align	todo	(free function)	_tr_align	_tr_align
1543759	_tr_flush_block	todo	(free function)	_tr_flush_block	_tr_flush_block
1544565	_tr_tally	todo	(free function)	_tr_tally	_tr_tally
1545559	zlibVersion	todo	(free function)	zlibVersion	zlibVersion
1545573	zlibCompileFlags	todo	(free function)	zlibCompileFlags	zlibCompileFlags
1545603	zcalloc	todo	(free function)	zcalloc	zcalloc
1545618	zcfree	todo	(free function)	zcfree	zcfree
1545828	get_crc_table	todo	(free function)	get_crc_table	get_crc_table
1547379	_ZN6Bitmap11RefreshSizeEv	todo	Bitmap	RefreshSize	Bitmap::RefreshSize()
1547404	_ZThn136_N6Bitmap11RefreshSizeEv	todo	Bitmap	RefreshSize	non-virtual thunk to Bitmap::RefreshSize()
1547421	_ZN19SwitchableComponent12ProcessEventERK5Event	todo	SwitchableComponent	ProcessEvent	SwitchableComponent::ProcessEvent(Event const&)
1547438	_ZN19SwitchableComponent12ProcessEventEP5Event	todo	SwitchableComponent	ProcessEvent	SwitchableComponent::ProcessEvent(Event*)
1547455	_ZN19SwitchableComponent9GetCursorERP9GuiCursor	todo	SwitchableComponent	GetCursor	SwitchableComponent::GetCursor(GuiCursor*&)
1547472	_ZN19SwitchableComponent22GetComponentUnderMouseE5point	todo	SwitchableComponent	GetComponentUnderMouse	SwitchableComponent::GetComponentUnderMouse(point)
1547491	_ZN19SwitchableComponent10ReloadSkinEv	todo	SwitchableComponent	ReloadSkin	SwitchableComponent::ReloadSkin()
1547508	_ZN19SwitchableComponent9DebugDrawEv	todo	SwitchableComponent	DebugDraw	SwitchableComponent::DebugDraw()
1547527	_ZN10StaticLine6RenderEv	todo	StaticLine	Render	StaticLine::Render()
1547542	_ZN10StaticLine12ProcessEventEP5Event	todo	StaticLine	ProcessEvent	StaticLine::ProcessEvent(Event*)
1547559	_ZN5SizerD2Ev	todo	Sizer	~Sizer	Sizer::~Sizer()
1547575	_ZN6Slider12ProcessEventEP5Event	todo	Slider	ProcessEvent	Slider::ProcessEvent(Event*)
1547592	_ZN6Slider6RenderEv	todo	Slider	Render	Slider::Render()
1547607	_ZN7Tooltip12ProcessEventEP5Event	todo	Tooltip	ProcessEvent	Tooltip::ProcessEvent(Event*)
1547656	_ZN20RadioButtonCollector12ProcessEventEP5Event	todo	RadioButtonCollector	ProcessEvent	RadioButtonCollector::ProcessEvent(Event*)
1547672	_ZN8Notebook12ProcessEventEP5Event	todo	Notebook	ProcessEvent	Notebook::ProcessEvent(Event*)
1547722	_ZN8Notebook6ResizeEv	todo	Notebook	Resize	Notebook::Resize()
1547769	_ZN3Bar6RenderEv	todo	Bar	Render	Bar::Render()
1547784	_ZN9StaticBox6ResizeEv	todo	StaticBox	Resize	StaticBox::Resize()
1547799	_ZN9StaticBox11RefreshSizeEv	todo	StaticBox	RefreshSize	StaticBox::RefreshSize()
1547827	_ZN5SizerD0Ev	todo	Sizer	~Sizer	Sizer::~Sizer()
1547843	_ZN19SwitchableComponentD2Ev	todo	SwitchableComponent	~SwitchableComponent	SwitchableComponent::~SwitchableComponent()
1547887	_ZN10EmptySpaceD2Ev	todo	EmptySpace	~EmptySpace	EmptySpace::~EmptySpace()
1547903	_ZN6TabBarD2Ev	todo	TabBar	~TabBar	TabBar::~TabBar()
1547943	_ZThn200_N6TabBarD1Ev	todo	TabBar	~TabBar	non-virtual thunk to TabBar::~TabBar()
1547959	_ZN9TabButton11RefreshSizeEv	todo	TabButton	RefreshSize	TabButton::RefreshSize()
1547993	_ZN8CheckBox11RefreshSizeEv	todo	CheckBox	RefreshSize	CheckBox::RefreshSize()
1548049	_ZThn136_N8CheckBox11RefreshSizeEv	todo	CheckBox	RefreshSize	non-virtual thunk to CheckBox::RefreshSize()
1548066	_ZN6TabBar6RenderEv	todo	TabBar	Render	TabBar::Render()
1548132	_ZN11ProgressBar6RenderEv	todo	ProgressBar	Render	ProgressBar::Render()
1548213	_ZN9ScrollBar6RenderEv	todo	ScrollBar	Render	ScrollBar::Render()
1548376	_ZThn136_N9ScrollBar6RenderEv	todo	ScrollBar	Render	non-virtual thunk to ScrollBar::Render()
1548392	_ZN9StatusBar6RenderEv	todo	StatusBar	Render	StatusBar::Render()
1548490	_ZThn136_N9StatusBar6RenderEv	todo	StatusBar	Render	non-virtual thunk to StatusBar::Render()
1548506	_ZN13ResizerHandle6RenderEv	todo	ResizerHandle	Render	ResizerHandle::Render()
1548553	_ZN8Viewport6RenderEv	todo	Viewport	Render	Viewport::Render()
1548602	_ZN9TabButton6RenderEv	todo	TabButton	Render	TabButton::Render()
1548696	_ZN19SwitchableComponent6ResizeEii	todo	SwitchableComponent	Resize	SwitchableComponent::Resize(int, int)
1548739	_ZN19SwitchableComponent6ResizeEv	todo	SwitchableComponent	Resize	SwitchableComponent::Resize()
1548767	_ZN7Spinner11RefreshSizeEv	todo	Spinner	RefreshSize	Spinner::RefreshSize()
1548782	_ZThn136_N7Spinner11RefreshSizeEv	todo	Spinner	RefreshSize	non-virtual thunk to Spinner::RefreshSize()
1548799	_ZN7Spinner6RenderEv	todo	Spinner	Render	Spinner::Render()
1548838	_ZThn136_N7Spinner6RenderEv	todo	Spinner	Render	non-virtual thunk to Spinner::Render()
1548854	_ZN6TabBar11RefreshSizeEv	todo	TabBar	RefreshSize	TabBar::RefreshSize()
1549065	_ZN19SwitchableComponent6RenderEv	todo	SwitchableComponent	Render	SwitchableComponent::Render()
1549143	_ZN13ResizerHandle12ProcessEventEP5Event	todo	ResizerHandle	ProcessEvent	ResizerHandle::ProcessEvent(Event*)
1549865	_ZN6Button11RefreshSizeEv	todo	Button	RefreshSize	Button::RefreshSize()
1549902	_ZThn136_N6Button11RefreshSizeEv	todo	Button	RefreshSize	non-virtual thunk to Button::RefreshSize()
1549919	_ZN11RadioButton11RefreshSizeEv	todo	RadioButton	RefreshSize	RadioButton::RefreshSize()
1549977	_ZN5Label11RefreshSizeEv	todo	Label	RefreshSize	Label::RefreshSize()
1550047	_ZThn136_N5Label11RefreshSizeEv	todo	Label	RefreshSize	non-virtual thunk to Label::RefreshSize()
1550064	_ZN10EmptySpaceD0Ev	todo	EmptySpace	~EmptySpace	EmptySpace::~EmptySpace()
1550085	_ZN6TabBarD0Ev	todo	TabBar	~TabBar	TabBar::~TabBar()
1550125	_ZThn200_N6TabBarD0Ev	todo	TabBar	~TabBar	non-virtual thunk to TabBar::~TabBar()
1550141	_ZN8NotebookD2Ev	todo	Notebook	~Notebook	Notebook::~Notebook()
1550200	_ZN19SwitchableComponentD0Ev	todo	SwitchableComponent	~SwitchableComponent	SwitchableComponent::~SwitchableComponent()
1550246	_ZN7TooltipD2Ev	todo	Tooltip	~Tooltip	Tooltip::~Tooltip()
1550419	_ZThn144_N7TooltipD1Ev	todo	Tooltip	~Tooltip	non-virtual thunk to Tooltip::~Tooltip()
1550435	_ZN13TooltipHolderD2Ev	todo	TooltipHolder	~TooltipHolder	TooltipHolder::~TooltipHolder()
1550522	_ZN7TooltipD0Ev	todo	Tooltip	~Tooltip	Tooltip::~Tooltip()
1550542	_ZThn144_N7TooltipD0Ev	todo	Tooltip	~Tooltip	non-virtual thunk to Tooltip::~Tooltip()
1550558	_ZN9StaticBox6RenderEv	todo	StaticBox	Render	StaticBox::Render()
1550638	_ZN13TooltipHolderD0Ev	todo	TooltipHolder	~TooltipHolder	TooltipHolder::~TooltipHolder()
1550727	_ZN8NotebookD0Ev	todo	Notebook	~Notebook	Notebook::~Notebook()
1550788	_ZN8Notebook6RenderEv	todo	Notebook	Render	Notebook::Render()
1550941	_ZNK4rect6InsideE5point	todo	rect	Inside	rect::Inside(point) const
1550986	_ZN4rect6ShrinkEi	todo	rect	Shrink	rect::Shrink(int)
1551014	_ZN4rect6ExpandEi	todo	rect	Expand	rect::Expand(int)
1551042	_ZltRK7textposS1_	todo	(free function)	operator<(textpos const&, textpos const&)	operator<(textpos const&, textpos const&)
1551057	_ZleRK7textposS1_	todo	(free function)	operator<=(textpos const&, textpos const&)	operator<=(textpos const&, textpos const&)
1551089	_ZeqRK7textposS1_	todo	(free function)	operator==	operator==(textpos const&, textpos const&)
1551115	_ZN4rect7IncludeEii	todo	rect	Include	rect::Include(int, int)
1551162	_ZmiRK5pointS1_	todo	(free function)	operator-	operator-(point const&, point const&)
1551195	_ZplRK5pointS1_	todo	(free function)	operator+	operator+(point const&, point const&)
1551227	_ZN5Event7LeavingEv	todo	Event	Leaving	Event::Leaving()
1551243	_ZN5Event10ButtonDownEv	todo	Event	ButtonDown	Event::ButtonDown()
1551267	_ZN5Event8ButtonUpEv	todo	Event	ButtonUp	Event::ButtonUp()
1551295	_ZN5Event7IsMouseEv	todo	Event	IsMouse	Event::IsMouse()
1551313	_ZN5Event10IsKeyboardEv	todo	Event	IsKeyboard	Event::IsKeyboard()
1551343	_ZN5Event11GetPositionEv	todo	Event	GetPosition	Event::GetPosition()
1551373	_ZN5Event12ButtonDClickEv	todo	Event	ButtonDClick	Event::ButtonDClick()
1551389	_ZN5Event8LeftDownEv	todo	Event	LeftDown	Event::LeftDown()
1551406	_ZN5Event10LeftDClickEv	todo	Event	LeftDClick	Event::LeftDClick()
1551422	_ZN5Event9RightDownEv	todo	Event	RightDown	Event::RightDown()
1551438	_ZN5Event11RightDClickEv	todo	Event	RightDClick	Event::RightDClick()
1551454	_ZN5Event8DraggingEv	todo	Event	Dragging	Event::Dragging()
1551489	_ZN5Event6MovingEv	todo	Event	Moving	Event::Moving()
1551507	_ZN5Event6LeftUpEv	todo	Event	LeftUp	Event::LeftUp()
1551525	_ZN5Event9MouseOverEv	todo	Event	MouseOver	Event::MouseOver()
1551541	_ZN5Event8MouseOutEv	todo	Event	MouseOut	Event::MouseOut()
1551558	_ZN5Event7KeyDownEv	todo	Event	KeyDown	Event::KeyDown()
1551574	_ZN5Event13GetWheelDeltaEv	todo	Event	GetWheelDelta	Event::GetWheelDelta()
1551589	_ZN5Event16GetWheelRotationEv	todo	Event	GetWheelRotation	Event::GetWheelRotation()
1551604	_ZN5Event8IsButtonEv	todo	Event	IsButton	Event::IsButton()
1551641	_Z12SearchParentP9ComponentP13TFreetypeFonti	todo	(free function)	SearchParent	SearchParent(Component*, TFreetypeFont*, int)
1551704	_ZN5Label7SetWrapEv	todo	Label	SetWrap	Label::SetWrap()
1551719	_ZN5Label11SetMaxWidthEi	todo	Label	SetMaxWidth	Label::SetMaxWidth(int)
1551734	_ZN3Bar9AddButtonEP9Component5Align	todo	Bar	AddButton	Bar::AddButton(Component*, Align)
1551762	_ZN5ImageC2Ev	todo	Image	Image	Image::Image()
1551777	_ZN5ImageC2Eiib	todo	Image	Image	Image::Image(int, int, bool)
1551792	_ZN5Image8GetWidthEv	todo	Image	GetWidth	Image::GetWidth()
1551807	_ZN5Image9GetHeightEv	todo	Image	GetHeight	Image::GetHeight()
1551822	_ZN5Image7SetDataEPKh	todo	Image	SetData	Image::SetData(unsigned char const*)
1551836	_ZN5Image7RescaleEii	todo	Image	Rescale	Image::Rescale(int, int)
1551850	_ZN5Image6ResizeE6wxSize7wxPointiii	todo	Image	Resize	Image::Resize(wxSize, wxPoint, int, int, int)
1551865	_ZN9ImageListC2Eiibi	todo	ImageList	ImageList	ImageList::ImageList(int, int, bool, int)
1551883	_ZN9ImageListD2Ev	todo	ImageList	~ImageList	ImageList::~ImageList()
1551950	_ZN9ImageList6DrawAtEiii	todo	ImageList	DrawAt	ImageList::DrawAt(int, int, int)
1552047	_ZN6BitmapC2ERK5Image	todo	Bitmap	Bitmap	Bitmap::Bitmap(Image const&)
1552162	_ZN6BitmapC2Ev	todo	Bitmap	Bitmap	Bitmap::Bitmap()
1552277	_ZN6Bitmap13ReplaceBitmapERKSsS1_	todo	Bitmap	ReplaceBitmap	Bitmap::ReplaceBitmap(std::basic_string<char, std::char_traits<char>, std::allocator<char> > const&, std::basic_string<char, std::char_traits<char>, std::allocator<char> > const&)
1552810	_ZN6Bitmap6SelectEb	todo	Bitmap	Select	Bitmap::Select(bool)
1552825	_ZN6Bitmap8GetWidthEv	todo	Bitmap	GetWidth	Bitmap::GetWidth()
1552841	_ZN6Bitmap9GetHeightEv	todo	Bitmap	GetHeight	Bitmap::GetHeight()
1552857	_ZN3BarC2Ei	todo	Bar	Bar	Bar::Bar(int)
1552917	_ZN9StatusBar8SetColorEi	todo	StatusBar	SetColor	StatusBar::SetColor(int)
1552932	_ZN9StatusBar7SetTextERKSs	todo	StatusBar	SetText	StatusBar::SetText(std::basic_string<char, std::char_traits<char>, std::allocator<char> > const&)
1552952	_ZN9StatusBar12ClearColumnsEv	todo	StatusBar	ClearColumns	StatusBar::ClearColumns()
1553014	_ZN8ViewportC2Ev	todo	Viewport	Viewport	Viewport::Viewport()
1553055	_ZN8Viewport16registerCallbackEPFvlE	todo	Viewport	registerCallback	Viewport::registerCallback(void (*)(long))
1553071	_ZN6TabBarC2EiPKcS1_	todo	TabBar	TabBar	TabBar::TabBar(int, char const*, char const*)
1553169	_ZN6TabBar7AddIconEP6Bitmap	todo	TabBar	AddIcon	TabBar::AddIcon(Bitmap*)
1553201	_ZN10EmptySpaceC2Eii	todo	EmptySpace	EmptySpace	EmptySpace::EmptySpace(int, int)
1553241	_ZN9ScrollBarC2Ei	todo	ScrollBar	ScrollBar	ScrollBar::ScrollBar(int)
1553303	_ZN9ScrollBar8ValidateEv	todo	ScrollBar	Validate	ScrollBar::Validate()
1553327	_ZN7Spinner8SetRangeEii	todo	Spinner	SetRange	Spinner::SetRange(int, int)
1553343	_ZN7Spinner8GetValueEv	todo	Spinner	GetValue	Spinner::GetValue()
1553358	_ZN7Spinner8SetValueEi	todo	Spinner	SetValue	Spinner::SetValue(int)
1553424	_ZN8CheckBoxC2Ev	todo	CheckBox	CheckBox	CheckBox::CheckBox()
1553532	_ZN8CheckBox8GetValueEv	todo	CheckBox	GetValue	CheckBox::GetValue()
1553547	_ZN8CheckBox8SetValueEb	todo	CheckBox	SetValue	CheckBox::SetValue(bool)
1553562	_ZN8CheckBox8SetLabelERKSs	todo	CheckBox	SetLabel	CheckBox::SetLabel(std::basic_string<char, std::char_traits<char>, std::allocator<char> > const&)
1553577	_ZN13ResizerHandleC2EP9Componentib	todo	ResizerHandle	ResizerHandle	ResizerHandle::ResizerHandle(Component*, int, bool)
1553663	_ZN11RadioButton8GetValueEv	todo	RadioButton	GetValue	RadioButton::GetValue()
1553678	_ZN11RadioButton8SetValueEb	todo	RadioButton	SetValue	RadioButton::SetValue(bool)
1553693	_ZN11RadioButton8SetLabelERKSs	todo	RadioButton	SetLabel	RadioButton::SetLabel(std::basic_string<char, std::char_traits<char>, std::allocator<char> > const&)
1553710	_ZN19SwitchableComponentC2EP9Component	todo	SwitchableComponent	SwitchableComponent	SwitchableComponent::SwitchableComponent(Component*)
1553743	_ZN19SwitchableComponent7ReplaceEP9Component	todo	SwitchableComponent	Replace	SwitchableComponent::Replace(Component*)
1553925	_ZN6Button8SetLabelERKSs	todo	Button	SetLabel	Button::SetLabel(std::basic_string<char, std::char_traits<char>, std::allocator<char> > const&)
1554012	_ZN8NotebookC2Ev	todo	Notebook	Notebook	Notebook::Notebook()
1554118	_ZN8Notebook11ButtonEventEi	todo	Notebook	ButtonEvent	Notebook::ButtonEvent(int)
1554133	_ZN10StaticLineC2Ev	todo	StaticLine	StaticLine	StaticLine::StaticLine()
1554155	_ZN12GLCharBufferD2Ev	todo	GLCharBuffer	~GLCharBuffer	GLCharBuffer::~GLCharBuffer()
1554233	_ZN5Sizer9GetParentEv	todo	Sizer	GetParent	Sizer::GetParent()
1554248	_ZN5Sizer9SetParentEP9Container	todo	Sizer	SetParent	Sizer::SetParent(Container*)
1554264	_ZN5Sizer10SetMaxSizeERK7guisize	todo	Sizer	SetMaxSize	Sizer::SetMaxSize(guisize const&)
1554316	_ZN5Sizer9SetBorderEf	todo	Sizer	SetBorder	Sizer::SetBorder(float)
1554333	_ZN5Sizer9SetBorderERK4rect	todo	Sizer	SetBorder	Sizer::SetBorder(rect const&)
1554349	_ZN5Sizer4ShowEb	todo	Sizer	Show	Sizer::Show(bool)
1554364	_ZN6SliderC2Eiii	todo	Slider	Slider	Slider::Slider(int, int, int)
1554405	_ZN6Slider8GetValueEv	todo	Slider	GetValue	Slider::GetValue()
1554420	_ZN6Slider8SetValueEi	todo	Slider	SetValue	Slider::SetValue(int)
1554435	_ZN6Slider8SetRangeEii	todo	Slider	SetRange	Slider::SetRange(int, int)
1554451	_ZN20RadioButtonCollector12GetSelectionEv	todo	RadioButtonCollector	GetSelection	RadioButtonCollector::GetSelection()
1554467	_ZN20RadioButtonCollector8GetCountEv	todo	RadioButtonCollector	GetCount	RadioButtonCollector::GetCount()
1554485	_ZN20RadioButtonCollector12SetSelectionEi	todo	RadioButtonCollector	SetSelection	RadioButtonCollector::SetSelection(int)
1554525	_ZN20RadioButtonCollector11SelectEventEi	todo	RadioButtonCollector	SelectEvent	RadioButtonCollector::SelectEvent(int)
1554593	_ZN13MessageDialog9ShowModalEP13BaseContainerSt8functionIFvbEE	todo	MessageDialog	ShowModal	MessageDialog::ShowModal(BaseContainer*, std::function<void (bool)>)
1554709	_ZN12OptionDialog9ShowModalEP13BaseContainerSt8functionIFvbEE	todo	OptionDialog	ShowModal	OptionDialog::ShowModal(BaseContainer*, std::function<void (bool)>)
1554822	_ZN9StaticBoxC2ERKSs	todo	StaticBox	StaticBox	StaticBox::StaticBox(std::basic_string<char, std::char_traits<char>, std::allocator<char> > const&)
1554882	_ZN11ProgressBarC2Ev	todo	ProgressBar	ProgressBar	ProgressBar::ProgressBar()
1554945	_ZN11ProgressBar8SetRangeEi	todo	ProgressBar	SetRange	ProgressBar::SetRange(int)
1554960	_ZN11ProgressBar8SetValueEi	todo	ProgressBar	SetValue	ProgressBar::SetValue(int)
1554975	_ZN11ProgressBar8GetValueEv	todo	ProgressBar	GetValue	ProgressBar::GetValue()
1554990	_ZN7TooltipC2Ev	todo	Tooltip	Tooltip	Tooltip::Tooltip()
1555040	_ZN7Tooltip4ShowEv	todo	Tooltip	Show	Tooltip::Show()
1555220	_ZN13TooltipHolderC2Ev	todo	TooltipHolder	TooltipHolder	TooltipHolder::TooltipHolder()
1555294	_ZN13TooltipHolder11TooltipHideEv	todo	TooltipHolder	TooltipHide	TooltipHolder::TooltipHide()
1555330	_ZN13TooltipHolder19TooltipProcessEventEP5Event	todo	TooltipHolder	TooltipProcessEvent	TooltipHolder::TooltipProcessEvent(Event*)
1555412	_ZN9ItemStyleC2EPKc	todo	ItemStyle	ItemStyle	ItemStyle::ItemStyle(char const*)
1555454	_ZN9GuiCursorC2Ev	todo	GuiCursor	GuiCursor	GuiCursor::GuiCursor()
1555470	_ZN9GuiCursorD2Ev	todo	GuiCursor	~GuiCursor	GuiCursor::~GuiCursor()
1555495	_ZN8CheckBoxC2ERKSs	todo	CheckBox	CheckBox	CheckBox::CheckBox(std::basic_string<char, std::char_traits<char>, std::allocator<char> > const&)
1555630	_ZN5LabelD2Ev	todo	Label	~Label	Label::~Label()
1555888	_ZThn136_N5LabelD1Ev	todo	Label	~Label	non-virtual thunk to Label::~Label()
1555904	_ZThn280_N5LabelD1Ev	todo	Label	~Label	non-virtual thunk to Label::~Label()
1555920	_ZN5LabelD0Ev	todo	Label	~Label	Label::~Label()
1555941	_ZThn136_N5LabelD0Ev	todo	Label	~Label	non-virtual thunk to Label::~Label()
1555957	_ZThn280_N5LabelD0Ev	todo	Label	~Label	non-virtual thunk to Label::~Label()
1555973	_ZN5LabelC2ERKSs	todo	Label	Label	Label::Label(std::basic_string<char, std::char_traits<char>, std::allocator<char> > const&)
1556125	_ZN20RadioButtonCollectorC2Ev	todo	RadioButtonCollector	RadioButtonCollector	RadioButtonCollector::RadioButtonCollector()
1556256	_ZN7Spinner12OnTextChangeEi	todo	Spinner	OnTextChange	Spinner::OnTextChange(int)
1556299	_ZN7Spinner12ProcessEventEP5Event	todo	Spinner	ProcessEvent	Spinner::ProcessEvent(Event*)
1556627	_ZThn136_N7Spinner12ProcessEventEP5Event	todo	Spinner	ProcessEvent	non-virtual thunk to Spinner::ProcessEvent(Event*)
1556644	_ZN9ScrollBar12ProcessEventEP5Event	todo	ScrollBar	ProcessEvent	ScrollBar::ProcessEvent(Event*)
1556998	_ZThn136_N9ScrollBar12ProcessEventEP5Event	todo	ScrollBar	ProcessEvent	non-virtual thunk to ScrollBar::ProcessEvent(Event*)
1557015	_ZN9TabButton12ProcessEventEP5Event	todo	TabButton	ProcessEvent	TabButton::ProcessEvent(Event*)
1557067	_ZN5Label12ProcessEventEP5Event	todo	Label	ProcessEvent	Label::ProcessEvent(Event*)
1557159	_ZThn136_N5Label12ProcessEventEP5Event	todo	Label	ProcessEvent	non-virtual thunk to Label::ProcessEvent(Event*)
1557176	_ZN6BitmapD2Ev	todo	Bitmap	~Bitmap	Bitmap::~Bitmap()
1557347	_ZThn136_N6BitmapD1Ev	todo	Bitmap	~Bitmap	non-virtual thunk to Bitmap::~Bitmap()
1557363	_ZThn280_N6BitmapD1Ev	todo	Bitmap	~Bitmap	non-virtual thunk to Bitmap::~Bitmap()
1557379	_ZN6BitmapD0Ev	todo	Bitmap	~Bitmap	Bitmap::~Bitmap()
1557400	_ZThn136_N6BitmapD0Ev	todo	Bitmap	~Bitmap	non-virtual thunk to Bitmap::~Bitmap()
1557416	_ZThn280_N6BitmapD0Ev	todo	Bitmap	~Bitmap	non-virtual thunk to Bitmap::~Bitmap()
1557432	_ZN6BitmapC2ERKSsS1_	todo	Bitmap	Bitmap	Bitmap::Bitmap(std::basic_string<char, std::char_traits<char>, std::allocator<char> > const&, std::basic_string<char, std::char_traits<char>, std::allocator<char> > const&)
1557577	_ZN6Bitmap12ProcessEventEP5Event	todo	Bitmap	ProcessEvent	Bitmap::ProcessEvent(Event*)
1557709	_ZThn136_N6Bitmap12ProcessEventEP5Event	todo	Bitmap	ProcessEvent	non-virtual thunk to Bitmap::ProcessEvent(Event*)
1557726	_ZN11RadioButton12ProcessEventEP5Event	todo	RadioButton	ProcessEvent	RadioButton::ProcessEvent(Event*)
1557826	_ZN8CheckBox12ProcessEventEP5Event	todo	CheckBox	ProcessEvent	CheckBox::ProcessEvent(Event*)
1557965	_ZThn136_N8CheckBox12ProcessEventEP5Event	todo	CheckBox	ProcessEvent	non-virtual thunk to CheckBox::ProcessEvent(Event*)
1557982	_ZN6Button12ProcessEventEP5Event	todo	Button	ProcessEvent	Button::ProcessEvent(Event*)
1558091	_ZThn136_N6Button12ProcessEventEP5Event	todo	Button	ProcessEvent	non-virtual thunk to Button::ProcessEvent(Event*)
1558108	_ZN8TreeItemD2Ev	todo	TreeItem	~TreeItem	TreeItem::~TreeItem()
1558284	_ZN9ImageList3AddERKSs	todo	ImageList	Add	ImageList::Add(std::basic_string<char, std::char_traits<char>, std::allocator<char> > const&)
1558525	_ZN9StatusBarC2Ev	todo	StatusBar	StatusBar	StatusBar::StatusBar()
1558629	_ZN12GLCharBufferC2Ev	todo	GLCharBuffer	GLCharBuffer	GLCharBuffer::GLCharBuffer()
1558682	_ZN6ButtonC2ERKSs	todo	Button	Button	Button::Button(std::basic_string<char, std::char_traits<char>, std::allocator<char> > const&)
1558924	_ZN11RadioButtonC2ERKSs	todo	RadioButton	RadioButton	RadioButton::RadioButton(std::basic_string<char, std::char_traits<char>, std::allocator<char> > const&)
1559083	_ZN8TreeItemC2ERKSsRKSt6vectorIiSaIiEEb	todo	TreeItem	TreeItem	TreeItem::TreeItem(std::basic_string<char, std::char_traits<char>, std::allocator<char> > const&, std::vector<int, std::allocator<int> > const&, bool)
1559244	_ZN8TreeItemC2ERKSsiPv	todo	TreeItem	TreeItem	TreeItem::TreeItem(std::basic_string<char, std::char_traits<char>, std::allocator<char> > const&, int, void*)
1559350	_ZN8TreeItem8AddChildEPS_	todo	TreeItem	AddChild	TreeItem::AddChild(TreeItem*)
1559403	_ZN7Tooltip6RenderEv	todo	Tooltip	Render	Tooltip::Render()
1559604	_ZN5Label10FormatTextEv	todo	Label	FormatText	Label::FormatText()
1559867	_ZN5Label8SetLabelERKSs	todo	Label	SetLabel	Label::SetLabel(std::basic_string<char, std::char_traits<char>, std::allocator<char> > const&)
1559908	_ZN5Label6ResizeEv	todo	Label	Resize	Label::Resize()
1559923	_ZThn136_N5Label6ResizeEv	todo	Label	Resize	non-virtual thunk to Label::Resize()
1559939	_ZN6TabBar9AddButtonEP9TabButton	todo	TabBar	AddButton	TabBar::AddButton(TabButton*)
1560093	_ZN9TabButtonC2ERKSsPKcSt8functionIFviEE	todo	TabButton	TabButton	TabButton::TabButton(std::basic_string<char, std::char_traits<char>, std::allocator<char> > const&, char const*, std::function<void (int)>)
1560227	_ZN8Notebook6AddTabERKSsP9Container	todo	Notebook	AddTab	Notebook::AddTab(std::basic_string<char, std::char_traits<char>, std::allocator<char> > const&, Container*)
1560372	_ZN7SpinnerC2Eiii	todo	Spinner	Spinner	Spinner::Spinner(int, int, int)
1560595	_ZN7SpinnerC2Ev	todo	Spinner	Spinner	Spinner::Spinner()
1560806	_ZN20RadioButtonCollector3SetERKSsRK13wxArrayStringi	todo	RadioButtonCollector	Set	RadioButtonCollector::Set(std::basic_string<char, std::char_traits<char>, std::allocator<char> > const&, wxArrayString const&, int)
1561261	_ZN13MessageDialogC2ERKSsS1_b	todo	MessageDialog	MessageDialog	MessageDialog::MessageDialog(std::basic_string<char, std::char_traits<char>, std::allocator<char> > const&, std::basic_string<char, std::char_traits<char>, std::allocator<char> > const&, bool)
1561911	_ZN12OptionDialogC2ERKSsS1_S1_S1_S1_S1_	todo	OptionDialog	OptionDialog	OptionDialog::OptionDialog(std::basic_string<char, std::char_traits<char>, std::allocator<char> > const&, std::basic_string<char, std::char_traits<char>, std::allocator<char> > const&, std::basic_string<char, std::char_traits<char>, std::allocator<char> > const&, std::basic_string<char, std::char_traits<char>, std::allocator<char> > const&, std::basic_string<char, std::char_traits<char>, std::allocator<char> > const&, std::basic_string<char, std::char_traits<char>, std::allocator<char> > const&)
1562447	_ZN7Tooltip10FormatTextEv	todo	Tooltip	FormatText	Tooltip::FormatText()
1562690	_ZN7Tooltip10SetToolTipERKSs	todo	Tooltip	SetToolTip	Tooltip::SetToolTip(std::basic_string<char, std::char_traits<char>, std::allocator<char> > const&)
1562710	_ZN13TooltipHolder10SetToolTipERKSs	todo	TooltipHolder	SetToolTip	TooltipHolder::SetToolTip(std::basic_string<char, std::char_traits<char>, std::allocator<char> > const&)
1562746	_ZN13TooltipHolder11TooltipTickEv_part_320	todo	TooltipHolder	TooltipTick	TooltipHolder::TooltipTick()
1562829	_ZN13TooltipHolder11TooltipTickEv	todo	TooltipHolder	TooltipTick	TooltipHolder::TooltipTick()
1562868	_ZN8CheckBox6RenderEv	todo	CheckBox	Render	CheckBox::Render()
1563035	_ZThn136_N8CheckBox6RenderEv	todo	CheckBox	Render	non-virtual thunk to CheckBox::Render()
1563051	_ZN6Bitmap6RenderEv	todo	Bitmap	Render	Bitmap::Render()
1563341	_ZThn136_N6Bitmap6RenderEv	todo	Bitmap	Render	non-virtual thunk to Bitmap::Render()
1563357	_ZN5Label6RenderEv	todo	Label	Render	Label::Render()
1563679	_ZThn136_N5Label6RenderEv	todo	Label	Render	non-virtual thunk to Label::Render()
1563695	_ZN6Button6RenderEv	todo	Button	Render	Button::Render()
1563883	_ZThn136_N6Button6RenderEv	todo	Button	Render	non-virtual thunk to Button::Render()
1563899	_ZN11RadioButton6RenderEv	todo	RadioButton	Render	RadioButton::Render()
1564069	_ZN13TooltipHolder11TooltipShowEv	todo	TooltipHolder	TooltipShow	TooltipHolder::TooltipShow()
1564156	_ZN9StatusBar9SetColumnEiRKSs	todo	StatusBar	SetColumn	StatusBar::SetColumn(int, std::basic_string<char, std::char_traits<char>, std::allocator<char> > const&)
1564312	_ZN9Component11RefreshSizeEv	todo	Component	RefreshSize	Component::RefreshSize()
1564327	_ZN9Component22GetComponentUnderMouseE5point	todo	Component	GetComponentUnderMouse	Component::GetComponentUnderMouse(point)
1564344	_ZN9Component26GetRecursiveFocusComponentEv	todo	Component	GetRecursiveFocusComponent	Component::GetRecursiveFocusComponent()
1564361	_ZN7TextBox22GetComponentUnderMouseE5point	todo	TextBox	GetComponentUnderMouse	TextBox::GetComponentUnderMouse(point)
1564378	_ZThn136_N7TextBox22GetComponentUnderMouseE5point	todo	TextBox	GetComponentUnderMouse	non-virtual thunk to TextBox::GetComponentUnderMouse(point)
1564395	_ZN5TweenD2Ev	todo	Tween	~Tween	Tween::~Tween()
1564421	_ZN10StaticLineD2Ev	todo	StaticLine	~StaticLine	StaticLine::~StaticLine()
1564437	_ZN6SliderD2Ev	todo	Slider	~Slider	Slider::~Slider()
1564453	_ZN11DialogTitleD2Ev	todo	DialogTitle	~DialogTitle	DialogTitle::~DialogTitle()
1564493	_ZThn136_N11DialogTitleD1Ev	todo	DialogTitle	~DialogTitle	non-virtual thunk to DialogTitle::~DialogTitle()
1564509	_ZN9ItemStyleD2Ev	todo	ItemStyle	~ItemStyle	ItemStyle::~ItemStyle()
1564549	_ZThn136_N9ItemStyleD1Ev	todo	ItemStyle	~ItemStyle	non-virtual thunk to ItemStyle::~ItemStyle()
1564565	_ZN8ViewportD2Ev	todo	Viewport	~Viewport	Viewport::~Viewport()
1564605	_ZThn144_N8ViewportD1Ev	todo	Viewport	~Viewport	non-virtual thunk to Viewport::~Viewport()
1564621	_ZN13ResizerHandleD2Ev	todo	ResizerHandle	~ResizerHandle	ResizerHandle::~ResizerHandle()
1564661	_ZThn144_N13ResizerHandleD1Ev	todo	ResizerHandle	~ResizerHandle	non-virtual thunk to ResizerHandle::~ResizerHandle()
1564677	_ZN11ProgressBarD2Ev	todo	ProgressBar	~ProgressBar	ProgressBar::~ProgressBar()
1564717	_ZThn144_N11ProgressBarD1Ev	todo	ProgressBar	~ProgressBar	non-virtual thunk to ProgressBar::~ProgressBar()
1564733	_ZN3BarD2Ev	todo	Bar	~Bar	Bar::~Bar()
1564819	_ZN10StaticLineD0Ev	todo	StaticLine	~StaticLine	StaticLine::~StaticLine()
1564840	_ZN3BarD0Ev	todo	Bar	~Bar	Bar::~Bar()
1564861	_ZN6SliderD0Ev	todo	Slider	~Slider	Slider::~Slider()
1564882	_ZN9StaticBoxD2Ev	todo	StaticBox	~StaticBox	StaticBox::~StaticBox()
1564942	_ZThn200_N9StaticBoxD1Ev	todo	StaticBox	~StaticBox	non-virtual thunk to StaticBox::~StaticBox()
1564958	_ZN13ResizerHandleD0Ev	todo	ResizerHandle	~ResizerHandle	ResizerHandle::~ResizerHandle()
1564998	_ZThn144_N13ResizerHandleD0Ev	todo	ResizerHandle	~ResizerHandle	non-virtual thunk to ResizerHandle::~ResizerHandle()
1565014	_ZN8ViewportD0Ev	todo	Viewport	~Viewport	Viewport::~Viewport()
1565054	_ZThn144_N8ViewportD0Ev	todo	Viewport	~Viewport	non-virtual thunk to Viewport::~Viewport()
1565070	_ZN11ProgressBarD0Ev	todo	ProgressBar	~ProgressBar	ProgressBar::~ProgressBar()
1565110	_ZThn144_N11ProgressBarD0Ev	todo	ProgressBar	~ProgressBar	non-virtual thunk to ProgressBar::~ProgressBar()
1565126	_ZN11DialogTitleD0Ev	todo	DialogTitle	~DialogTitle	DialogTitle::~DialogTitle()
1565166	_ZThn136_N11DialogTitleD0Ev	todo	DialogTitle	~DialogTitle	non-virtual thunk to DialogTitle::~DialogTitle()
1565182	_ZN9ItemStyleD0Ev	todo	ItemStyle	~ItemStyle	ItemStyle::~ItemStyle()
1565222	_ZThn136_N9ItemStyleD0Ev	todo	ItemStyle	~ItemStyle	non-virtual thunk to ItemStyle::~ItemStyle()
1565264	_ZN9StaticBoxD0Ev	todo	StaticBox	~StaticBox	StaticBox::~StaticBox()
1565326	_ZThn200_N9StaticBoxD0Ev	todo	StaticBox	~StaticBox	non-virtual thunk to StaticBox::~StaticBox()
1565342	_ZN12OptionDialogD0Ev	todo	OptionDialog	~OptionDialog	OptionDialog::~OptionDialog()
1565548	_ZThn136_N12OptionDialogD0Ev	todo	OptionDialog	~OptionDialog	non-virtual thunk to OptionDialog::~OptionDialog()
1565564	_ZN13MessageDialogD0Ev	todo	MessageDialog	~MessageDialog	MessageDialog::~MessageDialog()
1565770	_ZThn136_N13MessageDialogD0Ev	todo	MessageDialog	~MessageDialog	non-virtual thunk to MessageDialog::~MessageDialog()
1565786	_ZN13MessageDialogD2Ev	todo	MessageDialog	~MessageDialog	MessageDialog::~MessageDialog()
1565990	_ZThn136_N13MessageDialogD1Ev	todo	MessageDialog	~MessageDialog	non-virtual thunk to MessageDialog::~MessageDialog()
1566006	_ZN12OptionDialogD2Ev	todo	OptionDialog	~OptionDialog	OptionDialog::~OptionDialog()
1566210	_ZThn136_N12OptionDialogD1Ev	todo	OptionDialog	~OptionDialog	non-virtual thunk to OptionDialog::~OptionDialog()
1566226	_ZN15EventRegistererIiED2Ev	todo	EventRegisterer<int>	~EventRegisterer	EventRegisterer<int>::~EventRegisterer()
1566281	_ZN6DialogD2Ev	todo	Dialog	~Dialog	Dialog::~Dialog()
1566485	_ZThn136_N6DialogD1Ev	todo	Dialog	~Dialog	non-virtual thunk to Dialog::~Dialog()
1566501	_ZN6DialogD0Ev	todo	Dialog	~Dialog	Dialog::~Dialog()
1566521	_ZThn136_N6DialogD0Ev	todo	Dialog	~Dialog	non-virtual thunk to Dialog::~Dialog()
1566593	_ZN7SpinnerD2Ev	todo	Spinner	~Spinner	Spinner::~Spinner()
1566618	_ZThn136_N7SpinnerD1Ev	todo	Spinner	~Spinner	non-virtual thunk to Spinner::~Spinner()
1566634	_ZThn336_N7SpinnerD1Ev	todo	Spinner	~Spinner	non-virtual thunk to Spinner::~Spinner()
1566650	_ZN20RadioButtonCollectorD2Ev	todo	RadioButtonCollector	~RadioButtonCollector	RadioButtonCollector::~RadioButtonCollector()
1566678	_ZN9ScrollBarD2Ev	todo	ScrollBar	~ScrollBar	ScrollBar::~ScrollBar()
1566720	_ZThn136_N9ScrollBarD1Ev	todo	ScrollBar	~ScrollBar	non-virtual thunk to ScrollBar::~ScrollBar()
1566736	_ZN9TabButtonD2Ev	todo	TabButton	~TabButton	TabButton::~TabButton()
1566869	_ZThn144_N9TabButtonD1Ev	todo	TabButton	~TabButton	non-virtual thunk to TabButton::~TabButton()
1566885	_ZN7SpinnerD0Ev	todo	Spinner	~Spinner	Spinner::~Spinner()
1566912	_ZThn136_N7SpinnerD0Ev	todo	Spinner	~Spinner	non-virtual thunk to Spinner::~Spinner()
1566928	_ZThn336_N7SpinnerD0Ev	todo	Spinner	~Spinner	non-virtual thunk to Spinner::~Spinner()
1566944	_ZN20RadioButtonCollectorD0Ev	todo	RadioButtonCollector	~RadioButtonCollector	RadioButtonCollector::~RadioButtonCollector()
1566974	_ZN9ScrollBarD0Ev	todo	ScrollBar	~ScrollBar	ScrollBar::~ScrollBar()
1567018	_ZThn136_N9ScrollBarD0Ev	todo	ScrollBar	~ScrollBar	non-virtual thunk to ScrollBar::~ScrollBar()
1567034	_ZN9TabButtonD0Ev	todo	TabButton	~TabButton	TabButton::~TabButton()
1567168	_ZThn144_N9TabButtonD0Ev	todo	TabButton	~TabButton	non-virtual thunk to TabButton::~TabButton()
1567184	_ZN9StatusBarD2Ev	todo	StatusBar	~StatusBar	StatusBar::~StatusBar()
1567367	_ZThn136_N9StatusBarD1Ev	todo	StatusBar	~StatusBar	non-virtual thunk to StatusBar::~StatusBar()
1567383	_ZN9StatusBarD0Ev	todo	StatusBar	~StatusBar	StatusBar::~StatusBar()
1567403	_ZThn136_N9StatusBarD0Ev	todo	StatusBar	~StatusBar	non-virtual thunk to StatusBar::~StatusBar()
1567475	_ZN8CheckBoxD2Ev	todo	CheckBox	~CheckBox	CheckBox::~CheckBox()
1567619	_ZThn136_N8CheckBoxD1Ev	todo	CheckBox	~CheckBox	non-virtual thunk to CheckBox::~CheckBox()
1567635	_ZThn280_N8CheckBoxD1Ev	todo	CheckBox	~CheckBox	non-virtual thunk to CheckBox::~CheckBox()
1567651	_ZN8CheckBoxD0Ev	todo	CheckBox	~CheckBox	CheckBox::~CheckBox()
1567672	_ZThn136_N8CheckBoxD0Ev	todo	CheckBox	~CheckBox	non-virtual thunk to CheckBox::~CheckBox()
1567688	_ZThn280_N8CheckBoxD0Ev	todo	CheckBox	~CheckBox	non-virtual thunk to CheckBox::~CheckBox()
1567704	_ZN11RadioButtonD2Ev	todo	RadioButton	~RadioButton	RadioButton::~RadioButton()
1567904	_ZThn144_N11RadioButtonD1Ev	todo	RadioButton	~RadioButton	non-virtual thunk to RadioButton::~RadioButton()
1567920	_ZThn280_N11RadioButtonD1Ev	todo	RadioButton	~RadioButton	non-virtual thunk to RadioButton::~RadioButton()
1567936	_ZN11RadioButtonD0Ev	todo	RadioButton	~RadioButton	RadioButton::~RadioButton()
1568138	_ZThn144_N11RadioButtonD0Ev	todo	RadioButton	~RadioButton	non-virtual thunk to RadioButton::~RadioButton()
1568154	_ZThn280_N11RadioButtonD0Ev	todo	RadioButton	~RadioButton	non-virtual thunk to RadioButton::~RadioButton()
1568226	_ZN6ButtonD2Ev	todo	Button	~Button	Button::~Button()
1568449	_ZThn136_N6ButtonD1Ev	todo	Button	~Button	non-virtual thunk to Button::~Button()
1568465	_ZThn280_N6ButtonD1Ev	todo	Button	~Button	non-virtual thunk to Button::~Button()
1568481	_ZN6ButtonD0Ev	todo	Button	~Button	Button::~Button()
1568502	_ZThn136_N6ButtonD0Ev	todo	Button	~Button	non-virtual thunk to Button::~Button()
1568518	_ZThn280_N6ButtonD0Ev	todo	Button	~Button	non-virtual thunk to Button::~Button()
1568558	_ZNK15EventRegistererIiEclEi	todo	EventRegisterer<int>	operator	EventRegisterer<int>::operator()(int) const
1568697	_ZNK15EventRegistererIP6BitmapEclES1_	todo	EventRegisterer<Bitmap*>	operator	EventRegisterer<Bitmap*>::operator()(Bitmap*) const
1568741	_ZNK15EventRegistererIbEclEb	todo	EventRegisterer<bool>	operator	EventRegisterer<bool>::operator()(bool) const
1568792	_ZNK15EventRegistererIP6ButtonEclES1_	todo	EventRegisterer<Button*>	operator	EventRegisterer<Button*>::operator()(Button*) const
1570497	_GLOBAL__sub_I_roffsetx	todo	(free function)	_GLOBAL__sub_I_roffsetx	_GLOBAL__sub_I_roffsetx
1570573	edgedf_part_10	todo	(free function)	edgedf_part_10	edgedf_part_10
1570709	_ZN18no_check_checker_t9to_stringEv_2	todo	no_check_checker_t	to_string	no_check_checker_t::to_string()
1570735	_Z21decode_utf8_next_charPPKcS0_	todo	(free function)	decode_utf8_next_char	decode_utf8_next_char(char const**, char const*)
1570765	_Z8isArabicw	todo	(free function)	isArabic	isArabic(wchar_t)
1570786	_Z16isStrongEuropeanw	todo	(free function)	isStrongEuropean	isStrongEuropean(wchar_t)
1570901	_Z11RenderSpansRP14FT_LibraryRec_P11FT_Outline_PSt6vectorI4SpanSaIS5_EE	todo	(free function)	RenderSpans	RenderSpans(FT_LibraryRec_*&, FT_Outline_*, std::vector<Span, std::allocator<Span> >*)
1570933	computegradient	todo	(free function)	computegradient	computegradient
1571113	edgedf	todo	(free function)	edgedf	edgedf
1571276	distaa3	todo	(free function)	distaa3	distaa3
1571421	edtaa3	todo	(free function)	edtaa3	edtaa3
1580119	_Z12distance_mapPdjj	todo	(free function)	distance_map	distance_map(double*, unsigned int, unsigned int)
1580463	_Z17MitchellNetravalif	todo	(free function)	MitchellNetravali	MitchellNetravali(float)
1580521	_Z11interpolatefffff	todo	(free function)	interpolate	interpolate(float, float, float, float, float)
1580714	_Z6resizePdmmS_mm	todo	(free function)	resize	resize(double*, unsigned long, unsigned long, double*, unsigned long, unsigned long)
1582003	_ZN18TSpritePartTextureD2Ev	todo	TSpritePartTexture	~TSpritePartTexture	TSpritePartTexture::~TSpritePartTexture()
1582060	_ZN18TSpritePartTextureD0Ev	todo	TSpritePartTexture	~TSpritePartTexture	TSpritePartTexture::~TSpritePartTexture()
1582118	_ZN18TSpritePartTexture9AddSpriteEiiPc	todo	TSpritePartTexture	AddSprite	TSpritePartTexture::AddSprite(int, int, char*)
1582229	_ZN18TSpritePartTexture6DeleteEv	todo	TSpritePartTexture	Delete	TSpritePartTexture::Delete()
1582255	_ZN18TSpritePartTexture3SetEv	todo	TSpritePartTexture	Set	TSpritePartTexture::Set()
1582280	_ZN13TFreetypeFont9CharacterC2Ev	todo	TFreetypeFont::Character	Character	TFreetypeFont::Character::Character()
1582300	_ZN18TSpritePartTexture5ClearEv	todo	TSpritePartTexture	Clear	TSpritePartTexture::Clear()
1582405	_ZN13TFreetypeFont13CheckFillRateEv	todo	TFreetypeFont	CheckFillRate	TFreetypeFont::CheckFillRate()
1582520	_ZN18TSpritePartTexture6CreateEii	todo	TSpritePartTexture	Create	TSpritePartTexture::Create(int, int)
1582658	_ZN18TSpritePartTextureC2Ev	todo	TSpritePartTexture	TSpritePartTexture	TSpritePartTexture::TSpritePartTexture()
1582713	_ZN13TFreetypeFontC2EPvm	todo	TFreetypeFont	TFreetypeFont	TFreetypeFont::TFreetypeFont(void*, unsigned long)
1582923	_ZN13TFreetypeFontC2Ev	todo	TFreetypeFont	TFreetypeFont	TFreetypeFont::TFreetypeFont()
1583131	_ZN13TFreetypeFont15CreateCharIndexEjPS_	todo	TFreetypeFont	CreateCharIndex	TFreetypeFont::CreateCharIndex(unsigned int, TFreetypeFont*)
1584092	_ZN13TFreetypeFont12GetCharIndexEj	todo	TFreetypeFont	GetCharIndex	TFreetypeFont::GetCharIndex(unsigned int)
1584217	_ZN13TFreetypeFont10CreateCharEjPS_	todo	TFreetypeFont	CreateChar	TFreetypeFont::CreateChar(unsigned int, TFreetypeFont*)
1584524	_ZN13TFreetypeFont7GetCharEj	todo	TFreetypeFont	GetChar	TFreetypeFont::GetChar(unsigned int)
1584830	_ZN13TFreetypeFont12StringLengthEPKcS1_	todo	TFreetypeFont	StringLength	TFreetypeFont::StringLength(char const*, char const*)
1584949	_ZN13TFreetypeFont12StringLengthERKSs	todo	TFreetypeFont	StringLength	TFreetypeFont::StringLength(std::basic_string<char, std::char_traits<char>, std::allocator<char> > const&)
1584976	_ZN13TFreetypeFont21RenderStringMultilineEiiiiRKSt6vectorISsSaISsEERKS0_I6regionSaIS5_EEi	todo	TFreetypeFont	RenderStringMultiline	TFreetypeFont::RenderStringMultiline(int, int, int, int, std::vector<std::basic_string<char, std::char_traits<char>, std::allocator<char> >, std::allocator<std::basic_string<char, std::char_traits<char>, std::allocator<char> > > > const&, std::vector<region, std::allocator<region> > const&, int)
1585161	_ZN13TFreetypeFont14GetPixelAtCharERKSsmmi	todo	TFreetypeFont	GetPixelAtChar	TFreetypeFont::GetPixelAtChar(std::basic_string<char, std::char_traits<char>, std::allocator<char> > const&, unsigned long, unsigned long, int)
1585243	_ZN13TFreetypeFont14GetCharAtPixelERKSsmmi	todo	TFreetypeFont	GetCharAtPixel	TFreetypeFont::GetCharAtPixel(std::basic_string<char, std::char_traits<char>, std::allocator<char> > const&, unsigned long, unsigned long, int)
1585339	_Z12ReleaseEntryP14FontCacheEntry_part_118	todo	(free function)	ReleaseEntry	ReleaseEntry(FontCacheEntry*)
1585516	_Z12ReleaseEntryP14FontCacheEntry	todo	(free function)	ReleaseEntry	ReleaseEntry(FontCacheEntry*)
1585541	_ZN13TFreetypeFont5ClearEv	todo	TFreetypeFont	Clear	TFreetypeFont::Clear()
1585671	_ZN13TFreetypeFontD2Ev	todo	TFreetypeFont	~TFreetypeFont	TFreetypeFont::~TFreetypeFont()
1585890	_ZN13TFreetypeFontD0Ev	todo	TFreetypeFont	~TFreetypeFont	TFreetypeFont::~TFreetypeFont()
1585910	_Z14RasterCallbackiiPK8FT_Span_Pv	todo	(free function)	RasterCallback	RasterCallback(int, int, FT_Span_ const*, void*)
1585986	_Z7itemizeR8wxString	todo	(free function)	itemize	itemize(wxString&)
1586955	_ZN13TFreetypeFont14RenderString_iEffPKcS1_fPSt6vectorI6regionSaIS3_EEiP12GLCharBufferb	todo	TFreetypeFont	RenderString_i	TFreetypeFont::RenderString_i(float, float, char const*, char const*, float, std::vector<region, std::allocator<region> >*, int, GLCharBuffer*, bool)
1588876	_ZN13TFreetypeFont12RenderStringEffRKSsfiiP12GLCharBufferb	todo	TFreetypeFont	RenderString	TFreetypeFont::RenderString(float, float, std::basic_string<char, std::char_traits<char>, std::allocator<char> > const&, float, int, int, GLCharBuffer*, bool)
1588913	_ZN13TFreetypeFont10CreateFontERK8wxStringfibfibRK7wxPoint	todo	TFreetypeFont	CreateFont	TFreetypeFont::CreateFont(wxString const&, float, int, bool, float, int, bool, wxPoint const&)
1589320	_ZN13TFreetypeFontC2ERKSs	todo	TFreetypeFont	TFreetypeFont	TFreetypeFont::TFreetypeFont(std::basic_string<char, std::char_traits<char>, std::allocator<char> > const&)
1589597	_ZN11BaseTextureD2Ev	todo	BaseTexture	~BaseTexture	BaseTexture::~BaseTexture()
1589613	_ZN14FreetypeHolderD2Ev	todo	FreetypeHolder	~FreetypeHolder	FreetypeHolder::~FreetypeHolder()
1589630	_ZN11BaseTextureD0Ev	todo	BaseTexture	~BaseTexture	BaseTexture::~BaseTexture()
1589687	_ZN7HashMapIii7KeyHashIiEED2Ev	todo	HashMap<int, int, KeyHash<int> >	~HashMap	HashMap<int, int, KeyHash<int> >::~HashMap()
1589759	_ZN7HashMapIiN13TFreetypeFont9CharacterE7KeyHashIiEED2Ev	todo	HashMap<int, TFreetypeFont::Character, KeyHash<int> >	~HashMap	HashMap<int, TFreetypeFont::Character, KeyHash<int> >::~HashMap()
1589900	_ZN7HashMapIiN13TFreetypeFont9CharacterE7KeyHashIiEEixERKi	todo	HashMap<int, TFreetypeFont::Character, KeyHash<int> >	operator[]	HashMap<int, TFreetypeFont::Character, KeyHash<int> >::operator[](int const&)
1589996	_ZN7HashMapIiN13TFreetypeFont9CharacterE7KeyHashIiEE3putERKiRKS1_	todo	HashMap<int, TFreetypeFont::Character, KeyHash<int> >	put	HashMap<int, TFreetypeFont::Character, KeyHash<int> >::put(int const&, TFreetypeFont::Character const&)
1590100	_ZN7HashMapIii7KeyHashIiEEixERKi	todo	HashMap<int, int, KeyHash<int> >	operator[]	HashMap<int, int, KeyHash<int> >::operator[](int const&)
1591922	_GLOBAL__sub_I_curFont	todo	(free function)	_GLOBAL__sub_I_curFont	_GLOBAL__sub_I_curFont
1591979	_ZN9Component14InformDeletionEPS_	todo	Component	InformDeletion	Component::InformDeletion(Component*)
1591995	_ZN9Component6RenderEv	todo	Component	Render	Component::Render()
1592010	_ZN9Component8SetDirtyEv	todo	Component	SetDirty	Component::SetDirty()
1592033	_ZN9Component7GetBaseEv	todo	Component	GetBase	Component::GetBase()
1592057	_ZN9Component6ResizeEii	todo	Component	Resize	Component::Resize(int, int)
1592072	_ZN9Component12ProcessEventERK5Event	todo	Component	ProcessEvent	Component::ProcessEvent(Event const&)
1592091	_ZN9Component6EnableEb	todo	Component	Enable	Component::Enable(bool)
1592111	_ZN9Component9GetCursorERP9GuiCursor	todo	Component	GetCursor	Component::GetCursor(GuiCursor*&)
1592130	_ZN9Container26GetRecursiveFocusComponentEv	todo	Container	GetRecursiveFocusComponent	Container::GetRecursiveFocusComponent()
1592158	_ZN9Container9GetCursorERP9GuiCursor	todo	Container	GetCursor	Container::GetCursor(GuiCursor*&)
1592210	_ZN9Component7ScissorERK4rect	todo	Component	Scissor	Component::Scissor(rect const&)
1592250	_ZN9Component10GetRealPosERiS0_b	todo	Component	GetRealPos	Component::GetRealPos(int&, int&, bool)
1592285	_ZN13BaseContainer10GetRealPosERiS0_b	todo	BaseContainer	GetRealPos	BaseContainer::GetRealPos(int&, int&, bool)
1592301	_ZN9Container14InformDeletionEP9Component	todo	Container	InformDeletion	Container::InformDeletion(Component*)
1592345	_ZN9Container6ResizeEii	todo	Container	Resize	Container::Resize(int, int)
1592366	_ZN9Container12ProcessEventERK5Event	todo	Container	ProcessEvent	Container::ProcessEvent(Event const&)
1592384	_ZN13BaseContainer6ResizeEii	todo	BaseContainer	Resize	BaseContainer::Resize(int, int)
1592406	_ZN13BaseContainer8SetDirtyEv	todo	BaseContainer	SetDirty	BaseContainer::SetDirty()
1592422	_ZN10ScrollPane13ScrollChangedEv	todo	ScrollPane	ScrollChanged	ScrollPane::ScrollChanged()
1592447	_ZN10ScrollPane7ScissorERK4rect	todo	ScrollPane	Scissor	ScrollPane::Scissor(rect const&)
1592481	_ZN10ScrollPane22GetComponentUnderMouseE5point	todo	ScrollPane	GetComponentUnderMouse	ScrollPane::GetComponentUnderMouse(point)
1592500	_ZN10ScrollPane10GetRealPosERiS0_b	todo	ScrollPane	GetRealPos	ScrollPane::GetRealPos(int&, int&, bool)
1592518	_ZN10ScrollPane6RenderEv	todo	ScrollPane	Render	ScrollPane::Render()
1592628	_ZN9Container22GetComponentUnderMouseE5point	todo	Container	GetComponentUnderMouse	Container::GetComponentUnderMouse(point)
1592736	_ZN9Component12ProcessEventEP5Event	todo	Component	ProcessEvent	Component::ProcessEvent(Event*)
1592803	_ZN9Component10ReloadSkinEv	todo	Component	ReloadSkin	Component::ReloadSkin()
1592836	_ZN9Component6ResizeEv	todo	Component	Resize	Component::Resize()
1592869	_ZN12EventHandlerD2Ev	todo	EventHandler	~EventHandler	EventHandler::~EventHandler()
1592938	_ZN9Component9DebugDrawEv	todo	Component	DebugDraw	Component::DebugDraw()
1593039	_ZN9Container11RefreshSizeEv	todo	Container	RefreshSize	Container::RefreshSize()
1593118	_ZN9Container6ResizeEv	todo	Container	Resize	Container::Resize()
1593242	_ZN13BaseContainer6ResizeEv	todo	BaseContainer	Resize	BaseContainer::Resize()
1593258	_ZN10ScrollPane6ResizeEv	todo	ScrollPane	Resize	ScrollPane::Resize()
1593301	_ZN9Container10ReloadSkinEv	todo	Container	ReloadSkin	Container::ReloadSkin()
1593351	_ZN10ScrollPane11RefreshSizeEv	todo	ScrollPane	RefreshSize	ScrollPane::RefreshSize()
1593401	_ZN5Event5CloneEv	todo	Event	Clone	Event::Clone()
1593458	_ZN13BaseContainer22GetComponentUnderMouseE5point	todo	BaseContainer	GetComponentUnderMouse	BaseContainer::GetComponentUnderMouse(point)
1593632	_ZN13BaseContainer14InformDeletionEP9Component	todo	BaseContainer	InformDeletion	BaseContainer::InformDeletion(Component*)
1593854	_ZN9Container6RenderEv	todo	Container	Render	Container::Render()
1593990	_ZN9Container9DebugDrawEv	todo	Container	DebugDraw	Container::DebugDraw()
1594091	_ZN13BaseContainer9DebugDrawEv	todo	BaseContainer	DebugDraw	BaseContainer::DebugDraw()
1594134	_ZN9Component8SetFocusEv	todo	Component	SetFocus	Component::SetFocus()
1594184	_ZN12EventHandlerD0Ev	todo	EventHandler	~EventHandler	EventHandler::~EventHandler()
1594254	_ZN13BaseContainer10ReloadSkinEv	todo	BaseContainer	ReloadSkin	BaseContainer::ReloadSkin()
1594305	_ZN5Event10FocusEventE9EventTypeP9Component	todo	Event	FocusEvent	Event::FocusEvent(EventType, Component*)
1594325	_ZN12EventHandler20ProcessPendingEventsEv	todo	EventHandler	ProcessPendingEvents	EventHandler::ProcessPendingEvents()
1594386	_ZN9Component9SetCursorE7eCursor	todo	Component	SetCursor	Component::SetCursor(eCursor)
1594403	_ZN9Component10SetDomNameEPKc	todo	Component	SetDomName	Component::SetDomName(char const*)
1594435	_ZN9Component10GetDomNameEv	todo	Component	GetDomName	Component::GetDomName()
1594450	_ZN9Component9SetCursorEP9GuiCursor	todo	Component	SetCursor	Component::SetCursor(GuiCursor*)
1594467	_ZN9Component7IsDirtyEv	todo	Component	IsDirty	Component::IsDirty()
1594482	_ZN9Component13HasMouseFocusEv	todo	Component	HasMouseFocus	Component::HasMouseFocus()
1594509	_ZN9Component8HasFocusEv	todo	Component	HasFocus	Component::HasFocus()
1594535	_ZN9Component10HasCaptureEv	todo	Component	HasCapture	Component::HasCapture()
1594561	_ZN9Component21SetCanReceiveDblClickEv	todo	Component	SetCanReceiveDblClick	Component::SetCanReceiveDblClick()
1594579	_ZN9Component18CanReceiveDblClickEv	todo	Component	CanReceiveDblClick	Component::CanReceiveDblClick()
1594595	_ZN9Component12CaptureMouseEv	todo	Component	CaptureMouse	Component::CaptureMouse()
1594630	_ZN9Component9FreeMouseEv	todo	Component	FreeMouse	Component::FreeMouse()
1594665	_ZN9Component10WantsFocusEv	todo	Component	WantsFocus	Component::WantsFocus()
1594715	_ZN9Container12ProcessEventEP5Event	todo	Container	ProcessEvent	Container::ProcessEvent(Event*)
1595179	_ZN13BaseContainer12ProcessEventEP5Event	todo	BaseContainer	ProcessEvent	BaseContainer::ProcessEvent(Event*)
1595596	_ZN13BaseContainer12ProcessEventERK5Event	todo	BaseContainer	ProcessEvent	BaseContainer::ProcessEvent(Event const&)
1595612	_ZN9Component4HideEv	todo	Component	Hide	Component::Hide()
1595627	_ZN9Component7IsShownEv	todo	Component	IsShown	Component::IsShown()
1595643	_ZN9Component9IsEnabledEv	todo	Component	IsEnabled	Component::IsEnabled()
1595701	_ZN9Component9GetParentEv	todo	Component	GetParent	Component::GetParent()
1595717	_ZN9Component9SetParentEP9Container	todo	Component	SetParent	Component::SetParent(Container*)
1595734	_ZN9Component11getPositionEv	todo	Component	getPosition	Component::getPosition()
1595750	_ZN9Component11SetPositionERK4rect	todo	Component	SetPosition	Component::SetPosition(rect const&)
1595768	_ZN9Component11SetPositionEii	todo	Component	SetPosition	Component::SetPosition(int, int)
1595786	_ZN9Component10SetMaxSizeERK7guisize	todo	Component	SetMaxSize	Component::SetMaxSize(guisize const&)
1595805	_ZN9Component7GetSizeEv	todo	Component	GetSize	Component::GetSize()
1595828	_ZN9Component10GetMaxSizeEv	todo	Component	GetMaxSize	Component::GetMaxSize()
1595844	_ZN9Component7DisableEv	todo	Component	Disable	Component::Disable()
1595859	_ZN9Component4ShowEb	todo	Component	Show	Component::Show(bool)
1595874	_ZN9Component13GetScrollPaneEv	todo	Component	GetScrollPane	Component::GetScrollPane()
1595890	_ZN9Container22GetMouseFocusComponentEv	todo	Container	GetMouseFocusComponent	Container::GetMouseFocusComponent()
1595906	_ZN9Container11GetChildrenEv	todo	Container	GetChildren	Container::GetChildren()
1595921	_ZN9Container13ClearChildrenEv	todo	Container	ClearChildren	Container::ClearChildren()
1595938	_ZN9Container11RemoveChildEP9Component	todo	Container	RemoveChild	Container::RemoveChild(Component*)
1596041	_ZN9Container8HasChildEP9Component	todo	Container	HasChild	Container::HasChild(Component*)
1596087	_ZN9Component7ScissorEv	todo	Component	Scissor	Component::Scissor()
1596114	_ZN13BaseContainer14ScissorDisableEv	todo	BaseContainer	ScissorDisable	BaseContainer::ScissorDisable()
1596168	_ZN13BaseContainer15HasModalOverlayEv	todo	BaseContainer	HasModalOverlay	BaseContainer::HasModalOverlay()
1596225	_Z9Intersect4rectRKS_	todo	(free function)	Intersect	Intersect(rect, rect const&)
1596239	_ZN13BaseContainer14RestoreScissorEv	todo	BaseContainer	RestoreScissor	BaseContainer::RestoreScissor()
1596276	_ZN9Container17GetFocusComponentEv	todo	Container	GetFocusComponent	Container::GetFocusComponent()
1596292	_ZN9Container19GetCaptureComponentEv	todo	Container	GetCaptureComponent	Container::GetCaptureComponent()
1596308	_ZN9Container8SetSizerEP5Sizer	todo	Container	SetSizer	Container::SetSizer(Sizer*)
1596330	_ZN9Container8GetSizerEv	todo	Container	GetSizer	Container::GetSizer()
1596345	_ZN13BaseContainer19ClearDrawAfterwardsEP9Component	todo	BaseContainer	ClearDrawAfterwards	BaseContainer::ClearDrawAfterwards(Component*)
1596506	_ZN13BaseContainer10HasOverlayEP9Component	todo	BaseContainer	HasOverlay	BaseContainer::HasOverlay(Component*)
1596550	_ZN13BaseContainer12SetCursorSDLE7eCursor	todo	BaseContainer	SetCursorSDL	BaseContainer::SetCursorSDL(eCursor)
1596689	_ZN13BaseContainer6RenderEv	todo	BaseContainer	Render	BaseContainer::Render()
1596953	_ZN10ScrollPane8ScrollToEii	todo	ScrollPane	ScrollTo	ScrollPane::ScrollTo(int, int)
1597038	_ZN6Layout11LayoutUnionC2EP9Component	todo	Layout::LayoutUnion	LayoutUnion	Layout::LayoutUnion::LayoutUnion(Component*)
1597056	_ZN6Layout11LayoutUnionC2EPS_	todo	Layout::LayoutUnion	LayoutUnion	Layout::LayoutUnion::LayoutUnion(Layout*)
1597073	_ZN6Layout11LayoutUnionaSERS0_	todo	Layout::LayoutUnion	operator=	Layout::LayoutUnion::operator=(Layout::LayoutUnion&)
1597101	_ZN6Layout11LayoutUnionC2ERKS0_	todo	Layout::LayoutUnion	LayoutUnion	Layout::LayoutUnion::LayoutUnion(Layout::LayoutUnion const&)
1597127	_ZN9ComponentD2Ev	todo	Component	~Component	Component::~Component()
1597288	_ZN9ComponentD0Ev	todo	Component	~Component	Component::~Component()
1597308	_ZN9ContainerD2Ev	todo	Container	~Container	Container::~Container()
1597373	_ZN9ContainerD0Ev	todo	Container	~Container	Container::~Container()
1597393	_ZN10ScrollPaneD2Ev	todo	ScrollPane	~ScrollPane	ScrollPane::~ScrollPane()
1597450	_ZN10ScrollPaneD0Ev	todo	ScrollPane	~ScrollPane	ScrollPane::~ScrollPane()
1597509	_ZN9ComponentC2EPKc	todo	Component	Component	Component::Component(char const*)
1597578	_Z11ParseLayoutP6LayoutP9ContainerP5Sizer	todo	(free function)	ParseLayout	ParseLayout(Layout*, Container*, Sizer*)
1597900	_ZN9Container13LayoutCreatorEP6Layout	todo	Container	LayoutCreator	Container::LayoutCreator(Layout*)
1597917	_ZN9ContainerC2EPKc	todo	Container	Container	Container::Container(char const*)
1597994	_ZN10ScrollPaneC2Ev	todo	ScrollPane	ScrollPane	ScrollPane::ScrollPane()
1598074	_ZN13BaseContainerD2Ev	todo	BaseContainer	~BaseContainer	BaseContainer::~BaseContainer()
1598302	_ZN13BaseContainerD0Ev	todo	BaseContainer	~BaseContainer	BaseContainer::~BaseContainer()
1598322	_ZN13BaseContainerC2Ev	todo	BaseContainer	BaseContainer	BaseContainer::BaseContainer()
1598471	_ZN9Component17BuildDomHierarchyERSt6vectorISsSaISsEE	todo	Component	BuildDomHierarchy	Component::BuildDomHierarchy(std::vector<std::basic_string<char, std::char_traits<char>, std::allocator<char> >, std::allocator<std::basic_string<char, std::char_traits<char>, std::allocator<char> > > >&)
1598528	_ZN9Component6MarkGCEv	todo	Component	MarkGC	Component::MarkGC()
1598576	_ZN13BaseContainer11AddToDeleteEP9Component	todo	BaseContainer	AddToDelete	BaseContainer::AddToDelete(Component*)
1598626	_ZN13BaseContainer13RemoveOverlayEP9Component	todo	BaseContainer	RemoveOverlay	BaseContainer::RemoveOverlay(Component*)
1598909	_ZN13BaseContainer9PopupMenuEP4Menu	todo	BaseContainer	PopupMenu	BaseContainer::PopupMenu(Menu*)
1598981	_ZN13BaseContainer7ScissorERK4rect	todo	BaseContainer	Scissor	BaseContainer::Scissor(rect const&)
1599054	_ZN13BaseContainer10AddOverlayEP9Component	todo	BaseContainer	AddOverlay	BaseContainer::AddOverlay(Component*)
1599259	_ZN13BaseContainer15AddModalOverlayEP9Component	todo	BaseContainer	AddModalOverlay	BaseContainer::AddModalOverlay(Component*)
1599448	_ZN12EventHandler15AddPendingEventEP5Event	todo	EventHandler	AddPendingEvent	EventHandler::AddPendingEvent(Event*)
1599520	_ZN9Component4BindE9EventTypeRKSt8functionIFbP5EventEE	todo	Component	Bind	Component::Bind(EventType, std::function<bool (Event*)> const&)
1599649	_ZN9Component10AddHandlerE9EventTypeSt8functionIFbP5EventEE	todo	Component	AddHandler	Component::AddHandler(EventType, std::function<bool (Event*)>)
1599778	_ZN13BaseContainer14DrawAfterwardsEP9ComponentSt8functionIFvvEE	todo	BaseContainer	DrawAfterwards	BaseContainer::DrawAfterwards(Component*, std::function<void ()>)
1600048	_ZN10ScrollPane8SetChildEP9Component	todo	ScrollPane	SetChild	ScrollPane::SetChild(Component*)
1600366	_ZN10ScrollPaneC2EP9Component	todo	ScrollPane	ScrollPane	ScrollPane::ScrollPane(Component*)
1600766	_ZN10ScrollPane12ProcessEventEP5Event	todo	ScrollPane	ProcessEvent	ScrollPane::ProcessEvent(Event*)
1601045	_ZN6Layout11LayoutUnionD2Ev	todo	Layout::LayoutUnion	~LayoutUnion	Layout::LayoutUnion::~LayoutUnion()
1601112	_ZN6LayoutD2Ev	todo	Layout	~Layout	Layout::~Layout()
1601353	_ZN6LayoutC2EPKcNS_11LayoutUnionE	todo	Layout	Layout	Layout::Layout(char const*, Layout::LayoutUnion)
1601440	_ZN6LayoutC2EPKcNS_11LayoutUnionES2_	todo	Layout	Layout	Layout::Layout(char const*, Layout::LayoutUnion, Layout::LayoutUnion)
1601556	_ZN6LayoutC2EPKcNS_11LayoutUnionES2_S2_	todo	Layout	Layout	Layout::Layout(char const*, Layout::LayoutUnion, Layout::LayoutUnion, Layout::LayoutUnion)
1601706	_ZN6LayoutC2EPKcNS_11LayoutUnionES2_S2_S2_S2_S2_S2_S2_	todo	Layout	Layout	Layout::Layout(char const*, Layout::LayoutUnion, Layout::LayoutUnion, Layout::LayoutUnion, Layout::LayoutUnion, Layout::LayoutUnion, Layout::LayoutUnion, Layout::LayoutUnion, Layout::LayoutUnion)
1602003	_ZN6LayoutC2EPKcNS_11LayoutUnionES2_S2_S2_S2_S2_S2_	todo	Layout	Layout	Layout::Layout(char const*, Layout::LayoutUnion, Layout::LayoutUnion, Layout::LayoutUnion, Layout::LayoutUnion, Layout::LayoutUnion, Layout::LayoutUnion, Layout::LayoutUnion)
1602269	_ZN6LayoutC2EPKcNS_11LayoutUnionES2_S2_S2_S2_S2_	todo	Layout	Layout	Layout::Layout(char const*, Layout::LayoutUnion, Layout::LayoutUnion, Layout::LayoutUnion, Layout::LayoutUnion, Layout::LayoutUnion, Layout::LayoutUnion)
1602510	_ZN6LayoutC2EPKcNS_11LayoutUnionES2_S2_S2_S2_	todo	Layout	Layout	Layout::Layout(char const*, Layout::LayoutUnion, Layout::LayoutUnion, Layout::LayoutUnion, Layout::LayoutUnion, Layout::LayoutUnion)
1602720	_ZN6LayoutC2EPKcNS_11LayoutUnionES2_S2_S2_	todo	Layout	Layout	Layout::Layout(char const*, Layout::LayoutUnion, Layout::LayoutUnion, Layout::LayoutUnion, Layout::LayoutUnion)
1602900	_ZN5EventD2Ev	todo	Event	~Event	Event::~Event()
1602916	_ZN13BaseContainer7GetBaseEv	todo	BaseContainer	GetBase	BaseContainer::GetBase()
1602932	_ZN5EventD0Ev	todo	Event	~Event	Event::~Event()
1605049	_GLOBAL__sub_I__ZN13BaseContainer8instanceE	todo	(free function)	_GLOBAL__sub_I__ZN13BaseContainer8instanceE	_GLOBAL__sub_I__ZN13BaseContainer8instanceE
1605092	_ZN14SkinFaceSprite5GetBgEv	todo	SkinFaceSprite	GetBg	SkinFaceSprite::GetBg()
1605108	_ZN16SkinFaceGradient6RenderERK4rect	todo	SkinFaceGradient	Render	SkinFaceGradient::Render(rect const&)
1605281	_ZN16SkinFaceGradient6RenderERK5point	todo	SkinFaceGradient	Render	SkinFaceGradient::Render(point const&)
1605296	_Z10HashStringIcEmPKT__1	todo	(free function)	HashString<char>	unsigned long HashString<char>(char const*)
1605340	_ZN16SkinFaceGradient5GetBgEv	todo	SkinFaceGradient	GetBg	SkinFaceGradient::GetBg()
1605592	_ZN8SkinFaceD0Ev	todo	SkinFace	~SkinFace	SkinFace::~SkinFace()
1605622	_ZN8SkinFaceD2Ev	todo	SkinFace	~SkinFace	SkinFace::~SkinFace()
1605647	_ZN14SkinFaceSpriteD2Ev	todo	SkinFaceSprite	~SkinFaceSprite	SkinFaceSprite::~SkinFaceSprite()
1605707	_ZN14SkinFaceSpriteD0Ev	todo	SkinFaceSprite	~SkinFaceSprite	SkinFaceSprite::~SkinFaceSprite()
1605759	_Z9attrValuePN8rapidxml8xml_nodeIcEEPKci	todo	(free function)	attrValue	attrValue(rapidxml::xml_node<char>*, char const*, int)
1605793	_Z8attrTextPN8rapidxml8xml_nodeIcEEPKc	todo	(free function)	attrText	attrText(rapidxml::xml_node<char>*, char const*)
1605823	_ZN11SkinManager8fromRectEPN8rapidxml8xml_nodeIcEE	todo	SkinManager	fromRect	SkinManager::fromRect(rapidxml::xml_node<char>*)
1605898	_ZN9CSSParser21SelectorAppliesParentERKSt6vectorINS_8selectorESaIS1_EES5_	todo	CSSParser	SelectorAppliesParent	CSSParser::SelectorAppliesParent(std::vector<CSSParser::selector, std::allocator<CSSParser::selector> > const&, std::vector<CSSParser::selector, std::allocator<CSSParser::selector> > const&)
1606041	_ZN9CSSParser9SkipSpaceERPKc	todo	CSSParser	SkipSpace	CSSParser::SkipSpace(char const*&)
1606084	_ZN9CSSParser11SkipCommentERPKc	todo	CSSParser	SkipComment	CSSParser::SkipComment(char const*&)
1606128	_ZN7CssFace6RenderERK4rect	todo	CssFace	Render	CssFace::Render(rect const&)
1607143	_ZN14SkinFaceSprite6RenderERK5point	todo	SkinFaceSprite	Render	SkinFaceSprite::Render(point const&)
1607305	_ZN14SkinFaceSprite6RenderERK4rect	todo	SkinFaceSprite	Render	SkinFaceSprite::Render(rect const&)
1607975	_ZN11SkinManager8GetColorEi	todo	SkinManager	GetColor	SkinManager::GetColor(int)
1607990	_ZN11SkinManager12GetTextColorEv	todo	SkinManager	GetTextColor	SkinManager::GetTextColor()
1608007	_ZN11SkinManager9SetSkinIdEi	todo	SkinManager	SetSkinId	SkinManager::SetSkinId(int)
1608022	_ZN11SkinManager9GetSkinIdEv	todo	SkinManager	GetSkinId	SkinManager::GetSkinId()
1608037	_Z8GetColorRKSt6vectorIN9CSSParser10expressionESaIS1_EE	todo	(free function)	GetColor	GetColor(std::vector<CSSParser::expression, std::allocator<CSSParser::expression> > const&)
1608083	_ZN16CssSkinnedObjectC2Ev	todo	CssSkinnedObject	CssSkinnedObject	CssSkinnedObject::CssSkinnedObject()
1608122	_Z11colorMiddleii	todo	(free function)	colorMiddle	colorMiddle(int, int)
1608170	_ZN16CssSkinnedObject6DoFillE4rectbbb	todo	CssSkinnedObject	DoFill	CssSkinnedObject::DoFill(rect, bool, bool, bool)
1608294	_ZN16CssSkinnedObject7DoGlyphE4rect	todo	CssSkinnedObject	DoGlyph	CssSkinnedObject::DoGlyph(rect)
1608326	_ZN16CssSkinnedObject12GetTextColorEbbb	todo	CssSkinnedObject	GetTextColor	CssSkinnedObject::GetTextColor(bool, bool, bool)
1608370	_ZN16CssSkinnedObject16CalculateOffsetsEv	todo	CssSkinnedObject	CalculateOffsets	CssSkinnedObject::CalculateOffsets()
1608386	_ZN7CssFaceC2Ev	todo	CssFace	CssFace	CssFace::CssFace()
1608431	_ZN7CssFace7GetRectERK4rect	todo	CssFace	GetRect	CssFace::GetRect(rect const&)
1608512	_ZN7CssFaceD2Ev	todo	CssFace	~CssFace	CssFace::~CssFace()
1608579	_ZN16CssSkinnedObjectD2Ev	todo	CssSkinnedObject	~CssSkinnedObject	CssSkinnedObject::~CssSkinnedObject()
1608661	_ZN16CssSkinnedObjectD0Ev	todo	CssSkinnedObject	~CssSkinnedObject	CssSkinnedObject::~CssSkinnedObject()
1608681	_ZN11SkinManager10ParseColorERKSsi	todo	SkinManager	ParseColor	SkinManager::ParseColor(std::basic_string<char, std::char_traits<char>, std::allocator<char> > const&, int)
1608866	_ZN11SkinManager13ColorFromNodeEPN8rapidxml8xml_nodeIcEEi	todo	SkinManager	ColorFromNode	SkinManager::ColorFromNode(rapidxml::xml_node<char>*, int)
1608924	_ZN11SkinManager13ColorFromAttrEPN8rapidxml13xml_attributeIcEEi	todo	SkinManager	ColorFromAttr	SkinManager::ColorFromAttr(rapidxml::xml_attribute<char>*, int)
1608983	_ZN11SkinManager13ColorFromAttrEPN8rapidxml8xml_nodeIcEEPKci	todo	SkinManager	ColorFromAttr	SkinManager::ColorFromAttr(rapidxml::xml_node<char>*, char const*, int)
1609042	_ZN9CSSParser15SelectorAppliesERSt6vectorINS_8selectorESaIS1_EES4_	todo	CSSParser	SelectorApplies	CSSParser::SelectorApplies(std::vector<CSSParser::selector, std::allocator<CSSParser::selector> >&, std::vector<CSSParser::selector, std::allocator<CSSParser::selector> >&)
1609148	_ZN9CSSParser11ParsePclassERKSs	todo	CSSParser	ParsePclass	CSSParser::ParsePclass(std::basic_string<char, std::char_traits<char>, std::allocator<char> > const&)
1609244	_ZN9CSSParser15ParseAttribNameERKSs	todo	CSSParser	ParseAttribName	CSSParser::ParseAttribName(std::basic_string<char, std::char_traits<char>, std::allocator<char> > const&)
1609579	_ZN11SkinManager12GetTextColorEPKc	todo	SkinManager	GetTextColor	SkinManager::GetTextColor(char const*)
1609615	_ZN11SkinManager8GetColorEPKc	todo	SkinManager	GetColor	SkinManager::GetColor(char const*)
1609649	_ZN11SkinManager12SetTextColorERKSsi	todo	SkinManager	SetTextColor	SkinManager::SetTextColor(std::basic_string<char, std::char_traits<char>, std::allocator<char> > const&, int)
1609668	_ZN11SkinManager7DoGlyphERK5pointRKSsi	todo	SkinManager	DoGlyph	SkinManager::DoGlyph(point const&, std::basic_string<char, std::char_traits<char>, std::allocator<char> > const&, int)
1609878	_ZN11SkinManagerD2Ev	todo	SkinManager	~SkinManager	SkinManager::~SkinManager()
1610062	_ZN11SkinManagerC2Ev	todo	SkinManager	SkinManager	SkinManager::SkinManager()
1610319	_ZN9CSSParser8NextNameERPKc	todo	CSSParser	NextName	CSSParser::NextName(char const*&)
1610393	_ZN9CSSParser6ToNextERPKcc	todo	CSSParser	ToNext	CSSParser::ToNext(char const*&, char)
1610453	_Z11SkinFromCssRKSt6vectorIN9CSSParser9attributeESaIS1_EE	todo	(free function)	SkinFromCss	SkinFromCss(std::vector<CSSParser::attribute, std::allocator<CSSParser::attribute> > const&)
1610930	_ZN11SkinManager8LoadFaceEPN8rapidxml8xml_nodeIcEERKSs	todo	SkinManager	LoadFace	SkinManager::LoadFace(rapidxml::xml_node<char>*, std::basic_string<char, std::char_traits<char>, std::allocator<char> > const&)
1611779	_ZN9CSSParser14AppendSelectorERSt6vectorINS_9attributeESaIS1_EERKSs	todo	CSSParser	AppendSelector	CSSParser::AppendSelector(std::vector<CSSParser::attribute, std::allocator<CSSParser::attribute> >&, std::basic_string<char, std::char_traits<char>, std::allocator<char> > const&)
1612513	_ZN9CSSParser16ApplyToSelectorsERKSsS1_	todo	CSSParser	ApplyToSelectors	CSSParser::ApplyToSelectors(std::basic_string<char, std::char_traits<char>, std::allocator<char> > const&, std::basic_string<char, std::char_traits<char>, std::allocator<char> > const&)
1612586	_ZN9CSSParser15ApplyToSelectorERKSs	todo	CSSParser	ApplyToSelector	CSSParser::ApplyToSelector(std::basic_string<char, std::char_traits<char>, std::allocator<char> > const&)
1612631	_ZN9CSSParser16ApplyToSelectorsERKSt6vectorINS_8selectorESaIS1_EE	todo	CSSParser	ApplyToSelectors	CSSParser::ApplyToSelectors(std::vector<CSSParser::selector, std::allocator<CSSParser::selector> > const&)
1612900	_ZN9CSSParser11ParseAttribERKSs	todo	CSSParser	ParseAttrib	CSSParser::ParseAttrib(std::basic_string<char, std::char_traits<char>, std::allocator<char> > const&)
1614382	_ZN9CSSParser5parseERSs	todo	CSSParser	parse	CSSParser::parse(std::basic_string<char, std::char_traits<char>, std::allocator<char> >&)
1618282	_ZN11SkinManager8LoadSkinERKSsi	todo	SkinManager	LoadSkin	SkinManager::LoadSkin(std::basic_string<char, std::char_traits<char>, std::allocator<char> > const&, int)
1620062	_ZN16CssSkinnedObject12RefreshStyleEv	todo	CssSkinnedObject	RefreshStyle	CssSkinnedObject::RefreshStyle()
1620929	_ZN16CssSkinnedObject11ReloadStyleEv	todo	CssSkinnedObject	ReloadStyle	CssSkinnedObject::ReloadStyle()
1621019	_ZN16SkinFaceGradientD2Ev	todo	SkinFaceGradient	~SkinFaceGradient	SkinFaceGradient::~SkinFaceGradient()
1621054	_ZN16SkinFaceGradientD0Ev	todo	SkinFaceGradient	~SkinFaceGradient	SkinFaceGradient::~SkinFaceGradient()
1621075	_ZN6ctdrpc9syssubj_tD2Ev	todo	ctdrpc::syssubj_t	~syssubj_t	ctdrpc::syssubj_t::~syssubj_t()
1621127	_ZN7HashMapISsP10TPictureIO10StringHashIPKcEED2Ev	todo	HashMap<std::basic_string<char, std::char_traits<char>, std::allocator<char> >, TPictureIO*, StringHash<char const*> >	~HashMap	HashMap<std::basic_string<char, std::char_traits<char>, std::allocator<char> >, TPictureIO*, StringHash<char const*> >::~HashMap()
1621220	_ZN13StringHashMapISsP10TPictureIOPKc10StringHashIS3_EED2Ev	todo	StringHashMap<std::basic_string<char, std::char_traits<char>, std::allocator<char> >, TPictureIO*, char const*, StringHash<char const*> >	~StringHashMap	StringHashMap<std::basic_string<char, std::char_traits<char>, std::allocator<char> >, TPictureIO*, char const*, StringHash<char const*> >::~StringHashMap()
1621237	_ZN7HashMapIiPS_Iii11IntegerHashIiEES1_EC2Ei	todo	HashMap<int, HashMap<int, int, IntegerHash<int> >*, IntegerHash<int> >	HashMap	HashMap<int, HashMap<int, int, IntegerHash<int> >*, IntegerHash<int> >::HashMap(int)
1621339	_ZN7HashMapIiPS_Iii11IntegerHashIiEES1_ED2Ev	todo	HashMap<int, HashMap<int, int, IntegerHash<int> >*, IntegerHash<int> >	~HashMap	HashMap<int, HashMap<int, int, IntegerHash<int> >*, IntegerHash<int> >::~HashMap()
1621411	_ZN7HashMapIi4rect11IntegerHashIiEEC2Ei	todo	HashMap<int, rect, IntegerHash<int> >	HashMap	HashMap<int, rect, IntegerHash<int> >::HashMap(int)
1621514	_ZN7HashMapIi4rect11IntegerHashIiEED2Ev	todo	HashMap<int, rect, IntegerHash<int> >	~HashMap	HashMap<int, rect, IntegerHash<int> >::~HashMap()
1621586	_ZN13StringHashMapISsiPKc10StringHashIS1_EE4findERKSs	todo	StringHashMap<std::basic_string<char, std::char_traits<char>, std::allocator<char> >, int, char const*, StringHash<char const*> >	find	StringHashMap<std::basic_string<char, std::char_traits<char>, std::allocator<char> >, int, char const*, StringHash<char const*> >::find(std::basic_string<char, std::char_traits<char>, std::allocator<char> > const&)
1621690	_ZN7HashMapISsi10StringHashIPKcEE5clearEv	todo	HashMap<std::basic_string<char, std::char_traits<char>, std::allocator<char> >, int, StringHash<char const*> >	clear	HashMap<std::basic_string<char, std::char_traits<char>, std::allocator<char> >, int, StringHash<char const*> >::clear()
1621778	_ZN7HashMapIiPS_Iii11IntegerHashIiEES1_E5clearEv	todo	HashMap<int, HashMap<int, int, IntegerHash<int> >*, IntegerHash<int> >	clear	HashMap<int, HashMap<int, int, IntegerHash<int> >*, IntegerHash<int> >::clear()
1621839	_ZN7HashMapIii11IntegerHashIiEE5clearEv	todo	HashMap<int, int, IntegerHash<int> >	clear	HashMap<int, int, IntegerHash<int> >::clear()
1621900	_ZN7HashMapIi4rect11IntegerHashIiEE5clearEv	todo	HashMap<int, rect, IntegerHash<int> >	clear	HashMap<int, rect, IntegerHash<int> >::clear()
1622051	_ZN13StringHashMapISsiPKc10StringHashIS1_EE4findES1_	todo	StringHashMap<std::basic_string<char, std::char_traits<char>, std::allocator<char> >, int, char const*, StringHash<char const*> >	find	StringHashMap<std::basic_string<char, std::char_traits<char>, std::allocator<char> >, int, char const*, StringHash<char const*> >::find(char const*)
1622128	_ZN13StringHashMapISsP10TPictureIOPKc10StringHashIS3_EE4findERKSs	todo	StringHashMap<std::basic_string<char, std::char_traits<char>, std::allocator<char> >, TPictureIO*, char const*, StringHash<char const*> >	find	StringHashMap<std::basic_string<char, std::char_traits<char>, std::allocator<char> >, TPictureIO*, char const*, StringHash<char const*> >::find(std::basic_string<char, std::char_traits<char>, std::allocator<char> > const&)
1622291	_ZN7HashMapISsP10TPictureIO10StringHashIPKcEEC2Ei	todo	HashMap<std::basic_string<char, std::char_traits<char>, std::allocator<char> >, TPictureIO*, StringHash<char const*> >	HashMap	HashMap<std::basic_string<char, std::char_traits<char>, std::allocator<char> >, TPictureIO*, StringHash<char const*> >::HashMap(int)
1622393	_ZN13hmap_iteratorIiP7HashMapIii11IntegerHashIiEES2_EppEv	todo	hmap_iterator<int, HashMap<int, int, IntegerHash<int> >*, IntegerHash<int> >	operator++	hmap_iterator<int, HashMap<int, int, IntegerHash<int> >*, IntegerHash<int> >::operator++()
1622467	_ZN13hmap_iteratorISsP10TPictureIO10StringHashIPKcEEppEv	todo	hmap_iterator<std::basic_string<char, std::char_traits<char>, std::allocator<char> >, TPictureIO*, StringHash<char const*> >	operator++	hmap_iterator<std::basic_string<char, std::char_traits<char>, std::allocator<char> >, TPictureIO*, StringHash<char const*> >::operator++()
1622655	_ZN8HashNodeISsP10TPictureIO10StringHashIPKcEEC2ERKSsRKS1_	todo	HashNode<std::basic_string<char, std::char_traits<char>, std::allocator<char> >, TPictureIO*, StringHash<char const*> >	HashNode	HashNode<std::basic_string<char, std::char_traits<char>, std::allocator<char> >, TPictureIO*, StringHash<char const*> >::HashNode(std::basic_string<char, std::char_traits<char>, std::allocator<char> > const&, TPictureIO* const&)
1622687	_ZN13StringHashMapISsP10TPictureIOPKc10StringHashIS3_EEixERKSs	todo	StringHashMap<std::basic_string<char, std::char_traits<char>, std::allocator<char> >, TPictureIO*, char const*, StringHash<char const*> >	operator[]	StringHashMap<std::basic_string<char, std::char_traits<char>, std::allocator<char> >, TPictureIO*, char const*, StringHash<char const*> >::operator[](std::basic_string<char, std::char_traits<char>, std::allocator<char> > const&)
1623696	_ZN9CSSParser9attributeD2Ev	todo	CSSParser::attribute	~attribute	CSSParser::attribute::~attribute()
1623712	_ZN9CSSParser10expressionD2Ev	todo	CSSParser::expression	~expression	CSSParser::expression::~expression()
1624335	_ZNSs12_S_constructIPcEES0_T_S1_RKSaIcESt20forward_iterator_tag_0	todo	std::basic_string<char, std::char_traits<char>, std::allocator<char> >	_S_construct<char*>	char* std::basic_string<char, std::char_traits<char>, std::allocator<char> >::_S_construct<char*>(char*, char*, std::allocator<char> const&, std::forward_iterator_tag)
1624435	_ZNSsC2IN9__gnu_cxx17__normal_iteratorIPcSsEEEET_S4_RKSaIcE	todo	std::basic_string<char, std::char_traits<char>, std::allocator<char> >	basic_string<__gnu_cxx::__normal_iterator<char*, std::basic_string<char, std::char_traits<char>, std::allocator<char> > > >	std::basic_string<char, std::char_traits<char>, std::allocator<char> >::basic_string<__gnu_cxx::__normal_iterator<char*, std::basic_string<char, std::char_traits<char>, std::allocator<char> > > >(__gnu_cxx::__normal_iterator<char*, std::basic_string<char, std::char_traits<char>, std::allocator<char> > >, __gnu_cxx::__normal_iterator<char*, std::basic_string<char, std::char_traits<char>, std::allocator<char> > >, std::allocator<char> const&)
1624602	_ZN9CSSParser4ruleD2Ev	todo	CSSParser::rule	~rule	CSSParser::rule::~rule()
1624960	_ZN9CSSParserD2Ev	todo	CSSParser	~CSSParser	CSSParser::~CSSParser()
1625477	_ZN9CSSParser10expressionC2ERKS0_	todo	CSSParser::expression	expression	CSSParser::expression::expression(CSSParser::expression const&)
1628538	_GLOBAL__sub_I__ZN11SkinManager8instanceE	todo	(free function)	_GLOBAL__sub_I__ZN11SkinManager8instanceE	_GLOBAL__sub_I__ZN11SkinManager8instanceE
1628577	_ZN6Easing4Ease4CalcEd	todo	Easing::Ease	Calc	Easing::Ease::Calc(double)
1628599	_ZN5TweenC2EdddSt8functionIFddEEbb	todo	Tween	Tween	Tween::Tween(double, double, double, std::function<double (double)>, bool, bool)
1628807	_ZN5Tween6UpdateEf	todo	Tween	Update	Tween::Update(float)
1628865	_ZN5Tween10IsFinishedEv	todo	Tween	IsFinished	Tween::IsFinished()
1628883	_ZN6Easing6BackInEd	todo	Easing	BackIn	Easing::BackIn(double)
1628904	_ZN6Easing7BackOutEd	todo	Easing	BackOut	Easing::BackOut(double)
1628929	_ZN6Easing9BackInOutEd	todo	Easing	BackInOut	Easing::BackInOut(double)
1628974	_ZN6Easing8BounceInEd	todo	Easing	BounceIn	Easing::BounceIn(double)
1629032	_ZN6Easing9BounceOutEd	todo	Easing	BounceOut	Easing::BounceOut(double)
1629095	_ZN6Easing11BounceInOutEd	todo	Easing	BounceInOut	Easing::BounceInOut(double)
1629204	_ZN6Easing6CircInEd	todo	Easing	CircIn	Easing::CircIn(double)
1629244	_ZN6Easing7CircOutEd	todo	Easing	CircOut	Easing::CircOut(double)
1629288	_ZN6Easing9CircInOutEd	todo	Easing	CircInOut	Easing::CircInOut(double)
1629370	_ZN6Easing7CubicInEd	todo	Easing	CubicIn	Easing::CubicIn(double)
1629389	_ZN6Easing8CubicOutEd	todo	Easing	CubicOut	Easing::CubicOut(double)
1629412	_ZN6Easing10CubicInOutEd	todo	Easing	CubicInOut	Easing::CubicInOut(double)
1629453	_ZN6Easing9ElasticInEd	todo	Easing	ElasticIn	Easing::ElasticIn(double)
1629494	_ZN6Easing10ElasticOutEd	todo	Easing	ElasticOut	Easing::ElasticOut(double)
1629537	_ZN6Easing12ElasticInOutEd	todo	Easing	ElasticInOut	Easing::ElasticInOut(double)
1629616	_ZN6Easing8LinearInEd	todo	Easing	LinearIn	Easing::LinearIn(double)
1629631	_ZN6Easing9LinearOutEd	todo	Easing	LinearOut	Easing::LinearOut(double)
1629651	_ZN6Easing11LinearInOutEd	todo	Easing	LinearInOut	Easing::LinearInOut(double)
1629684	_ZN6Easing6NoneInEd	todo	Easing	NoneIn	Easing::NoneIn(double)
1629713	_ZN6Easing7NoneOutEd	todo	Easing	NoneOut	Easing::NoneOut(double)
1629742	_ZN6Easing9NoneInOutEd	todo	Easing	NoneInOut	Easing::NoneInOut(double)
1629771	_ZN6Easing6QuadInEd	todo	Easing	QuadIn	Easing::QuadIn(double)
1629787	_ZN6Easing7QuadOutEd	todo	Easing	QuadOut	Easing::QuadOut(double)
1629808	_ZN6Easing9QuadInOutEd	todo	Easing	QuadInOut	Easing::QuadInOut(double)
1629843	_ZN6Easing7QuartInEd	todo	Easing	QuartIn	Easing::QuartIn(double)
1629863	_ZN6Easing8QuartOutEd	todo	Easing	QuartOut	Easing::QuartOut(double)
1629887	_ZN6Easing10QuartInOutEd	todo	Easing	QuartInOut	Easing::QuartInOut(double)
1629930	_ZN6Easing7QuintInEd	todo	Easing	QuintIn	Easing::QuintIn(double)
1629951	_ZN6Easing8QuintOutEd	todo	Easing	QuintOut	Easing::QuintOut(double)
1629976	_ZN6Easing10QuintInOutEd	todo	Easing	QuintInOut	Easing::QuintInOut(double)
1630021	_ZN6Easing6SineInEd	todo	Easing	SineIn	Easing::SineIn(double)
1630044	_ZN6Easing7SineOutEd	todo	Easing	SineOut	Easing::SineOut(double)
1630077	_ZN6Easing9SineInOutEd	todo	Easing	SineInOut	Easing::SineInOut(double)
1630135	_ZN6Easing16easing_back_funcEd	todo	Easing	easing_back_func	Easing::easing_back_func(double)
1630156	_ZN6Easing18easing_bounce_funcEd	todo	Easing	easing_bounce_func	Easing::easing_bounce_func(double)
1630217	_ZN6Easing16easing_circ_funcEd	todo	Easing	easing_circ_func	Easing::easing_circ_func(double)
1630260	_ZN6Easing17easing_cubic_funcEd	todo	Easing	easing_cubic_func	Easing::easing_cubic_func(double)
1630279	_ZN6Easing19easing_elastic_funcEd	todo	Easing	easing_elastic_func	Easing::easing_elastic_func(double)
1630320	_ZN6Easing16easing_expo_funcEd	todo	Easing	easing_expo_func	Easing::easing_expo_func(double)
1630350	_ZN6Easing18easing_linear_funcEd	todo	Easing	easing_linear_func	Easing::easing_linear_func(double)
1630365	_ZN6Easing16easing_quad_funcEd	todo	Easing	easing_quad_func	Easing::easing_quad_func(double)
1630381	_ZN6Easing17easing_quart_funcEd	todo	Easing	easing_quart_func	Easing::easing_quart_func(double)
1630401	_ZN6Easing17easing_quint_funcEd	todo	Easing	easing_quint_func	Easing::easing_quint_func(double)
1630422	_ZN6Easing16easing_sine_funcEd	todo	Easing	easing_sine_func	Easing::easing_sine_func(double)
1630445	_Z34ix86_override_options_after_changev_105	todo	(free function)	ix86_override_options_after_change	ix86_override_options_after_change()
1630468	_Z12align_sorterPK9AlignMetaS1_	todo	(free function)	align_sorter	align_sorter(AlignMeta const*, AlignMeta const*)
1630504	_ZN9FormSizer11RefreshSizeEv	todo	FormSizer	RefreshSize	FormSizer::RefreshSize()
1630519	_ZN9FormSizer9IsVisibleEv	todo	FormSizer	IsVisible	FormSizer::IsVisible()
1630535	_ZN9GridSizer9IsVisibleEv	todo	GridSizer	IsVisible	GridSizer::IsVisible()
1630596	_ZN10AlignSizer9IsVisibleEv	todo	AlignSizer	IsVisible	AlignSizer::IsVisible()
1630657	_ZN10AlignSizer11RefreshSizeEv	todo	AlignSizer	RefreshSize	AlignSizer::RefreshSize()
1631159	_ZN9FormSizer4SizeEv	todo	FormSizer	Size	FormSizer::Size()
1631635	_ZN9FormSizerD2Ev	todo	FormSizer	~FormSizer	FormSizer::~FormSizer()
1631661	_ZN9FormSizerD0Ev	todo	FormSizer	~FormSizer	FormSizer::~FormSizer()
1631689	_ZN10AlignSizerD2Ev	todo	AlignSizer	~AlignSizer	AlignSizer::~AlignSizer()
1631754	_ZN9GridSizerD2Ev	todo	GridSizer	~GridSizer	GridSizer::~GridSizer()
1631819	_ZN9GridSizerD0Ev	todo	GridSizer	~GridSizer	GridSizer::~GridSizer()
1631884	_ZN10AlignSizerD0Ev	todo	AlignSizer	~AlignSizer	AlignSizer::~AlignSizer()
1631951	_ZN9FormSizer9DebugDrawEv	todo	FormSizer	DebugDraw	FormSizer::DebugDraw()
1632460	_ZN9GridSizer9DebugDrawEv	todo	GridSizer	DebugDraw	GridSizer::DebugDraw()
1632964	_ZN10AlignSizer9DebugDrawEv	todo	AlignSizer	DebugDraw	AlignSizer::DebugDraw()
1633471	_ZN9GridSizer10IntoOneColEv	todo	GridSizer	IntoOneCol	GridSizer::IntoOneCol()
1633514	_Z13VerticaleSizev	todo	(free function)	VerticaleSize	VerticaleSize()
1633528	_ZN10AlignSizer5ClearEv	todo	AlignSizer	Clear	AlignSizer::Clear()
1633545	_ZN9FormSizer10SetSpacingEi	todo	FormSizer	SetSpacing	FormSizer::SetSpacing(int)
1633560	_ZN9FormSizer14SetCompSpacingEi	todo	FormSizer	SetCompSpacing	FormSizer::SetCompSpacing(int)
1633576	_ZN9GridSizer3AddEP5Sizerii8GrowType	todo	GridSizer	Add	GridSizer::Add(Sizer*, int, int, GrowType)
1633643	_ZN9GridSizer3AddEP9Componentii8GrowType	todo	GridSizer	Add	GridSizer::Add(Component*, int, int, GrowType)
1633740	_ZN9GridSizer4SizeEv	todo	GridSizer	Size	GridSizer::Size()
1634929	_ZN9GridSizer11RefreshSizeEv	todo	GridSizer	RefreshSize	GridSizer::RefreshSize()
1635611	_ZN9FormSizer7AddCellEP9ComponentS1_	todo	FormSizer	AddCell	FormSizer::AddCell(Component*, Component*)
1635748	_ZN9FormSizer7AddCellEP5SizerP9Component	todo	FormSizer	AddCell	FormSizer::AddCell(Sizer*, Component*)
1635852	_ZN10AlignSizer3AddEP5Sizeri5Align	todo	AlignSizer	Add	AlignSizer::Add(Sizer*, int, Align)
1635920	_ZN10AlignSizer3AddEP9Componenti5Align	todo	AlignSizer	Add	AlignSizer::Add(Component*, int, Align)
1636022	_ZN10AlignSizer4SizeEv	todo	AlignSizer	Size	AlignSizer::Size()
1638716	_Z34ix86_override_options_after_changev_106	todo	(free function)	ix86_override_options_after_change	ix86_override_options_after_change()
1638739	_Z17editor_SetLevelAtP9lua_State	todo	(free function)	editor_SetLevelAt	editor_SetLevelAt(lua_State*)
1638756	_Z14editor_ForwardP9lua_State	todo	(free function)	editor_Forward	editor_Forward(lua_State*)
1638773	_Z9editor_gcP9lua_State	todo	(free function)	editor_gc	editor_gc(lua_State*)
1638789	_Z22editor_MarkerDeleteAllP9lua_State	todo	(free function)	editor_MarkerDeleteAll	editor_MarkerDeleteAll(lua_State*)
1638806	_Z25editor_AnnotationClearAllP9lua_State	todo	(free function)	editor_AnnotationClearAll	editor_AnnotationClearAll(lua_State*)
1638823	_ZN20FunctionDataProvider8GetCountEv	todo	FunctionDataProvider	GetCount	FunctionDataProvider::GetCount()
1638842	_ZN20FunctionDataProvider8MoveItemEmm	todo	FunctionDataProvider	MoveItem	FunctionDataProvider::MoveItem(unsigned long, unsigned long)
1638858	_ZN20FunctionDataProvider10RenameItemEmRKSs	todo	FunctionDataProvider	RenameItem	FunctionDataProvider::RenameItem(unsigned long, std::basic_string<char, std::char_traits<char>, std::allocator<char> > const&)
1638874	_ZN12ScriptEditor11RefreshSizeEv	todo	ScriptEditor	RefreshSize	ScriptEditor::RefreshSize()
1638935	_ZThn136_N12ScriptEditor11RefreshSizeEv	todo	ScriptEditor	RefreshSize	non-virtual thunk to ScriptEditor::RefreshSize()
1638952	_Z16editor_MarkerAddP9lua_State	todo	(free function)	editor_MarkerAdd	editor_MarkerAdd(lua_State*)
1638977	_Z21editor_MarkerSetAlphaP9lua_State	todo	(free function)	editor_MarkerSetAlpha	editor_MarkerSetAlpha(lua_State*)
1639002	_Z20editor_MarkerSetBackP9lua_State	todo	(free function)	editor_MarkerSetBack	editor_MarkerSetBack(lua_State*)
1639027	_Z19editor_MarkerDefineP9lua_State	todo	(free function)	editor_MarkerDefine	editor_MarkerDefine(lua_State*)
1639052	_Z20editor_MarkerSetForeP9lua_State	todo	(free function)	editor_MarkerSetFore	editor_MarkerSetFore(lua_State*)
1639077	_Z18editor_AutoCActiveP9lua_State	todo	(free function)	editor_AutoCActive	editor_AutoCActive(lua_State*)
1639098	_Z11editor_MoreP9lua_State	todo	(free function)	editor_More	editor_More(lua_State*)
1639122	_ZN7TextBox6ResizeEv	todo	TextBox	Resize	TextBox::Resize()
1639167	_ZThn136_N7TextBox6ResizeEv	todo	TextBox	Resize	non-virtual thunk to TextBox::Resize()
1639183	_ZN7TextBox11RefreshSizeEv	todo	TextBox	RefreshSize	TextBox::RefreshSize()
1639248	_ZThn136_N7TextBox11RefreshSizeEv	todo	TextBox	RefreshSize	non-virtual thunk to TextBox::RefreshSize()
1639264	_ZN7TextBox15PositionToIndexEii_part_25	todo	TextBox	PositionToIndex	TextBox::PositionToIndex(int, int)
1639322	_ZN20FunctionDataProvider9GetItemAtEm	todo	FunctionDataProvider	GetItemAt	FunctionDataProvider::GetItemAt(unsigned long)
1639400	_Z14editor_ReplaceP9lua_State	todo	(free function)	editor_Replace	editor_Replace(lua_State*)
1639474	_Z17editor_InsertTextP9lua_State	todo	(free function)	editor_InsertText	editor_InsertText(lua_State*)
1639554	_Z13editor_CharAtP9lua_State	todo	(free function)	editor_CharAt	editor_CharAt(lua_State*)
1639634	_Z14editor_GetTextP9lua_State	todo	(free function)	editor_GetText	editor_GetText(lua_State*)
1639683	_Z23editor_LineFromPositionP9lua_State	todo	(free function)	editor_LineFromPosition	editor_LineFromPosition(lua_State*)
1639768	_Z23editor_PositionFromLineP9lua_State	todo	(free function)	editor_PositionFromLine	editor_PositionFromLine(lua_State*)
1639827	_Z16editor_textrangeP9lua_State	todo	(free function)	editor_textrange	editor_textrange(lua_State*)
1639931	_Z19editor_StartStylingP9lua_State	todo	(free function)	editor_StartStyling	editor_StartStyling(lua_State*)
1639991	_Z11editor_OpenP9lua_State	todo	(free function)	editor_Open	editor_Open(lua_State*)
1640031	_Z24editor_WordStartPositionP9lua_State	todo	(free function)	editor_WordStartPosition	editor_WordStartPosition(lua_State*)
1640120	_Z14editor_CurrentP9lua_State	todo	(free function)	editor_Current	editor_Current(lua_State*)
1640210	_Z26editor_IndicatorClearRangeP9lua_State	todo	(free function)	editor_IndicatorClearRange	editor_IndicatorClearRange(lua_State*)
1640563	_Z12editor_indexP9lua_State	todo	(free function)	editor_index	editor_index(lua_State*)
1641007	_Z16findTextPositionRSt6vectorI4rectSaIS0_EEii	todo	(free function)	findTextPosition	findTextPosition(std::vector<rect, std::allocator<rect> >&, int, int)
1641071	_Z12utf8_charlenPh	todo	(free function)	utf8_charlen	utf8_charlen(unsigned char*)
1641099	_Z21utf8_charlenbackwardsPhm	todo	(free function)	utf8_charlenbackwards	utf8_charlenbackwards(unsigned char*, unsigned long)
1641212	_Z10countcharsPhmm	todo	(free function)	countchars	countchars(unsigned char*, unsigned long, unsigned long)
1641262	_Z16countToUtf8CharsPhmm	todo	(free function)	countToUtf8Chars	countToUtf8Chars(unsigned char*, unsigned long, unsigned long)
1641311	_Z11wordforwardPhmb	todo	(free function)	wordforward	wordforward(unsigned char*, unsigned long, bool)
1641392	_Z12wordbackwardPhmb	todo	(free function)	wordbackward	wordbackward(unsigned char*, unsigned long, bool)
1641458	_ZN7TextBox15PositionToIndexEii	todo	TextBox	PositionToIndex	TextBox::PositionToIndex(int, int)
1641486	_ZN7TextBox11GetRealLineEm	todo	TextBox	GetRealLine	TextBox::GetRealLine(unsigned long)
1641534	_ZN7TextBox13GetRenderLineEm	todo	TextBox	GetRenderLine	TextBox::GetRenderLine(unsigned long)
1641582	_ZN7TextBox12ToRenderLineEm	todo	TextBox	ToRenderLine	TextBox::ToRenderLine(unsigned long)
1641624	_ZN7TextBox5ClearEv	todo	TextBox	Clear	TextBox::Clear()
1641641	_ZN7TextBox7IsEmptyEv	todo	TextBox	IsEmpty	TextBox::IsEmpty()
1641662	_ZN7TextBox10CenterLineEi	todo	TextBox	CenterLine	TextBox::CenterLine(int)
1641702	_ZN7TextBox15GetLineOnScreenEi	todo	TextBox	GetLineOnScreen	TextBox::GetLineOnScreen(int)
1641754	_ZN7TextBox16GetCaretOnScreenEv	todo	TextBox	GetCaretOnScreen	TextBox::GetCaretOnScreen()
1641799	_ZN7TextBox8AutowrapEv	todo	TextBox	Autowrap	TextBox::Autowrap()
1641814	_ZN7TextBox11SetMaxWidthEi	todo	TextBox	SetMaxWidth	TextBox::SetMaxWidth(int)
1641830	_ZN7TextBox18SetPlaceholderTextERKSs	todo	TextBox	SetPlaceholderText	TextBox::SetPlaceholderText(std::basic_string<char, std::char_traits<char>, std::allocator<char> > const&)
1641846	_ZN7TextBox13SetSingleLineEv	todo	TextBox	SetSingleLine	TextBox::SetSingleLine()
1641862	_ZN7TextBox10TextChangeEii	todo	TextBox	TextChange	TextBox::TextChange(int, int)
1642136	_ZN12ScriptEditor10TextChangeEii	todo	ScriptEditor	TextChange	ScriptEditor::TextChange(int, int)
1642223	_ZN7TextBox10ChangeTextEiiRKSs	todo	TextBox	ChangeText	TextBox::ChangeText(int, int, std::basic_string<char, std::char_traits<char>, std::allocator<char> > const&)
1642238	_ZN7TextBox14DrawSelectionsEv	todo	TextBox	DrawSelections	TextBox::DrawSelections()
1642733	_ZN7TextBox7SetTextERKSs	todo	TextBox	SetText	TextBox::SetText(std::basic_string<char, std::char_traits<char>, std::allocator<char> > const&)
1642756	_ZN7TextBox7GetTextEv	todo	TextBox	GetText	TextBox::GetText()
1642772	_Z13region_sorterRK6regionS1_	todo	(free function)	region_sorter	region_sorter(region const&, region const&)
1642790	_Z18indicatorIdToColorP12ScriptEditori	todo	(free function)	indicatorIdToColor	indicatorIdToColor(ScriptEditor*, int)
1642922	_Z15editor_newindexP9lua_State	todo	(free function)	editor_newindex	editor_newindex(lua_State*)
1643095	_Z23editor_IndicatorValueAtP9lua_State	todo	(free function)	editor_IndicatorValueAt	editor_IndicatorValueAt(lua_State*)
1643184	_Z27LuaDoStringEditorRealStringRK8wxString	todo	(free function)	LuaDoStringEditorRealString	LuaDoStringEditorRealString(wxString const&)
1643436	_Z21LuaDoStringEditorRealRK8wxString	todo	(free function)	LuaDoStringEditorReal	LuaDoStringEditorReal(wxString const&)
1643665	_Z18scripteditorthreadPv	todo	(free function)	scripteditorthread	scripteditorthread(void*)
1643805	_ZN20FunctionDataProviderC2Ev	todo	FunctionDataProvider	FunctionDataProvider	FunctionDataProvider::FunctionDataProvider()
1643828	_ZN20FunctionDataProvider5ClearEv	todo	FunctionDataProvider	Clear	FunctionDataProvider::Clear()
1643891	_ZN12ScriptEditor8MarkLineEii	todo	ScriptEditor	MarkLine	ScriptEditor::MarkLine(int, int)
1643920	_ZN12ScriptEditor9MarkResetEv	todo	ScriptEditor	MarkReset	ScriptEditor::MarkReset()
1643948	_ZN12ScriptEditor12ResetSymbolsERKSs	todo	ScriptEditor	ResetSymbols	ScriptEditor::ResetSymbols(std::basic_string<char, std::char_traits<char>, std::allocator<char> > const&)
1644735	_ZN12ScriptEditor16SetupLineNumbersEv	todo	ScriptEditor	SetupLineNumbers	ScriptEditor::SetupLineNumbers()
1644863	_ZN12ScriptEditor22GetSymbolUnderPositionE5point	todo	ScriptEditor	GetSymbolUnderPosition	ScriptEditor::GetSymbolUnderPosition(point)
1644996	_ZN12ScriptEditor20GetNoteUnderPositionE5point	todo	ScriptEditor	GetNoteUnderPosition	ScriptEditor::GetNoteUnderPosition(point)
1645083	_ZN12ScriptEditor24GetFunctionsDataProviderEv	todo	ScriptEditor	GetFunctionsDataProvider	ScriptEditor::GetFunctionsDataProvider()
1645099	_ZN20FunctionDataProviderD2Ev	todo	FunctionDataProvider	~FunctionDataProvider	FunctionDataProvider::~FunctionDataProvider()
1645190	_ZN20FunctionDataProviderD0Ev	todo	FunctionDataProvider	~FunctionDataProvider	FunctionDataProvider::~FunctionDataProvider()
1645283	_ZN7TextBoxD2Ev	todo	TextBox	~TextBox	TextBox::~TextBox()
1645598	_ZThn136_N7TextBoxD1Ev	todo	TextBox	~TextBox	non-virtual thunk to TextBox::~TextBox()
1645614	_ZThn336_N7TextBoxD1Ev	todo	TextBox	~TextBox	non-virtual thunk to TextBox::~TextBox()
1645630	_ZN7TextBoxD0Ev	todo	TextBox	~TextBox	TextBox::~TextBox()
1645651	_ZThn136_N7TextBoxD0Ev	todo	TextBox	~TextBox	non-virtual thunk to TextBox::~TextBox()
1645667	_ZThn336_N7TextBoxD0Ev	todo	TextBox	~TextBox	non-virtual thunk to TextBox::~TextBox()
1645683	_ZN7TextBox12ProcessEventEP5Event	todo	TextBox	ProcessEvent	TextBox::ProcessEvent(Event*)
1647306	_ZThn136_N7TextBox12ProcessEventEP5Event	todo	TextBox	ProcessEvent	non-virtual thunk to TextBox::ProcessEvent(Event*)
1647323	_ZN12ScriptEditorD2Ev	todo	ScriptEditor	~ScriptEditor	ScriptEditor::~ScriptEditor()
1647693	_ZThn136_N12ScriptEditorD1Ev	todo	ScriptEditor	~ScriptEditor	non-virtual thunk to ScriptEditor::~ScriptEditor()
1647709	_ZThn336_N12ScriptEditorD1Ev	todo	ScriptEditor	~ScriptEditor	non-virtual thunk to ScriptEditor::~ScriptEditor()
1647725	_ZN12ScriptEditorD0Ev	todo	ScriptEditor	~ScriptEditor	ScriptEditor::~ScriptEditor()
1647746	_ZThn136_N12ScriptEditorD0Ev	todo	ScriptEditor	~ScriptEditor	non-virtual thunk to ScriptEditor::~ScriptEditor()
1647762	_ZThn336_N12ScriptEditorD0Ev	todo	ScriptEditor	~ScriptEditor	non-virtual thunk to ScriptEditor::~ScriptEditor()
1647978	_Z12prioritySortRSt6vectorI6regionSaIS0_EE	todo	(free function)	prioritySort	prioritySort(std::vector<region, std::allocator<region> >&)
1648149	_ZN12ScriptEditor6RenderEv	todo	ScriptEditor	Render	ScriptEditor::Render()
1649861	_ZThn136_N12ScriptEditor6RenderEv	todo	ScriptEditor	Render	non-virtual thunk to ScriptEditor::Render()
1649878	_ZN7TextBox10FormatTextEv	todo	TextBox	FormatText	TextBox::FormatText()
1650447	_Z14editor_GotoPosP9lua_State	todo	(free function)	editor_GotoPos	editor_GotoPos(lua_State*)
1650532	_ZN7TextBoxC2Ev	todo	TextBox	TextBox	TextBox::TextBox()
1650955	_Z15editor_GotoLineP9lua_State	todo	(free function)	editor_GotoLine	editor_GotoLine(lua_State*)
1651081	_ZN7TextBox12MarkAllWordsERKSs	todo	TextBox	MarkAllWords	TextBox::MarkAllWords(std::basic_string<char, std::char_traits<char>, std::allocator<char> > const&)
1651216	_Z11stateChangeP9LuaEditori_part_261	todo	(free function)	stateChange	stateChange(LuaEditor*, int)
1651435	_Z11stateChangeP9LuaEditori	todo	(free function)	stateChange	stateChange(LuaEditor*, int)
1651457	_Z17editor_EndStylingP9lua_State	todo	(free function)	editor_EndStyling	editor_EndStyling(lua_State*)
1651515	_Z15editor_SetStateP9lua_State	todo	(free function)	editor_SetState	editor_SetState(lua_State*)
1651570	_ZN7TextBox6RenderEv	todo	TextBox	Render	TextBox::Render()
1651835	_ZThn136_N7TextBox6RenderEv	todo	TextBox	Render	non-virtual thunk to TextBox::Render()
1651851	_Z11markRegionsRKSsS0_RSt6vectorI6regionSaIS2_EEi	todo	(free function)	markRegions	markRegions(std::basic_string<char, std::char_traits<char>, std::allocator<char> > const&, std::basic_string<char, std::char_traits<char>, std::allocator<char> > const&, std::vector<region, std::allocator<region> >&, int)
1652052	_Z13findFunctionsRKSsS0_RSt6vectorISt4pairISsiESaIS3_EEiiiii	todo	(free function)	findFunctions	findFunctions(std::basic_string<char, std::char_traits<char>, std::allocator<char> > const&, std::basic_string<char, std::char_traits<char>, std::allocator<char> > const&, std::vector<std::pair<std::basic_string<char, std::char_traits<char>, std::allocator<char> >, int>, std::allocator<std::pair<std::basic_string<char, std::char_traits<char>, std::allocator<char> >, int> > >&, int, int, int, int, int)
1652492	_Z16editor_AutoCShowP9lua_State	todo	(free function)	editor_AutoCShow	editor_AutoCShow(lua_State*)
1652680	_Z17LuaDoStringEditorRKSs	todo	(free function)	LuaDoStringEditor	LuaDoStringEditor(std::basic_string<char, std::char_traits<char>, std::allocator<char> > const&)
1652724	_ZN20FunctionDataProvider16SelectionChangedERKSt6vectorImSaImEE	todo	FunctionDataProvider	SelectionChanged	FunctionDataProvider::SelectionChanged(std::vector<unsigned long, std::allocator<unsigned long> > const&)
1652892	_ZN12ScriptEditorC2Eb	todo	ScriptEditor	ScriptEditor	ScriptEditor::ScriptEditor(bool)
1653312	_ZN12ScriptEditor7SetTextERKSs	todo	ScriptEditor	SetText	ScriptEditor::SetText(std::basic_string<char, std::char_traits<char>, std::allocator<char> > const&)
1653602	_ZN12ScriptEditor12ProcessEventEP5Event	todo	ScriptEditor	ProcessEvent	ScriptEditor::ProcessEvent(Event*)
1654002	_ZThn136_N12ScriptEditor12ProcessEventEP5Event	todo	ScriptEditor	ProcessEvent	non-virtual thunk to ScriptEditor::ProcessEvent(Event*)
1654019	_Z25editor_IndicatorFillRangeP9lua_State	todo	(free function)	editor_IndicatorFillRange	editor_IndicatorFillRange(lua_State*)
1654246	_Z24editor_AnnotationSetTextP9lua_State	todo	(free function)	editor_AnnotationSetText	editor_AnnotationSetText(lua_State*)
1654545	_ZN20FunctionDataProvider7SetDataERKSt6vectorISt4pairISsiESaIS2_EE	todo	FunctionDataProvider	SetData	FunctionDataProvider::SetData(std::vector<std::pair<std::basic_string<char, std::char_traits<char>, std::allocator<char> >, int>, std::allocator<std::pair<std::basic_string<char, std::char_traits<char>, std::allocator<char> >, int> > > const&)
1654581	_ZN12ScriptEditor10FormatTextEv	todo	ScriptEditor	FormatText	ScriptEditor::FormatText()
1656285	_ZN12ScriptEditor9AddSymbolEiSs	todo	ScriptEditor	AddSymbol	ScriptEditor::AddSymbol(int, std::basic_string<char, std::char_traits<char>, std::allocator<char> >)
1656680	_ZN12DataProviderD2Ev	todo	DataProvider	~DataProvider	DataProvider::~DataProvider()
1656696	_ZN12DataProvider17RenderAttachmentsE4rectiP16CssSkinnedObjectbb	todo	DataProvider	RenderAttachments	DataProvider::RenderAttachments(rect, int, CssSkinnedObject*, bool, bool)
1656712	_ZN12DataProvider11ProcessItemEi	todo	DataProvider	ProcessItem	DataProvider::ProcessItem(int)
1656728	_ZN12DataProvider10RenderItemEiRK4rectP16CssSkinnedObjectbbiiR12GLCharBuffer	todo	DataProvider	RenderItem	DataProvider::RenderItem(int, rect const&, CssSkinnedObject*, bool, bool, int, int, GLCharBuffer&)
1656744	_ZN12DataProvider9ItemShownEi	todo	DataProvider	ItemShown	DataProvider::ItemShown(int)
1656760	_ZN12DataProvider11OwnRendererEv	todo	DataProvider	OwnRenderer	DataProvider::OwnRenderer()
1656777	_ZN12DataProvider16ItemProcessEventEP5Event	todo	DataProvider	ItemProcessEvent	DataProvider::ItemProcessEvent(Event*)
1656794	_ZN12DataProviderD0Ev	todo	DataProvider	~DataProvider	DataProvider::~DataProvider()
1656810	_ZN16TextChangedEventD2Ev	todo	TextChangedEvent	~TextChangedEvent	TextChangedEvent::~TextChangedEvent()
1656851	_ZN7mysqlpp12SimpleResultD2Ev	todo	mysqlpp::SimpleResult	~SimpleResult	mysqlpp::SimpleResult::~SimpleResult()
1656892	_ZN4Geni12authresult_tD2Ev_1	todo	Geni::authresult_t	~authresult_t	Geni::authresult_t::~authresult_t()
1659637	_GLOBAL__sub_I_editorLuaSection	todo	(free function)	_GLOBAL__sub_I_editorLuaSection	_GLOBAL__sub_I_editorLuaSection
1659702	_ZN6Dialog9DebugDrawEv	todo	Dialog	DebugDraw	Dialog::DebugDraw()
1659778	_ZThn136_N6Dialog9DebugDrawEv	todo	Dialog	DebugDraw	non-virtual thunk to Dialog::DebugDraw()
1659794	_ZN6Dialog11RefreshSizeEv	todo	Dialog	RefreshSize	Dialog::RefreshSize()
1659809	_ZThn136_N6Dialog11RefreshSizeEv	todo	Dialog	RefreshSize	non-virtual thunk to Dialog::RefreshSize()
1659826	_ZN6Dialog6ResizeEv	todo	Dialog	Resize	Dialog::Resize()
1659970	_ZThn136_N6Dialog6ResizeEv	todo	Dialog	Resize	non-virtual thunk to Dialog::Resize()
1659986	_ZN6Dialog6RenderEv	todo	Dialog	Render	Dialog::Render()
1660130	_ZThn136_N6Dialog6RenderEv	todo	Dialog	Render	non-virtual thunk to Dialog::Render()
1660146	_ZN6Dialog12ProcessEventEP5Event	todo	Dialog	ProcessEvent	Dialog::ProcessEvent(Event*)
1660606	_ZThn136_N6Dialog12ProcessEventEP5Event	todo	Dialog	ProcessEvent	non-virtual thunk to Dialog::ProcessEvent(Event*)
1660623	_ZN11DialogTitleC2Ev	todo	DialogTitle	DialogTitle	DialogTitle::DialogTitle()
1660664	_ZN6Dialog4ShowEP13BaseContainer	todo	Dialog	Show	Dialog::Show(BaseContainer*)
1660711	_ZN6Dialog9ShowModalEP13BaseContainerSt8functionIFvbEE	todo	Dialog	ShowModal	Dialog::ShowModal(BaseContainer*, std::function<void (bool)>)
1660827	_ZN6Dialog6FinishEb	todo	Dialog	Finish	Dialog::Finish(bool)
1660868	_ZN6Dialog8SetTitleERKSs	todo	Dialog	SetTitle	Dialog::SetTitle(std::basic_string<char, std::char_traits<char>, std::allocator<char> > const&)
1660886	_ZN6Dialog8SetSizerEP5Sizer	todo	Dialog	SetSizer	Dialog::SetSizer(Sizer*)
1660903	_ZN6Dialog13SetAutoHeightEv	todo	Dialog	SetAutoHeight	Dialog::SetAutoHeight()
1660920	_ZN6DialogC2Ev	todo	Dialog	Dialog	Dialog::Dialog()
1661228	_Z34ix86_override_options_after_changev_107	todo	(free function)	ix86_override_options_after_change	ix86_override_options_after_change()
1661251	_ZN7ListBox11RefreshSizeEv	todo	ListBox	RefreshSize	ListBox::RefreshSize()
1661316	_ZThn136_N7ListBox11RefreshSizeEv	todo	ListBox	RefreshSize	non-virtual thunk to ListBox::RefreshSize()
1661333	_ZN7ListBox22GetComponentUnderMouseE5point	todo	ListBox	GetComponentUnderMouse	ListBox::GetComponentUnderMouse(point)
1661350	_ZThn136_N7ListBox22GetComponentUnderMouseE5point	todo	ListBox	GetComponentUnderMouse	non-virtual thunk to ListBox::GetComponentUnderMouse(point)
1661367	_ZN21StringVecDataProvider8GetCountEv	todo	StringVecDataProvider	GetCount	StringVecDataProvider::GetCount()
1661386	_ZN21StringVecDataProvider9GetItemAtEm	todo	StringVecDataProvider	GetItemAt	StringVecDataProvider::GetItemAt(unsigned long)
1661404	_ZN25StringVoidVecDataProvider8GetCountEv	todo	StringVoidVecDataProvider	GetCount	StringVoidVecDataProvider::GetCount()
1661423	_ZN25StringVoidVecDataProvider9GetItemAtEm	todo	StringVoidVecDataProvider	GetItemAt	StringVoidVecDataProvider::GetItemAt(unsigned long)
1661441	_ZN25StringVoidVecDataProvider16SelectionChangedERKSt6vectorImSaImEE	todo	StringVoidVecDataProvider	SelectionChanged	StringVoidVecDataProvider::SelectionChanged(std::vector<unsigned long, std::allocator<unsigned long> > const&)
1661457	_ZN12CheckListBox8GetCountEv	todo	CheckListBox	GetCount	CheckListBox::GetCount()
1661475	_ZThn2088_N12CheckListBox8GetCountEv	todo	CheckListBox	GetCount	non-virtual thunk to CheckListBox::GetCount()
1661492	_ZN12CheckListBox9GetItemAtEm	todo	CheckListBox	GetItemAt	CheckListBox::GetItemAt(unsigned long)
1661509	_ZThn2088_N12CheckListBox9GetItemAtEm	todo	CheckListBox	GetItemAt	non-virtual thunk to CheckListBox::GetItemAt(unsigned long)
1661526	_ZN12CheckListBox10RenderItemEiRK4rectP16CssSkinnedObjectbbiiR12GLCharBuffer	todo	CheckListBox	RenderItem	CheckListBox::RenderItem(int, rect const&, CssSkinnedObject*, bool, bool, int, int, GLCharBuffer&)
1661653	_ZThn2088_N12CheckListBox10RenderItemEiRK4rectP16CssSkinnedObjectbbiiR12GLCharBuffer	todo	CheckListBox	RenderItem	non-virtual thunk to CheckListBox::RenderItem(int, rect const&, CssSkinnedObject*, bool, bool, int, int, GLCharBuffer&)
1661670	_ZN21StringVecDataProvider10RenameItemEmRKSs	todo	StringVecDataProvider	RenameItem	StringVecDataProvider::RenameItem(unsigned long, std::basic_string<char, std::char_traits<char>, std::allocator<char> > const&)
1661687	_ZN7ListBox6ResizeEv	todo	ListBox	Resize	ListBox::Resize()
1661738	_ZThn136_N7ListBox6ResizeEv	todo	ListBox	Resize	non-virtual thunk to ListBox::Resize()
1661754	_ZN25StringVoidVecDataProvider10RenameItemEmRKSs	todo	StringVoidVecDataProvider	RenameItem	StringVoidVecDataProvider::RenameItem(unsigned long, std::basic_string<char, std::char_traits<char>, std::allocator<char> > const&)
1661771	_ZN12CheckListBox6ResizeEv	todo	CheckListBox	Resize	CheckListBox::Resize()
1661827	_ZThn136_N12CheckListBox6ResizeEv	todo	CheckListBox	Resize	non-virtual thunk to CheckListBox::Resize()
1661844	_ZN12CheckListBox16SelectionChangedERKSt6vectorImSaImEE	todo	CheckListBox	SelectionChanged	CheckListBox::SelectionChanged(std::vector<unsigned long, std::allocator<unsigned long> > const&)
1661887	_ZThn2088_N12CheckListBox16SelectionChangedERKSt6vectorImSaImEE	todo	CheckListBox	SelectionChanged	non-virtual thunk to CheckListBox::SelectionChanged(std::vector<unsigned long, std::allocator<unsigned long> > const&)
1661904	_ZN21StringVecDataProvider16SelectionChangedERKSt6vectorImSaImEE	todo	StringVecDataProvider	SelectionChanged	StringVecDataProvider::SelectionChanged(std::vector<unsigned long, std::allocator<unsigned long> > const&)
1661966	_ZN7ListBox15PositionToIndexEi	todo	ListBox	PositionToIndex	ListBox::PositionToIndex(int)
1662067	_ZN7ListBox15IndexToPositionEi	todo	ListBox	IndexToPosition	ListBox::IndexToPosition(int)
1662143	_ZN7ListBox13ElementHeightEv	todo	ListBox	ElementHeight	ListBox::ElementHeight()
1662162	_ZN7ListBox15SetDataProviderEP12DataProvider	todo	ListBox	SetDataProvider	ListBox::SetDataProvider(DataProvider*)
1662185	_ZN7ListBox12GetSelectionEv	todo	ListBox	GetSelection	ListBox::GetSelection()
1662212	_ZN7ListBox14IsLabelEditingEv	todo	ListBox	IsLabelEditing	ListBox::IsLabelEditing()
1662227	_ZN7ListBox13StopLabelEditEv	todo	ListBox	StopLabelEdit	ListBox::StopLabelEdit()
1662242	_ZN7ListBox15SetDropDownModeEv	todo	ListBox	SetDropDownMode	ListBox::SetDropDownMode()
1662258	_ZN7ListBox12ScrollToItemEi	todo	ListBox	ScrollToItem	ListBox::ScrollToItem(int)
1662445	_ZN7ListBox14SelectionClearEv	todo	ListBox	SelectionClear	ListBox::SelectionClear()
1662461	_ZN7ListBox11ClearBufferEi	todo	ListBox	ClearBuffer	ListBox::ClearBuffer(int)
1662514	_ZN21StringVecDataProvider5ClearEv	todo	StringVecDataProvider	Clear	StringVecDataProvider::Clear()
1662577	_ZN25StringVoidVecDataProvider7GetDataEi	todo	StringVoidVecDataProvider	GetData	StringVoidVecDataProvider::GetData(int)
1662595	_ZN25StringVoidVecDataProvider7SetDataEiPv	todo	StringVoidVecDataProvider	SetData	StringVoidVecDataProvider::SetData(int, void*)
1662613	_ZN25StringVoidVecDataProvider5ClearEv	todo	StringVoidVecDataProvider	Clear	StringVoidVecDataProvider::Clear()
1662678	_ZN12CheckListBox6DeleteEj	todo	CheckListBox	Delete	CheckListBox::Delete(unsigned int)
1662860	_ZN12CheckListBox7IsEmptyEv	todo	CheckListBox	IsEmpty	CheckListBox::IsEmpty()
1662877	_ZN12CheckListBox12SetSelectionEi	todo	CheckListBox	SetSelection	CheckListBox::SetSelection(int)
1662892	_ZN12CheckListBox5ClearEv	todo	CheckListBox	Clear	CheckListBox::Clear()
1662978	_ZN12CheckListBox9SetStringEjPKc	todo	CheckListBox	SetString	CheckListBox::SetString(unsigned int, char const*)
1663015	_ZN12CheckListBox9IsCheckedEi	todo	CheckListBox	IsChecked	CheckListBox::IsChecked(int)
1663035	_ZN12CheckListBox5CheckEib	todo	CheckListBox	Check	CheckListBox::Check(int, bool)
1663068	_ZN12CheckListBox9GetStringEi	todo	CheckListBox	GetString	CheckListBox::GetString(int)
1663085	_ZN12CheckListBox12GetSelectionEv	todo	CheckListBox	GetSelection	CheckListBox::GetSelection()
1663109	_ZN7ListBoxD2Ev	todo	ListBox	~ListBox	ListBox::~ListBox()
1663300	_ZThn136_N7ListBoxD1Ev	todo	ListBox	~ListBox	non-virtual thunk to ListBox::~ListBox()
1663316	_ZN7ListBoxD0Ev	todo	ListBox	~ListBox	ListBox::~ListBox()
1663336	_ZThn136_N7ListBoxD0Ev	todo	ListBox	~ListBox	non-virtual thunk to ListBox::~ListBox()
1663352	_ZN12CheckListBoxD2Ev	todo	CheckListBox	~CheckListBox	CheckListBox::~CheckListBox()
1663591	_ZThn136_N12CheckListBoxD1Ev	todo	CheckListBox	~CheckListBox	non-virtual thunk to CheckListBox::~CheckListBox()
1663607	_ZThn2088_N12CheckListBoxD1Ev	todo	CheckListBox	~CheckListBox	non-virtual thunk to CheckListBox::~CheckListBox()
1663623	_ZN12CheckListBoxD0Ev	todo	CheckListBox	~CheckListBox	CheckListBox::~CheckListBox()
1663644	_ZThn136_N12CheckListBoxD0Ev	todo	CheckListBox	~CheckListBox	non-virtual thunk to CheckListBox::~CheckListBox()
1663660	_ZThn2088_N12CheckListBoxD0Ev	todo	CheckListBox	~CheckListBox	non-virtual thunk to CheckListBox::~CheckListBox()
1663676	_ZN7ListBoxC2EP12DataProvider	todo	ListBox	ListBox	ListBox::ListBox(DataProvider*)
1663799	_ZN12CheckListBoxC2Ev	todo	CheckListBox	CheckListBox	CheckListBox::CheckListBox()
1663857	_ZN7ListBox9LabelEditEv	todo	ListBox	LabelEdit	ListBox::LabelEdit()
1664082	_ZN7ListBox12SelectionAddEib_part_174	todo	ListBox	SelectionAdd	ListBox::SelectionAdd(int, bool)
1664274	_ZN7ListBox12SelectionAddEib	todo	ListBox	SelectionAdd	ListBox::SelectionAdd(int, bool)
1664325	_ZN7ListBox12SetSelectionEi	todo	ListBox	SetSelection	ListBox::SetSelection(int)
1664383	_ZN7ListBox12ProcessEventEP5Event	todo	ListBox	ProcessEvent	ListBox::ProcessEvent(Event*)
1665197	_ZThn136_N7ListBox12ProcessEventEP5Event	todo	ListBox	ProcessEvent	non-virtual thunk to ListBox::ProcessEvent(Event*)
1665214	_ZN12CheckListBox12ProcessEventEP5Event	todo	CheckListBox	ProcessEvent	CheckListBox::ProcessEvent(Event*)
1665303	_ZThn136_N12CheckListBox12ProcessEventEP5Event	todo	CheckListBox	ProcessEvent	non-virtual thunk to CheckListBox::ProcessEvent(Event*)
1665320	_ZN7ListBox6RenderEv	todo	ListBox	Render	ListBox::Render()
1665792	_ZThn136_N7ListBox6RenderEv	todo	ListBox	Render	non-virtual thunk to ListBox::Render()
1665808	_ZN12CheckListBox3AddEPKc	todo	CheckListBox	Add	CheckListBox::Add(char const*)
1665921	_ZN12CheckListBox6AppendEPKc	todo	CheckListBox	Append	CheckListBox::Append(char const*)
1666034	_ZN21StringVecDataProvider7SetDataERKSt6vectorISsSaISsEE	todo	StringVecDataProvider	SetData	StringVecDataProvider::SetData(std::vector<std::basic_string<char, std::char_traits<char>, std::allocator<char> >, std::allocator<std::basic_string<char, std::char_traits<char>, std::allocator<char> > > > const&)
1666072	_ZN25StringVoidVecDataProvider6AppendERKSsPv	todo	StringVoidVecDataProvider	Append	StringVoidVecDataProvider::Append(std::basic_string<char, std::char_traits<char>, std::allocator<char> > const&, void*)
1666145	_ZN21StringVecDataProvider6AppendERKSs	todo	StringVecDataProvider	Append	StringVecDataProvider::Append(std::basic_string<char, std::char_traits<char>, std::allocator<char> > const&)
1666182	_ZN25StringVoidVecDataProvider8MoveItemEmm	todo	StringVoidVecDataProvider	MoveItem	StringVoidVecDataProvider::MoveItem(unsigned long, unsigned long)
1666303	_ZN21StringVecDataProvider8MoveItemEmm	todo	StringVecDataProvider	MoveItem	StringVecDataProvider::MoveItem(unsigned long, unsigned long)
1666424	_ZN12CheckListBox8MoveItemEmm	todo	CheckListBox	MoveItem	CheckListBox::MoveItem(unsigned long, unsigned long)
1666439	_ZThn2088_N12CheckListBox8MoveItemEmm	todo	CheckListBox	MoveItem	non-virtual thunk to CheckListBox::MoveItem(unsigned long, unsigned long)
1666456	_ZN12CheckListBox10RenameItemEmRKSs	todo	CheckListBox	RenameItem	CheckListBox::RenameItem(unsigned long, std::basic_string<char, std::char_traits<char>, std::allocator<char> > const&)
1666472	_ZThn2088_N12CheckListBox10RenameItemEmRKSs	todo	CheckListBox	RenameItem	non-virtual thunk to CheckListBox::RenameItem(unsigned long, std::basic_string<char, std::char_traits<char>, std::allocator<char> > const&)
1666489	_ZN12CheckListBox9ItemShownEi	todo	CheckListBox	ItemShown	CheckListBox::ItemShown(int)
1666505	_ZThn2088_N12CheckListBox9ItemShownEi	todo	CheckListBox	ItemShown	non-virtual thunk to CheckListBox::ItemShown(int)
1666522	_ZN12CheckListBox11OwnRendererEv	todo	CheckListBox	OwnRenderer	CheckListBox::OwnRenderer()
1666539	_ZThn2088_N12CheckListBox11OwnRendererEv	todo	CheckListBox	OwnRenderer	non-virtual thunk to CheckListBox::OwnRenderer()
1666556	_ZN25StringVoidVecDataProviderD2Ev	todo	StringVoidVecDataProvider	~StringVoidVecDataProvider	StringVoidVecDataProvider::~StringVoidVecDataProvider()
1666631	_ZN25StringVoidVecDataProviderD0Ev	todo	StringVoidVecDataProvider	~StringVoidVecDataProvider	StringVoidVecDataProvider::~StringVoidVecDataProvider()
1666708	_ZN21StringVecDataProviderD0Ev	todo	StringVecDataProvider	~StringVecDataProvider	StringVecDataProvider::~StringVecDataProvider()
1666807	_ZN21StringVecDataProviderD2Ev	todo	StringVecDataProvider	~StringVecDataProvider	StringVecDataProvider::~StringVecDataProvider()
1668507	_Z34ix86_override_options_after_changev_108	todo	(free function)	ix86_override_options_after_change	ix86_override_options_after_change()
1668529	hash_str_lookup	todo	(free function)	hash_str_lookup	hash_str_lookup
1668561	hash_num_lookup	todo	(free function)	hash_num_lookup	hash_num_lookup
1668594	hash_num_compare	todo	(free function)	hash_num_compare	hash_num_compare
1668609	destroy_size	todo	(free function)	destroy_size	destroy_size
1668664	memory_stream_close	todo	(free function)	memory_stream_close	memory_stream_close
1668813	hash_str_compare	todo	(free function)	hash_str_compare	hash_str_compare
1669214	raccess_make_file_name	todo	(free function)	raccess_make_file_name	raccess_make_file_name
1669316	raccess_guess_linux_cap	todo	(free function)	raccess_guess_linux_cap	raccess_guess_linux_cap
1669354	raccess_guess_vfat	todo	(free function)	raccess_guess_vfat	raccess_guess_vfat
1669392	open_face	todo	(free function)	open_face	open_face
1669731	hash_rehash	todo	(free function)	hash_rehash	hash_rehash
1669992	raccess_guess_darwin_hfsplus	todo	(free function)	raccess_guess_darwin_hfsplus	raccess_guess_darwin_hfsplus
1670084	raccess_guess_darwin_newvfs	todo	(free function)	raccess_guess_darwin_newvfs	raccess_guess_darwin_newvfs
1672342	destroy_face	todo	(free function)	destroy_face	destroy_face
1672576	Destroy_Module	todo	(free function)	Destroy_Module	Destroy_Module
1686020	raccess_guess_apple_generic_isra_11	todo	(free function)	raccess_guess_apple_generic_isra_11	raccess_guess_apple_generic_isra_11
1686351	raccess_guess_apple_single	todo	(free function)	raccess_guess_apple_single	raccess_guess_apple_single
1686376	raccess_guess_linux_double	todo	(free function)	raccess_guess_linux_double	raccess_guess_linux_double
1686479	raccess_guess_apple_double	todo	(free function)	raccess_guess_apple_double	raccess_guess_apple_double
1686504	raccess_guess_linux_netatalk	todo	(free function)	raccess_guess_linux_netatalk	raccess_guess_linux_netatalk
1686607	raccess_guess_darwin_ufs_export	todo	(free function)	raccess_guess_darwin_ufs_export	raccess_guess_darwin_ufs_export
1688200	IsMacResource	todo	(free function)	IsMacResource	IsMacResource
1690452	open_face_from_buffer	todo	(free function)	open_face_from_buffer	open_face_from_buffer
1690674	open_face_PS_from_sfnt_stream_isra_22	todo	(free function)	open_face_PS_from_sfnt_stream_isra_22	open_face_PS_from_sfnt_stream_isra_22
1694325	_ft_lcd_filter_fir	todo	(free function)	_ft_lcd_filter_fir	_ft_lcd_filter_fir
1694608	_ft_lcd_filter_legacy	todo	(free function)	_ft_lcd_filter_legacy	_ft_lcd_filter_legacy
1699962	_bdf_atol	todo	(free function)	_bdf_atol	_bdf_atol
1700034	_bdf_atos	todo	(free function)	_bdf_atos	_bdf_atos
1700106	by_encoding	todo	(free function)	by_encoding	by_encoding
1700314	BDF_Size_Select	todo	(free function)	BDF_Size_Select	BDF_Size_Select
1700352	BDF_Glyph_Load	todo	(free function)	BDF_Glyph_Load	BDF_Glyph_Load
1700681	BDF_Face_Done	todo	(free function)	BDF_Face_Done	BDF_Face_Done
1700746	_bdf_atoul	todo	(free function)	_bdf_atoul	_bdf_atoul
1700798	_bdf_atous	todo	(free function)	_bdf_atous	_bdf_atous
1700937	_bdf_list_split_part_3	todo	(free function)	_bdf_list_split_part_3	_bdf_list_split_part_3
1701282	_bdf_list_split	todo	(free function)	_bdf_list_split	_bdf_list_split
1701333	BDF_Size_Request	todo	(free function)	BDF_Size_Request	BDF_Size_Request
1701427	_bdf_parse_glyphs	todo	(free function)	_bdf_parse_glyphs	_bdf_parse_glyphs
1702601	BDF_Face_Init	todo	(free function)	BDF_Face_Init	BDF_Face_Init
1703926	_bdf_add_property_isra_5	todo	(free function)	_bdf_add_property_isra_5	_bdf_add_property_isra_5
1704585	_bdf_parse_start	todo	(free function)	_bdf_parse_start	_bdf_parse_start
1705743	_bdf_parse_properties	todo	(free function)	_bdf_parse_properties	_bdf_parse_properties
1730204	parse_expansion_factor	todo	(free function)	parse_expansion_factor	parse_expansion_factor
1731391	parse_fd_array	todo	(free function)	parse_fd_array	parse_fd_array
1733267	PCF_Size_Select	todo	(free function)	PCF_Size_Select	PCF_Size_Select
1733305	PCF_Glyph_Load	todo	(free function)	PCF_Glyph_Load	PCF_Glyph_Load
1733929	PCF_Face_Done	todo	(free function)	PCF_Face_Done	PCF_Face_Done
1734234	PCF_Size_Request	todo	(free function)	PCF_Size_Request	PCF_Size_Request
1736528	PCF_Face_Init	todo	(free function)	PCF_Face_Init	PCF_Face_Init
1741641	skip_literal_string	todo	(free function)	skip_literal_string	skip_literal_string
1741767	ps_parser_init	todo	(free function)	ps_parser_init	ps_parser_init
1741798	ps_parser_done	todo	(free function)	ps_parser_done	ps_parser_done
1742195	compare_kern_pairs_0	todo	(free function)	compare_kern_pairs_0	compare_kern_pairs_0
1742220	PS_Conv_Strtol	todo	(free function)	PS_Conv_Strtol	PS_Conv_Strtol
1742444	afm_parser_done	todo	(free function)	afm_parser_done	afm_parser_done
1742463	ps_table_release	todo	(free function)	ps_table_release	ps_table_release
1742512	ps_table_new	todo	(free function)	ps_table_new	ps_table_new
1742601	afm_parser_init	todo	(free function)	afm_parser_init	afm_parser_init
1742652	ps_table_done	todo	(free function)	ps_table_done	ps_table_done
1742927	ps_table_add	todo	(free function)	ps_table_add	ps_table_add
1743196	skip_string	todo	(free function)	skip_string	skip_string
1743284	skip_procedure	todo	(free function)	skip_procedure	skip_procedure
1743433	ps_parser_skip_PS_token	todo	(free function)	ps_parser_skip_PS_token	ps_parser_skip_PS_token
1743732	ps_parser_skip_spaces	todo	(free function)	ps_parser_skip_spaces	ps_parser_skip_spaces
1743797	ps_parser_to_bytes	todo	(free function)	ps_parser_to_bytes	ps_parser_to_bytes
1743994	ps_parser_to_int	todo	(free function)	ps_parser_to_int	ps_parser_to_int
1744357	PS_Conv_ToFixed	todo	(free function)	PS_Conv_ToFixed	PS_Conv_ToFixed
1744803	ps_tofixedarray	todo	(free function)	ps_tofixedarray	ps_tofixedarray
1744988	ps_parser_to_fixed_array	todo	(free function)	ps_parser_to_fixed_array	ps_parser_to_fixed_array
1745055	ps_parser_to_coord_array	todo	(free function)	ps_parser_to_coord_array	ps_parser_to_coord_array
1745287	ps_parser_to_fixed	todo	(free function)	ps_parser_to_fixed	ps_parser_to_fixed
1745565	ps_parser_to_token	todo	(free function)	ps_parser_to_token	ps_parser_to_token
1745883	ps_parser_to_token_array	todo	(free function)	ps_parser_to_token_array	ps_parser_to_token_array
1746000	ps_parser_load_field	todo	(free function)	ps_parser_load_field	ps_parser_load_field
1746577	ps_parser_load_field_table	todo	(free function)	ps_parser_load_field_table	ps_parser_load_field_table
1748840	afm_parser_read_vals	todo	(free function)	afm_parser_read_vals	afm_parser_read_vals
1749211	afm_stream_read_one	todo	(free function)	afm_stream_read_one	afm_stream_read_one
1749328	afm_parser_next_key_isra_1_constprop_8	todo	(free function)	afm_parser_next_key_isra_1_constprop_8	afm_parser_next_key_isra_1_constprop_8
1749524	afm_parser_parse	todo	(free function)	afm_parser_parse	afm_parser_parse
1750898	t2_hints_open	todo	(free function)	t2_hints_open	t2_hints_open
1750918	pshinter_get_globals_funcs	todo	(free function)	pshinter_get_globals_funcs	pshinter_get_globals_funcs
1750931	pshinter_get_t1_funcs	todo	(free function)	pshinter_get_t1_funcs	pshinter_get_t1_funcs
1750944	pshinter_get_t2_funcs	todo	(free function)	pshinter_get_t2_funcs	pshinter_get_t2_funcs
1750957	psh_globals_destroy	todo	(free function)	psh_globals_destroy	psh_globals_destroy
1750984	ps_hinter_init	todo	(free function)	ps_hinter_init	ps_hinter_init
1751193	psh_blues_set_zones_0_isra_5	todo	(free function)	psh_blues_set_zones_0_isra_5	psh_blues_set_zones_0_isra_5
1751351	psh_blues_set_zones	todo	(free function)	psh_blues_set_zones	psh_blues_set_zones
1751540	psh_globals_new	todo	(free function)	psh_globals_new	psh_globals_new
1751740	psh_hint_table_activate_mask_isra_9	todo	(free function)	psh_hint_table_activate_mask_isra_9	psh_hint_table_activate_mask_isra_9
1751885	psh_hint_table_find_strong_points_isra_12	todo	(free function)	psh_hint_table_find_strong_points_isra_12	psh_hint_table_find_strong_points_isra_12
1752168	psh_hint_align	todo	(free function)	psh_hint_align	psh_hint_align
1752707	psh_globals_set_scale	todo	(free function)	psh_globals_set_scale	psh_globals_set_scale
1753107	psh_hint_table_init_isra_20	todo	(free function)	psh_hint_table_init_isra_20	psh_hint_table_init_isra_20
1755241	ps_mask_table_merge_all	todo	(free function)	ps_mask_table_merge_all	ps_mask_table_merge_all
1755936	t2_hints_stems	todo	(free function)	t2_hints_stems	t2_hints_stems
1756031	ps_hinter_done	todo	(free function)	ps_hinter_done	ps_hinter_done
1756188	ps_dimension_set_mask_bits	todo	(free function)	ps_dimension_set_mask_bits	ps_dimension_set_mask_bits
1757214	compare_uni_maps	todo	(free function)	compare_uni_maps	compare_uni_maps
1757255	ps_unicodes_char_index	todo	(free function)	ps_unicodes_char_index	ps_unicodes_char_index
1757339	ps_unicodes_char_next	todo	(free function)	ps_unicodes_char_next	ps_unicodes_char_next
1757435	ps_get_macintosh_name	todo	(free function)	ps_get_macintosh_name	ps_get_macintosh_name
1757451	ps_get_standard_strings	todo	(free function)	ps_get_standard_strings	ps_get_standard_strings
1757474	psnames_get_service	todo	(free function)	psnames_get_service	psnames_get_service
1757635	ps_unicode_value	todo	(free function)	ps_unicode_value	ps_unicode_value
1757867	ps_unicodes_init	todo	(free function)	ps_unicodes_init	ps_unicodes_init
1758377	Split_Conic	todo	(free function)	Split_Conic	Split_Conic
1758433	Split_Cubic	todo	(free function)	Split_Cubic	Split_Cubic
1758493	Vertical_Sweep_Init	todo	(free function)	Vertical_Sweep_Init	Vertical_Sweep_Init
1758523	Vertical_Sweep_Span	todo	(free function)	Vertical_Sweep_Span	Vertical_Sweep_Span
1758688	Vertical_Sweep_Drop	todo	(free function)	Vertical_Sweep_Drop	Vertical_Sweep_Drop
1758873	Vertical_Sweep_Step	todo	(free function)	Vertical_Sweep_Step	Vertical_Sweep_Step
1758885	Horizontal_Sweep_Init	todo	(free function)	Horizontal_Sweep_Init	Horizontal_Sweep_Init
1758897	Horizontal_Sweep_Span	todo	(free function)	Horizontal_Sweep_Span	Horizontal_Sweep_Span
1758958	Horizontal_Sweep_Drop	todo	(free function)	Horizontal_Sweep_Drop	Horizontal_Sweep_Drop
1759167	Horizontal_Sweep_Step	todo	(free function)	Horizontal_Sweep_Step	Horizontal_Sweep_Step
1762554	compare_offsets	todo	(free function)	compare_offsets	compare_offsets
1762575	premultiply_data	todo	(free function)	premultiply_data	premultiply_data
1762645	convert_bytes_to_data	todo	(free function)	convert_bytes_to_data	convert_bytes_to_data
1762676	warning_callback	todo	(free function)	warning_callback	warning_callback
1765612	Load_SBit_Png	todo	(free function)	Load_SBit_Png	Load_SBit_Png
1766157	error_callback	todo	(free function)	error_callback	error_callback
1770156	get_sfnt_table	todo	(free function)	get_sfnt_table	get_sfnt_table
1771147	load_post_names	todo	(free function)	load_post_names	load_post_names
1773012	read_data_from_FT_Stream	todo	(free function)	read_data_from_FT_Stream	read_data_from_FT_Stream
1776912	gray_raster_reset	todo	(free function)	gray_raster_reset	gray_raster_reset
1776924	gray_raster_set_mode	todo	(free function)	gray_raster_set_mode	gray_raster_set_mode
1776976	gray_raster_done	todo	(free function)	gray_raster_done	gray_raster_done
1776990	gray_raster_new	todo	(free function)	gray_raster_new	gray_raster_new
1777552	gray_raster_render	todo	(free function)	gray_raster_render	gray_raster_render
1777818	gray_move_to	todo	(free function)	gray_move_to	gray_move_to
1777933	gray_render_line	todo	(free function)	gray_render_line	gray_render_line
1778663	gray_render_cubic	todo	(free function)	gray_render_cubic	gray_render_cubic
1778987	gray_cubic_to	todo	(free function)	gray_cubic_to	gray_cubic_to
1779008	gray_render_conic	todo	(free function)	gray_render_conic	gray_render_conic
1779234	gray_conic_to	todo	(free function)	gray_conic_to	gray_conic_to
1779254	gray_line_to	todo	(free function)	gray_line_to	gray_line_to
1779426	TT_Load_Glyph_Header	todo	(free function)	TT_Load_Glyph_Header	TT_Load_Glyph_Header
1779523	TT_MulFix14_long_long	todo	(free function)	TT_MulFix14_long_long	TT_MulFix14_long_long
1779543	Current_Ppem	todo	(free function)	Current_Ppem	Current_Ppem
1779556	Read_CVT	todo	(free function)	Read_CVT	Read_CVT
1779570	Write_CVT	todo	(free function)	Write_CVT	Write_CVT
1779584	Move_CVT	todo	(free function)	Move_CVT	Move_CVT
1779598	Direct_Move_X	todo	(free function)	Direct_Move_X	Direct_Move_X
1779638	Direct_Move_Y	todo	(free function)	Direct_Move_Y	Direct_Move_Y
1779677	Direct_Move_Orig_X	todo	(free function)	Direct_Move_Orig_X	Direct_Move_Orig_X
1779694	Direct_Move_Orig_Y	todo	(free function)	Direct_Move_Orig_Y	Direct_Move_Orig_Y
1779709	Round_None	todo	(free function)	Round_None	Round_None
1779736	SetSuperRound	todo	(free function)	SetSuperRound	SetSuperRound
1779870	Project	todo	(free function)	Project	Project
1779895	Dual_Project	todo	(free function)	Dual_Project	Dual_Project
1779920	Project_x	todo	(free function)	Project_x	Project_x
1779934	Project_y	todo	(free function)	Project_y	Project_y
1779948	Ins_MIRP	todo	(free function)	Ins_MIRP	Ins_MIRP
1780231	Ins_ALIGNRP	todo	(free function)	Ins_ALIGNRP	Ins_ALIGNRP
1780333	Ins_DELTAP	todo	(free function)	Ins_DELTAP	Ins_DELTAP
1780497	Ins_GETVARIATION	todo	(free function)	Ins_GETVARIATION	Ins_GETVARIATION
1780723	Direct_Move_Orig	todo	(free function)	Direct_Move_Orig	Direct_Move_Orig
1780792	Direct_Move	todo	(free function)	Direct_Move	Direct_Move
1780909	Ins_ISECT	todo	(free function)	Ins_ISECT	Ins_ISECT
1781129	Compute_Point_Displacement	todo	(free function)	Compute_Point_Displacement	Compute_Point_Displacement
1781252	Ins_IP	todo	(free function)	Ins_IP	Ins_IP
1781737	TT_Hint_Glyph	todo	(free function)	TT_Hint_Glyph	TT_Hint_Glyph
1781982	TT_Access_Glyph_Frame	todo	(free function)	TT_Access_Glyph_Frame	TT_Access_Glyph_Frame
1782032	TT_Forget_Glyph_Frame	todo	(free function)	TT_Forget_Glyph_Frame	TT_Forget_Glyph_Frame
1782045	Current_Ppem_Stretched	todo	(free function)	Current_Ppem_Stretched	Current_Ppem_Stretched
1782431	TT_Get_MM_Var	todo	(free function)	TT_Get_MM_Var	TT_Get_MM_Var
1782882	TT_Get_Var_Design	todo	(free function)	TT_Get_Var_Design	TT_Get_Var_Design
1783230	TT_Get_MM_Blend	todo	(free function)	TT_Get_MM_Blend	TT_Get_MM_Blend
1783415	TT_Load_Composite_Glyph	todo	(free function)	TT_Load_Composite_Glyph	TT_Load_Composite_Glyph
1783682	Round_To_Grid	todo	(free function)	Round_To_Grid	Round_To_Grid
1783712	Round_To_Half_Grid	todo	(free function)	Round_To_Half_Grid	Round_To_Half_Grid
1783745	Round_Down_To_Grid	todo	(free function)	Round_Down_To_Grid	Round_Down_To_Grid
1783776	Round_Up_To_Grid	todo	(free function)	Round_Up_To_Grid	Round_Up_To_Grid
1783806	Round_To_Double_Grid	todo	(free function)	Round_To_Double_Grid	Round_To_Double_Grid
1783835	Round_Super	todo	(free function)	Round_Super	Round_Super
1783876	Round_Super_45	todo	(free function)	Round_Super_45	Round_Super_45
1783919	Ins_FDEF_isra_19	todo	(free function)	Ins_FDEF_isra_19	Ins_FDEF_isra_19
1784054	Ins_CALL_isra_20	todo	(free function)	Ins_CALL_isra_20	Ins_CALL_isra_20
1784179	Ins_MDRP_isra_49	todo	(free function)	Ins_MDRP_isra_49	Ins_MDRP_isra_49
1784462	_iup_worker_interpolate_part_55	todo	(free function)	_iup_worker_interpolate_part_55	_iup_worker_interpolate_part_55
1785150	TT_Set_MM_Blend	todo	(free function)	TT_Set_MM_Blend	TT_Set_MM_Blend
1785660	TT_Set_Var_Design	todo	(free function)	TT_Set_Var_Design	TT_Set_Var_Design
1788075	TT_Vary_Apply_Glyph_Deltas	todo	(free function)	TT_Vary_Apply_Glyph_Deltas	TT_Vary_Apply_Glyph_Deltas
1788931	Ins_IUP	todo	(free function)	Ins_IUP	Ins_IUP
1789227	Ins_IF_isra_17	todo	(free function)	Ins_IF_isra_17	Ins_IF_isra_17
1789447	Move_CVT_Stretched	todo	(free function)	Move_CVT_Stretched	Move_CVT_Stretched
1789524	Write_CVT_Stretched	todo	(free function)	Write_CVT_Stretched	Write_CVT_Stretched
1789597	Read_CVT_Stretched	todo	(free function)	Read_CVT_Stretched	Read_CVT_Stretched
1789672	TT_Load_Context	todo	(free function)	TT_Load_Context	TT_Load_Context
1790271	Move_Zp2_Point	todo	(free function)	Move_Zp2_Point	Move_Zp2_Point
1790347	Ins_SHP	todo	(free function)	Ins_SHP	Ins_SHP
1790437	Ins_SHPIX	todo	(free function)	Ins_SHPIX	Ins_SHPIX
1790642	Ins_SHC_isra_57	todo	(free function)	Ins_SHC_isra_57	Ins_SHC_isra_57
1790930	TT_Load_Simple_Glyph	todo	(free function)	TT_Load_Simple_Glyph	TT_Load_Simple_Glyph
1791458	Ins_LOOPCALL	todo	(free function)	Ins_LOOPCALL	Ins_LOOPCALL
1791598	Ins_UNKNOWN	todo	(free function)	Ins_UNKNOWN	Ins_UNKNOWN
1792429	TT_RunIns	todo	(free function)	TT_RunIns	TT_RunIns
1796175	load_truetype_glyph	todo	(free function)	load_truetype_glyph	load_truetype_glyph
1797798	TT_Load_Glyph	todo	(free function)	TT_Load_Glyph	TT_Load_Glyph
1798814	TT_New_Context	todo	(free function)	TT_New_Context	TT_New_Context
1798911	T1_Get_Multi_Master	todo	(free function)	T1_Get_Multi_Master	T1_Get_Multi_Master
1798960	T1_Set_MM_Blend	todo	(free function)	T1_Set_MM_Blend	T1_Set_MM_Blend
1799052	parse_buildchar	todo	(free function)	parse_buildchar	parse_buildchar
1799074	parse_private	todo	(free function)	parse_private	parse_private
1799087	T1_GlyphSlot_Done	todo	(free function)	T1_GlyphSlot_Done	T1_GlyphSlot_Done
1799099	T1_Driver_Init	todo	(free function)	T1_Driver_Init	T1_Driver_Init
1799112	T1_Driver_Done	todo	(free function)	T1_Driver_Done	T1_Driver_Done
1799213	compare_kern_pairs	todo	(free function)	compare_kern_pairs	compare_kern_pairs
1799238	T1_GlyphSlot_Init	todo	(free function)	T1_GlyphSlot_Init	T1_GlyphSlot_Init
1799279	T1_Parse_Glyph_And_Get_Char_String	todo	(free function)	T1_Parse_Glyph_And_Get_Char_String	T1_Parse_Glyph_And_Get_Char_String
1799405	T1_Parse_Glyph	todo	(free function)	T1_Parse_Glyph	T1_Parse_Glyph
1799668	parse_weight_vector	todo	(free function)	parse_weight_vector	parse_weight_vector
1799806	parse_blend_design_positions	todo	(free function)	parse_blend_design_positions	parse_blend_design_positions
1799960	parse_blend_design_map	todo	(free function)	parse_blend_design_map	parse_blend_design_map
1800143	T1_Done_Blend	todo	(free function)	T1_Done_Blend	T1_Done_Blend
1800339	parse_encoding	todo	(free function)	parse_encoding	parse_encoding
1800749	T1_Load_Glyph	todo	(free function)	T1_Load_Glyph	T1_Load_Glyph
1801166	T1_Face_Done	todo	(free function)	T1_Face_Done	T1_Face_Done
1801350	parse_blend_axis_types	todo	(free function)	parse_blend_axis_types	parse_blend_axis_types
1801588	Get_Interface	todo	(free function)	Get_Interface	Get_Interface
1801602	T1_Get_Track_Kerning	todo	(free function)	T1_Get_Track_Kerning	T1_Get_Track_Kerning
1802465	mm_weights_unmap_part_0	todo	(free function)	mm_weights_unmap_part_0	mm_weights_unmap_part_0
1802536	Get_Kerning	todo	(free function)	Get_Kerning	Get_Kerning
1802619	T1_Size_Done	todo	(free function)	T1_Size_Done	T1_Size_Done
1802744	T1_Compute_Max_Advance	todo	(free function)	T1_Compute_Max_Advance	T1_Compute_Max_Advance
1802864	T1_Get_Advances	todo	(free function)	T1_Get_Advances	T1_Get_Advances
1803050	T1_Get_MM_Blend	todo	(free function)	T1_Get_MM_Blend	T1_Get_MM_Blend
1803177	T1_Read_Metrics	todo	(free function)	T1_Read_Metrics	T1_Read_Metrics
1803555	parse_subrs	todo	(free function)	parse_subrs	parse_subrs
1803881	T1_Size_Request	todo	(free function)	T1_Size_Request	T1_Size_Request
1803949	T1_Size_Init	todo	(free function)	T1_Size_Init	T1_Size_Init
1804009	T1_Get_MM_Var	todo	(free function)	T1_Get_MM_Var	T1_Get_MM_Var
1804306	T1_Set_MM_Design	todo	(free function)	T1_Set_MM_Design	T1_Set_MM_Design
1804522	T1_Set_Var_Design	todo	(free function)	T1_Set_Var_Design	T1_Set_Var_Design
1804574	T1_Get_Var_Design	todo	(free function)	T1_Get_Var_Design	T1_Get_Var_Design
1804758	parse_charstrings	todo	(free function)	parse_charstrings	parse_charstrings
1805301	parse_dict	todo	(free function)	parse_dict	parse_dict
1805903	T1_Open_Face	todo	(free function)	T1_Open_Face	T1_Open_Face
1806969	T1_Face_Init	todo	(free function)	T1_Face_Init	T1_Face_Init
1807318	T42_Driver_Done	todo	(free function)	T42_Driver_Done	T42_Driver_Done
1807330	t42_get_ps_font_name	todo	(free function)	t42_get_ps_font_name	t42_get_ps_font_name
1807371	t42_ps_get_font_extra	todo	(free function)	t42_ps_get_font_extra	t42_ps_get_font_extra
1807386	t42_ps_has_glyph_names	todo	(free function)	t42_ps_has_glyph_names	t42_ps_has_glyph_names
1807399	t42_ps_get_font_private	todo	(free function)	t42_ps_get_font_private	t42_ps_get_font_private
1807417	T42_Size_Select	todo	(free function)	T42_Size_Select	T42_Size_Select
1807470	T42_Size_Request	todo	(free function)	T42_Size_Request	T42_Size_Request
1807523	T42_GlyphSlot_Done	todo	(free function)	T42_GlyphSlot_Done	T42_GlyphSlot_Done
1807537	T42_GlyphSlot_Init	todo	(free function)	T42_GlyphSlot_Init	T42_GlyphSlot_Init
1807577	T42_Size_Done	todo	(free function)	T42_Size_Done	T42_Size_Done
1807604	T42_Size_Init	todo	(free function)	T42_Size_Init	T42_Size_Init
1807638	T42_Face_Done	todo	(free function)	T42_Face_Done	T42_Face_Done
1807732	T42_Driver_Init	todo	(free function)	T42_Driver_Init	T42_Driver_Init
1807760	t42_get_name_index	todo	(free function)	t42_get_name_index	t42_get_name_index
1807833	t42_parse_sfnts	todo	(free function)	t42_parse_sfnts	t42_parse_sfnts
1808290	t42_parse_font_matrix	todo	(free function)	t42_parse_font_matrix	t42_parse_font_matrix
1808386	T42_Get_Interface	todo	(free function)	T42_Get_Interface	T42_Get_Interface
1808422	t42_parse_charstrings	todo	(free function)	t42_parse_charstrings	t42_parse_charstrings
1808823	t42_parse_encoding	todo	(free function)	t42_parse_encoding	t42_parse_encoding
1809200	T42_GlyphSlot_Load	todo	(free function)	T42_GlyphSlot_Load	T42_GlyphSlot_Load
1809385	T42_Face_Init	todo	(free function)	T42_Face_Init	T42_Face_Init
1810329	fnt_cmap_init	todo	(free function)	fnt_cmap_init	fnt_cmap_init
1810348	fnt_cmap_char_index	todo	(free function)	fnt_cmap_char_index	fnt_cmap_char_index
1810365	fnt_cmap_char_next	todo	(free function)	fnt_cmap_char_next	fnt_cmap_char_next
1810400	winfnt_get_header	todo	(free function)	winfnt_get_header	winfnt_get_header
1810420	FNT_Size_Select	todo	(free function)	FNT_Size_Select	FNT_Size_Select
1810458	FNT_Load_Glyph	todo	(free function)	FNT_Load_Glyph	FNT_Load_Glyph
1810661	winfnt_get_service	todo	(free function)	winfnt_get_service	winfnt_get_service
1810674	fnt_font_load	todo	(free function)	fnt_font_load	fnt_font_load
1810760	FNT_Size_Request	todo	(free function)	FNT_Size_Request	FNT_Size_Request
1810856	FNT_Face_Done	todo	(free function)	FNT_Face_Done	FNT_Face_Done
1810912	FNT_Face_Init	todo	(free function)	FNT_Face_Init	FNT_Face_Init
1830987	_ZL22compare_info_codepointPK15hb_glyph_info_tS1_	todo	(free function)	compare_info_codepoint	compare_info_codepoint(hb_glyph_info_t const*, hb_glyph_info_t const*)
1838348	_ZL19lang_find_or_insertPKc	todo	(free function)	lang_find_or_insert	lang_find_or_insert(char const*)
1838503	_ZL10free_langsv	todo	(free function)	free_langs	free_langs()
1838549	_ZL20free_static_C_localev	todo	(free function)	free_static_C_locale	free_static_C_locale()
1838581	_ZL9parse_tagPPKcS0_Pj	todo	(free function)	parse_tag	parse_tag(char const**, char const*, unsigned int*)
1838785	_Z16_hb_options_initv	todo	(free function)	_hb_options_init	_hb_options_init()
1841886	_ZL18trampoline_destroyPv	todo	(free function)	trampoline_destroy	trampoline_destroy(void*)
1847835	_ZL23free_static_shaper_listv	todo	(free function)	free_static_shaper_list	free_static_shaper_list()
1849196	_ZL19free_static_shapersv	todo	(free function)	free_static_shapers	free_static_shapers()
1849231	_Z15_hb_shapers_getv	todo	(free function)	_hb_shapers_get	_hb_shapers_get()
1851065	_hb_fallback_shaper_face_data_create	todo	(free function)	_hb_fallback_shaper_face_data_create	_hb_fallback_shaper_face_data_create
1851078	_hb_fallback_shaper_face_data_destroy	todo	(free function)	_hb_fallback_shaper_face_data_destroy	_hb_fallback_shaper_face_data_destroy
1851091	_hb_fallback_shaper_font_data_create	todo	(free function)	_hb_fallback_shaper_font_data_create	_hb_fallback_shaper_font_data_create
1851104	_hb_fallback_shaper_font_data_destroy	todo	(free function)	_hb_fallback_shaper_font_data_destroy	_hb_fallback_shaper_font_data_destroy
1851117	_hb_fallback_shaper_shape_plan_data_create	todo	(free function)	_hb_fallback_shaper_shape_plan_data_create	_hb_fallback_shaper_shape_plan_data_create
1851131	_hb_fallback_shaper_shape_plan_data_destroy	todo	(free function)	_hb_fallback_shaper_shape_plan_data_destroy	_hb_fallback_shaper_shape_plan_data_destroy
1851144	_hb_fallback_shape	todo	(free function)	_hb_fallback_shape	_hb_fallback_shape
1851570	_hb_ot_shaper_face_data_create	todo	(free function)	_hb_ot_shaper_face_data_create	_hb_ot_shaper_face_data_create
1851582	_hb_ot_shaper_face_data_destroy	todo	(free function)	_hb_ot_shaper_face_data_destroy	_hb_ot_shaper_face_data_destroy
1851631	_hb_ot_shaper_font_data_create	todo	(free function)	_hb_ot_shaper_font_data_create	_hb_ot_shaper_font_data_create
1851644	_hb_ot_shaper_font_data_destroy	todo	(free function)	_hb_ot_shaper_font_data_destroy	_hb_ot_shaper_font_data_destroy
1851657	_hb_ot_shaper_shape_plan_data_create	todo	(free function)	_hb_ot_shaper_shape_plan_data_create	_hb_ot_shaper_shape_plan_data_create
1852663	_hb_ot_shaper_shape_plan_data_destroy	todo	(free function)	_hb_ot_shaper_shape_plan_data_destroy	_hb_ot_shaper_shape_plan_data_destroy
1852738	_hb_ot_shape	todo	(free function)	_hb_ot_shape	_hb_ot_shape
1856165	_ZL12joining_typej	todo	(free function)	joining_type	joining_type(unsigned int)
1856310	_ZL12nuke_joinersPK18hb_ot_shape_plan_tP9hb_font_tP11hb_buffer_t	todo	(free function)	nuke_joiners	nuke_joiners(hb_ot_shape_plan_t const*, hb_font_t*, hb_buffer_t*)
1856359	_ZL11record_stchPK18hb_ot_shape_plan_tP9hb_font_tP11hb_buffer_t	todo	(free function)	record_stch	record_stch(hb_ot_shape_plan_t const*, hb_font_t*, hb_buffer_t*)
1856412	_ZL20reorder_marks_arabicPK18hb_ot_shape_plan_tP11hb_buffer_tjj	todo	(free function)	reorder_marks_arabic	reorder_marks_arabic(hb_ot_shape_plan_t const*, hb_buffer_t*, unsigned int, unsigned int)
1856643	_ZL25postprocess_glyphs_arabicPK18hb_ot_shape_plan_tP11hb_buffer_tP9hb_font_t	todo	(free function)	postprocess_glyphs_arabic	postprocess_glyphs_arabic(hb_ot_shape_plan_t const*, hb_buffer_t*, hb_font_t*)
1857058	_ZL28arabic_fallback_plan_destroyP22arabic_fallback_plan_t_part_24	todo	(free function)	arabic_fallback_plan_destroy	arabic_fallback_plan_destroy(arabic_fallback_plan_t*)
1857113	_ZL23collect_features_arabicP21hb_ot_shape_planner_t	todo	(free function)	collect_features_arabic	collect_features_arabic(hb_ot_shape_planner_t*)
1857273	_Z19data_destroy_arabicPv	todo	(free function)	data_destroy_arabic	data_destroy_arabic(void*)
1857301	_Z18data_create_arabicPK18hb_ot_shape_plan_t	todo	(free function)	data_create_arabic	data_create_arabic(hb_ot_shape_plan_t const*)
1857500	_ZL14arabic_joiningP11hb_buffer_t	todo	(free function)	arabic_joining	arabic_joining(hb_buffer_t*)
1857719	_ZL18setup_masks_arabicPK18hb_ot_shape_plan_tP11hb_buffer_tP9hb_font_t	todo	(free function)	setup_masks_arabic	setup_masks_arabic(hb_ot_shape_plan_t const*, hb_buffer_t*, hb_font_t*)
1857796	_Z23setup_masks_arabic_planPK19arabic_shape_plan_tP11hb_buffer_t11hb_script_t	todo	(free function)	setup_masks_arabic_plan	setup_masks_arabic_plan(arabic_shape_plan_t const*, hb_buffer_t*, hb_script_t)
1857873	_ZL21arabic_fallback_shapePK18hb_ot_shape_plan_tP9hb_font_tP11hb_buffer_t	todo	(free function)	arabic_fallback_shape	arabic_fallback_shape(hb_ot_shape_plan_t const*, hb_font_t*, hb_buffer_t*)
1864822	_ZL18setup_masks_hangulPK18hb_ot_shape_plan_tP11hb_buffer_tP9hb_font_t	todo	(free function)	setup_masks_hangul	setup_masks_hangul(hb_ot_shape_plan_t const*, hb_buffer_t*, hb_font_t*)
1864857	_ZL19data_destroy_hangulPv	todo	(free function)	data_destroy_hangul	data_destroy_hangul(void*)
1864870	_ZL18data_create_hangulPK18hb_ot_shape_plan_t	todo	(free function)	data_create_hangul	data_create_hangul(hb_ot_shape_plan_t const*)
1864950	_ZL24override_features_hangulP21hb_ot_shape_planner_t	todo	(free function)	override_features_hangul	override_features_hangul(hb_ot_shape_planner_t*)
1864968	_ZL23collect_features_hangulP21hb_ot_shape_planner_t	todo	(free function)	collect_features_hangul	collect_features_hangul(hb_ot_shape_planner_t*)
1864999	_ZL22preprocess_text_hangulPK18hb_ot_shape_plan_tP11hb_buffer_tP9hb_font_t	todo	(free function)	preprocess_text_hangul	preprocess_text_hangul(hb_ot_shape_plan_t const*, hb_buffer_t*, hb_font_t*)
1866045	_ZL18disable_otl_hebrewPK18hb_ot_shape_plan_t	todo	(free function)	disable_otl_hebrew	disable_otl_hebrew(hb_ot_shape_plan_t const*)
1866060	_ZL14compose_hebrewPK31hb_ot_shape_normalize_context_tjjPj	todo	(free function)	compose_hebrew	compose_hebrew(hb_ot_shape_normalize_context_t const*, unsigned int, unsigned int, unsigned int*)
1866268	_ZL19compare_indic_orderPK15hb_glyph_info_tS1_	todo	(free function)	compare_indic_order	compare_indic_order(hb_glyph_info_t const*, hb_glyph_info_t const*)
1866289	_ZL15clear_syllablesPK18hb_ot_shape_plan_tP9hb_font_tP11hb_buffer_t	todo	(free function)	clear_syllables	clear_syllables(hb_ot_shape_plan_t const*, hb_font_t*, hb_buffer_t*)
1866319	_ZL18data_destroy_indicPv	todo	(free function)	data_destroy_indic	data_destroy_indic(void*)
1866332	_ZL23override_features_indicP21hb_ot_shape_planner_t	todo	(free function)	override_features_indic	override_features_indic(hb_ot_shape_planner_t*)
1866350	_ZL13compose_indicPK31hb_ot_shape_normalize_context_tjjPj	todo	(free function)	compose_indic	compose_indic(hb_ot_shape_normalize_context_t const*, unsigned int, unsigned int, unsigned int*)
1866444	_ZL15setup_syllablesPK18hb_ot_shape_plan_tP9hb_font_tP11hb_buffer_t	todo	(free function)	setup_syllables	setup_syllables(hb_ot_shape_plan_t const*, hb_font_t*, hb_buffer_t*)
1867067	_ZL22collect_features_indicP21hb_ot_shape_planner_t	todo	(free function)	collect_features_indic	collect_features_indic(hb_ot_shape_planner_t*)
1867263	_ZL17setup_masks_indicPK18hb_ot_shape_plan_tP11hb_buffer_tP9hb_font_t	todo	(free function)	setup_masks_indic	setup_masks_indic(hb_ot_shape_plan_t const*, hb_buffer_t*, hb_font_t*)
1867599	_ZL16final_reorderingPK18hb_ot_shape_plan_tP9hb_font_tP11hb_buffer_t	todo	(free function)	final_reordering	final_reordering(hb_ot_shape_plan_t const*, hb_font_t*, hb_buffer_t*)
1868874	_ZL17data_create_indicPK18hb_ot_shape_plan_t	todo	(free function)	data_create_indic	data_create_indic(hb_ot_shape_plan_t const*)
1869477	_ZL37initial_reordering_consonant_syllablePK18hb_ot_shape_plan_tP9hb_face_tP11hb_buffer_tjj_isra_22	todo	(free function)	initial_reordering_consonant_syllable	initial_reordering_consonant_syllable(hb_ot_shape_plan_t const*, hb_face_t*, hb_buffer_t*, unsigned int, unsigned int)
1870939	_ZL15decompose_indicPK31hb_ot_shape_normalize_context_tjPjS2_	todo	(free function)	decompose_indic	decompose_indic(hb_ot_shape_normalize_context_t const*, unsigned int, unsigned int*, unsigned int*)
1871099	_ZL18initial_reorderingPK18hb_ot_shape_plan_tP9hb_font_tP11hb_buffer_t	todo	(free function)	initial_reordering	initial_reordering(hb_ot_shape_plan_t const*, hb_font_t*, hb_buffer_t*)
1871902	_ZL15clear_syllablesPK18hb_ot_shape_plan_tP9hb_font_tP11hb_buffer_t_0	todo	(free function)	clear_syllables	clear_syllables(hb_ot_shape_plan_t const*, hb_font_t*, hb_buffer_t*)
1871932	_ZL18data_destroy_khmerPv	todo	(free function)	data_destroy_khmer	data_destroy_khmer(void*)
1871945	_ZL23override_features_khmerP21hb_ot_shape_planner_t	todo	(free function)	override_features_khmer	override_features_khmer(hb_ot_shape_planner_t*)
1871996	_ZL15setup_syllablesPK18hb_ot_shape_plan_tP9hb_font_tP11hb_buffer_t_0	todo	(free function)	setup_syllables	setup_syllables(hb_ot_shape_plan_t const*, hb_font_t*, hb_buffer_t*)
1872353	_ZL13compose_khmerPK31hb_ot_shape_normalize_context_tjjPj	todo	(free function)	compose_khmer	compose_khmer(hb_ot_shape_normalize_context_t const*, unsigned int, unsigned int, unsigned int*)
1872433	_ZL15decompose_khmerPK31hb_ot_shape_normalize_context_tjPjS2_	todo	(free function)	decompose_khmer	decompose_khmer(hb_ot_shape_normalize_context_t const*, unsigned int, unsigned int*, unsigned int*)
1872517	_ZL22collect_features_khmerP21hb_ot_shape_planner_t	todo	(free function)	collect_features_khmer	collect_features_khmer(hb_ot_shape_planner_t*)
1872625	_ZL17setup_masks_khmerPK18hb_ot_shape_plan_tP11hb_buffer_tP9hb_font_t	todo	(free function)	setup_masks_khmer	setup_masks_khmer(hb_ot_shape_plan_t const*, hb_buffer_t*, hb_font_t*)
1872784	_ZL17data_create_khmerPK18hb_ot_shape_plan_t	todo	(free function)	data_create_khmer	data_create_khmer(hb_ot_shape_plan_t const*)
1872977	_ZL7reorderPK18hb_ot_shape_plan_tP9hb_font_tP11hb_buffer_t	todo	(free function)	reorder	reorder(hb_ot_shape_plan_t const*, hb_font_t*, hb_buffer_t*)
1873434	_ZL21compare_myanmar_orderPK15hb_glyph_info_tS1_	todo	(free function)	compare_myanmar_order	compare_myanmar_order(hb_glyph_info_t const*, hb_glyph_info_t const*)
1873456	_ZL16final_reorderingPK18hb_ot_shape_plan_tP9hb_font_tP11hb_buffer_t_0	todo	(free function)	final_reordering	final_reordering(hb_ot_shape_plan_t const*, hb_font_t*, hb_buffer_t*)
1873486	_ZL25override_features_myanmarP21hb_ot_shape_planner_t	todo	(free function)	override_features_myanmar	override_features_myanmar(hb_ot_shape_planner_t*)
1873504	_ZL15setup_syllablesPK18hb_ot_shape_plan_tP9hb_font_tP11hb_buffer_t_1	todo	(free function)	setup_syllables	setup_syllables(hb_ot_shape_plan_t const*, hb_font_t*, hb_buffer_t*)
1873853	_ZL18initial_reorderingPK18hb_ot_shape_plan_tP9hb_font_tP11hb_buffer_t_0	todo	(free function)	initial_reordering	initial_reordering(hb_ot_shape_plan_t const*, hb_font_t*, hb_buffer_t*)
1874314	_ZL24collect_features_myanmarP21hb_ot_shape_planner_t	todo	(free function)	collect_features_myanmar	collect_features_myanmar(hb_ot_shape_planner_t*)
1874423	_ZL19setup_masks_myanmarPK18hb_ot_shape_plan_tP11hb_buffer_tP9hb_font_t	todo	(free function)	setup_masks_myanmar	setup_masks_myanmar(hb_ot_shape_plan_t const*, hb_buffer_t*, hb_font_t*)
1874748	_ZL20preprocess_text_thaiPK18hb_ot_shape_plan_tP11hb_buffer_tP9hb_font_t	todo	(free function)	preprocess_text_thai	preprocess_text_thai(hb_ot_shape_plan_t const*, hb_buffer_t*, hb_font_t*)
1875253	_ZL24collect_features_tibetanP21hb_ot_shape_planner_t	todo	(free function)	collect_features_tibetan	collect_features_tibetan(hb_ot_shape_planner_t*)
1875294	_ZL24clear_substitution_flagsPK18hb_ot_shape_plan_tP9hb_font_tP11hb_buffer_t	todo	(free function)	clear_substitution_flags	clear_substitution_flags(hb_ot_shape_plan_t const*, hb_font_t*, hb_buffer_t*)
1875326	_ZL11record_rphfPK18hb_ot_shape_plan_tP9hb_font_tP11hb_buffer_t	todo	(free function)	record_rphf	record_rphf(hb_ot_shape_plan_t const*, hb_font_t*, hb_buffer_t*)
1875428	_ZL11record_prefPK18hb_ot_shape_plan_tP9hb_font_tP11hb_buffer_t	todo	(free function)	record_pref	record_pref(hb_ot_shape_plan_t const*, hb_font_t*, hb_buffer_t*)
1875522	_ZL15setup_masks_usePK18hb_ot_shape_plan_tP11hb_buffer_tP9hb_font_t	todo	(free function)	setup_masks_use	setup_masks_use(hb_ot_shape_plan_t const*, hb_buffer_t*, hb_font_t*)
1875569	_ZL16data_destroy_usePv	todo	(free function)	data_destroy_use	data_destroy_use(void*)
1875592	_ZL11compose_usePK31hb_ot_shape_normalize_context_tjjPj	todo	(free function)	compose_use	compose_use(hb_ot_shape_normalize_context_t const*, unsigned int, unsigned int, unsigned int*)
1875672	_ZL20collect_features_useP21hb_ot_shape_planner_t	todo	(free function)	collect_features_use	collect_features_use(hb_ot_shape_planner_t*)
1875856	_ZL15setup_syllablesPK18hb_ot_shape_plan_tP9hb_font_tP11hb_buffer_t_2	todo	(free function)	setup_syllables	setup_syllables(hb_ot_shape_plan_t const*, hb_font_t*, hb_buffer_t*)
1876684	_ZL15data_create_usePK18hb_ot_shape_plan_t	todo	(free function)	data_create_use	data_create_use(hb_ot_shape_plan_t const*)
1876814	_ZL7reorderPK18hb_ot_shape_plan_tP9hb_font_tP11hb_buffer_t_0	todo	(free function)	reorder	reorder(hb_ot_shape_plan_t const*, hb_font_t*, hb_buffer_t*)
1877622	_ZL17decompose_unicodePK31hb_ot_shape_normalize_context_tjPjS2_	todo	(free function)	decompose_unicode	decompose_unicode(hb_ot_shape_normalize_context_t const*, unsigned int, unsigned int*, unsigned int*)
1877646	_ZL23compare_combining_classPK15hb_glyph_info_tS1_	todo	(free function)	compare_combining_class	compare_combining_class(hb_glyph_info_t const*, hb_glyph_info_t const*)
1877693	_ZL15compose_unicodePK31hb_ot_shape_normalize_context_tjjPj	todo	(free function)	compose_unicode	compose_unicode(hb_ot_shape_normalize_context_t const*, unsigned int, unsigned int, unsigned int*)
1877728	_ZL9decomposePK31hb_ot_shape_normalize_context_tbj	todo	(free function)	decompose	decompose(hb_ot_shape_normalize_context_t const*, bool, unsigned int)
1879945	_Z22_hb_ot_shape_normalizePK18hb_ot_shape_plan_tP11hb_buffer_tP9hb_font_t	todo	(free function)	_hb_ot_shape_normalize	_hb_ot_shape_normalize(hb_ot_shape_plan_t const*, hb_buffer_t*, hb_font_t*)
1883851	_Z49_hb_ot_shape_fallback_position_recategorize_marksPK18hb_ot_shape_plan_tP9hb_font_tP11hb_buffer_t	todo	(free function)	_hb_ot_shape_fallback_position_recategorize_marks	_hb_ot_shape_fallback_position_recategorize_marks(hb_ot_shape_plan_t const*, hb_font_t*, hb_buffer_t*)
1884009	_Z30_hb_ot_shape_fallback_positionPK18hb_ot_shape_plan_tP9hb_font_tP11hb_buffer_t	todo	(free function)	_hb_ot_shape_fallback_position	_hb_ot_shape_fallback_position(hb_ot_shape_plan_t const*, hb_font_t*, hb_buffer_t*)
1885261	_Z28_hb_ot_shape_fallback_spacesPK18hb_ot_shape_plan_tP9hb_font_tP11hb_buffer_t	todo	(free function)	_hb_ot_shape_fallback_spaces	_hb_ot_shape_fallback_spaces(hb_ot_shape_plan_t const*, hb_font_t*, hb_buffer_t*)
1885527	_Z26_hb_ot_shape_fallback_kernPK18hb_ot_shape_plan_tP9hb_font_tP11hb_buffer_t	todo	(free function)	_hb_ot_shape_fallback_kern	_hb_ot_shape_fallback_kern(hb_ot_shape_plan_t const*, hb_font_t*, hb_buffer_t*)
1888081	_ZL13_release_blobP11FT_FaceRec_	todo	(free function)	_release_blob	_release_blob(FT_FaceRec_*)
1888708	_ZL19_hb_ft_face_destroyPv	todo	(free function)	_hb_ft_face_destroy	_hb_ft_face_destroy(void*)
1888722	_ZL19_hb_ft_font_destroyPv	todo	(free function)	_hb_ft_font_destroy	_hb_ft_font_destroy(void*)
1888762	_ZL15reference_tableP9hb_face_tjPv	todo	(free function)	reference_table	reference_table(hb_face_t*, unsigned int, void*)
1888834	_ZL22free_static_ft_libraryv	todo	(free function)	free_static_ft_library	free_static_ft_library()
1888866	_ZL20free_static_ft_funcsv	todo	(free function)	free_static_ft_funcs	free_static_ft_funcs()
1888973	_ZL21_hb_ft_font_set_funcsP9hb_font_tP11FT_FaceRec_b	todo	(free function)	_hb_ft_font_set_funcs	_hb_ft_font_set_funcs(hb_font_t*, FT_FaceRec_*, bool)
1889815	_ZL22free_static_ucdn_funcsv	todo	(free function)	free_static_ucdn_funcs	free_static_ucdn_funcs()
1889978	compare_reindex	todo	(free function)	compare_reindex	compare_reindex
1890007	compare_mp	todo	(free function)	compare_mp	compare_mp
1890024	compare_bp	todo	(free function)	compare_bp	compare_bp
1890040	ucdn_get_unicode_version	todo	(free function)	ucdn_get_unicode_version	ucdn_get_unicode_version
1890053	ucdn_get_combining_class	todo	(free function)	ucdn_get_combining_class	ucdn_get_combining_class
1890086	ucdn_get_east_asian_width	todo	(free function)	ucdn_get_east_asian_width	ucdn_get_east_asian_width
1890119	ucdn_get_general_category	todo	(free function)	ucdn_get_general_category	ucdn_get_general_category
1890152	ucdn_get_bidi_class	todo	(free function)	ucdn_get_bidi_class	ucdn_get_bidi_class
1890185	ucdn_get_mirrored	todo	(free function)	ucdn_get_mirrored	ucdn_get_mirrored
1890227	ucdn_get_script	todo	(free function)	ucdn_get_script	ucdn_get_script
1890260	ucdn_get_linebreak_class	todo	(free function)	ucdn_get_linebreak_class	ucdn_get_linebreak_class
1890293	ucdn_get_resolved_linebreak_class	todo	(free function)	ucdn_get_resolved_linebreak_class	ucdn_get_resolved_linebreak_class
1890377	ucdn_mirror	todo	(free function)	ucdn_mirror	ucdn_mirror
1890409	ucdn_paired_bracket	todo	(free function)	ucdn_paired_bracket	ucdn_paired_bracket
1890446	ucdn_paired_bracket_type	todo	(free function)	ucdn_paired_bracket_type	ucdn_paired_bracket_type
1890481	ucdn_decompose	todo	(free function)	ucdn_decompose	ucdn_decompose
1890624	ucdn_compose	todo	(free function)	ucdn_compose	ucdn_compose
1890763	ucdn_compat_decompose	todo	(free function)	ucdn_compat_decompose	ucdn_compat_decompose
1890830	_ZL23_hb_mapped_file_destroyP16hb_mapped_file_t	todo	(free function)	_hb_mapped_file_destroy	_hb_mapped_file_destroy(hb_mapped_file_t*)
1890851	_ZL16_hb_blob_destroyPv	todo	(free function)	_hb_blob_destroy	_hb_blob_destroy(void*)
1892199	_ZL33_hb_face_for_data_closure_destroyPv	todo	(free function)	_hb_face_for_data_closure_destroy	_hb_face_for_data_closure_destroy(void*)
1892220	_ZL33_hb_face_for_data_reference_tableP9hb_face_tjPv	todo	(free function)	_hb_face_for_data_reference_table	_hb_face_for_data_reference_table(hb_face_t*, unsigned int, void*)
1908862	_Z24_hb_ot_face_data_destroyP17hb_ot_face_data_t	todo	(free function)	_hb_ot_face_data_destroy	_hb_ot_face_data_destroy(hb_ot_face_data_t*)
1910974	_ZL9_get_gdefP9hb_face_t	todo	(free function)	_get_gdef	_get_gdef(hb_face_t*)
1911211	_ZL9_get_gsubP9hb_face_t	todo	(free function)	_get_gsub	_get_gsub(hb_face_t*)
1914468	_ZL9_get_gposP9hb_face_t	todo	(free function)	_get_gpos	_get_gpos(hb_face_t*)
1915678	_ZL39_hb_ot_layout_collect_features_featuresP9hb_face_tjjjPKjP8hb_set_t	todo	(free function)	_hb_ot_layout_collect_features_features	_hb_ot_layout_collect_features_features(hb_face_t*, unsigned int, unsigned int, unsigned int, unsigned int const*, hb_set_t*)
1915887	_ZL40_hb_ot_layout_collect_features_languagesP9hb_face_tjjPKjS2_P8hb_set_t	todo	(free function)	_hb_ot_layout_collect_features_languages	_hb_ot_layout_collect_features_languages(hb_face_t*, unsigned int, unsigned int, unsigned int const*, unsigned int const*, hb_set_t*)
1917294	_Z23_hb_ot_face_data_createP9hb_face_t	todo	(free function)	_hb_ot_face_data_create	_hb_ot_face_data_create(hb_face_t*)
1960652	_ZN9GSUBProxyC2EP9hb_face_t	todo	GSUBProxy	GSUBProxy	GSUBProxy::GSUBProxy(hb_face_t*)
1961356	_ZN9GPOSProxyC2EP9hb_face_t	todo	GPOSProxy	GPOSProxy	GPOSProxy::GPOSProxy(hb_face_t*)
1967559	_ZL28lang_compare_first_componentPKvS0_	todo	(free function)	lang_compare_first_component	lang_compare_first_component(void const*, void const*)
1968383	io_init	todo	(free function)	io_init	io_init
1968399	io_strerror	todo	(free function)	io_strerror	io_strerror
1968419	inet_pushresolved	todo	(free function)	inet_pushresolved	inet_pushresolved
1968531	inet_global_toip	todo	(free function)	inet_global_toip	inet_global_toip
1968608	inet_global_gethostname	todo	(free function)	inet_global_gethostname	inet_global_gethostname
1968651	inet_global_tohostname	todo	(free function)	inet_global_tohostname	inet_global_tohostname
1968725	inet_open	todo	(free function)	inet_open	inet_open
1968757	inet_meth_getpeername	todo	(free function)	inet_meth_getpeername	inet_meth_getpeername
1968812	inet_meth_getsockname	todo	(free function)	inet_meth_getsockname	inet_meth_getsockname
1968867	inet_trycreate	todo	(free function)	inet_trycreate	inet_trycreate
1968888	inet_tryconnect	todo	(free function)	inet_tryconnect	inet_tryconnect
1968982	inet_trybind	todo	(free function)	inet_trybind	inet_trybind
1969078	buffer_open	todo	(free function)	buffer_open	buffer_open
1969093	buffer_init	todo	(free function)	buffer_init	buffer_init
1969118	buffer_meth_getstats	todo	(free function)	buffer_meth_getstats	buffer_meth_getstats
1969183	buffer_meth_setstats	todo	(free function)	buffer_meth_setstats	buffer_meth_setstats
1969271	buffer_meth_send	todo	(free function)	buffer_meth_send	buffer_meth_send
1969463	buffer_meth_receive	todo	(free function)	buffer_meth_receive	buffer_meth_receive
1969835	buffer_isempty	todo	(free function)	buffer_isempty	buffer_isempty
1969852	mime_global_wrp	todo	(free function)	mime_global_wrp	mime_global_wrp
1969998	mime_global_qpwrp	todo	(free function)	mime_global_qpwrp	mime_global_qpwrp
1970151	qpdecode	todo	(free function)	qpdecode	qpdecode
1970292	mime_global_unqp	todo	(free function)	mime_global_unqp	mime_global_unqp
1970406	mime_global_eol	todo	(free function)	mime_global_eol	mime_global_eol
1970555	mime_global_dot	todo	(free function)	mime_global_dot	mime_global_dot
1970731	qpencode	todo	(free function)	qpencode	qpencode
1970946	mime_global_qp	todo	(free function)	mime_global_qp	mime_global_qp
1971177	mime_global_unb64	todo	(free function)	mime_global_unb64	mime_global_unb64
1971390	mime_global_b64	todo	(free function)	mime_global_b64	mime_global_b64
1971636	luaopen_mime_core	todo	(free function)	luaopen_mime_core	luaopen_mime_core
1971780	global_unload	todo	(free function)	global_unload	global_unload
1971794	global_skip	todo	(free function)	global_skip	global_skip
1971827	luaopen_socket_core	todo	(free function)	luaopen_socket_core	luaopen_socket_core
1971887	timeout_lua_sleep	todo	(free function)	timeout_lua_sleep	timeout_lua_sleep
1971943	timeout_lua_gettime	todo	(free function)	timeout_lua_gettime	timeout_lua_gettime
1971975	timeout_init	todo	(free function)	timeout_init	timeout_init
1971991	timeout_get	todo	(free function)	timeout_get	timeout_get
1972094	timeout_getstart	todo	(free function)	timeout_getstart	timeout_getstart
1972108	timeout_getretry	todo	(free function)	timeout_getretry	timeout_getretry
1972209	timeout_markstart	todo	(free function)	timeout_markstart	timeout_markstart
1972241	timeout_gettime	todo	(free function)	timeout_gettime	timeout_gettime
1972268	timeout_open	todo	(free function)	timeout_open	timeout_open
1972289	timeout_meth_settimeout	todo	(free function)	timeout_meth_settimeout	timeout_meth_settimeout
1972356	do_nothing	todo	(free function)	do_nothing	do_nothing
1972369	global_protect	todo	(free function)	global_protect	global_protect
1972387	global_newtry	todo	(free function)	global_newtry	global_newtry
1972420	protected_	todo	(free function)	protected_	protected_
1972483	finalize	todo	(free function)	finalize	finalize
1972544	except_open	todo	(free function)	except_open	except_open
1972564	socket_waitfd_constprop_0	todo	(free function)	socket_waitfd_constprop_0	socket_waitfd_constprop_0
1972672	socket_waitfd_constprop_1	todo	(free function)	socket_waitfd_constprop_1	socket_waitfd_constprop_1
1972781	socket_waitfd	todo	(free function)	socket_waitfd	socket_waitfd
1972956	socket_open	todo	(free function)	socket_open	socket_open
1972976	socket_close	todo	(free function)	socket_close	socket_close
1972991	socket_destroy	todo	(free function)	socket_destroy	socket_destroy
1973027	socket_select	todo	(free function)	socket_select	socket_select
1973101	socket_create	todo	(free function)	socket_create	socket_create
1973135	socket_bind	todo	(free function)	socket_bind	socket_bind
1973199	socket_listen	todo	(free function)	socket_listen	socket_listen
1973253	socket_shutdown	todo	(free function)	socket_shutdown	socket_shutdown
1973297	socket_connect	todo	(free function)	socket_connect	socket_connect
1973421	socket_accept	todo	(free function)	socket_accept	socket_accept
1973512	socket_send	todo	(free function)	socket_send	socket_send
1973602	socket_sendto	todo	(free function)	socket_sendto	socket_sendto
1973698	socket_recv	todo	(free function)	socket_recv	socket_recv
1973785	socket_recvfrom	todo	(free function)	socket_recvfrom	socket_recvfrom
1973879	socket_setblocking	todo	(free function)	socket_setblocking	socket_setblocking
1973906	socket_setnonblocking	todo	(free function)	socket_setnonblocking	socket_setnonblocking
1973933	socket_gethostbyaddr	todo	(free function)	socket_gethostbyaddr	socket_gethostbyaddr
1973975	socket_gethostbyname	todo	(free function)	socket_gethostbyname	socket_gethostbyname
1974015	socket_hoststrerror	todo	(free function)	socket_hoststrerror	socket_hoststrerror
1974044	socket_strerror	todo	(free function)	socket_strerror	socket_strerror
1974131	socket_ioerror	todo	(free function)	socket_ioerror	socket_ioerror
1974218	global_create	todo	(free function)	global_create	global_create
1974278	meth_settimeout	todo	(free function)	meth_settimeout	meth_settimeout
1974296	meth_setfd	todo	(free function)	meth_setfd	meth_setfd
1974329	meth_setsockname	todo	(free function)	meth_setsockname	meth_setsockname
1974392	meth_getfd	todo	(free function)	meth_getfd	meth_getfd
1974414	meth_setpeername	todo	(free function)	meth_setpeername	meth_setpeername
1974517	meth_setoption	todo	(free function)	meth_setoption	meth_setoption
1974538	meth_getsockname	todo	(free function)	meth_getsockname	meth_getsockname
1974558	meth_getpeername	todo	(free function)	meth_getpeername	meth_getpeername
1974578	meth_dirty	todo	(free function)	meth_dirty	meth_dirty
1974600	meth_close	todo	(free function)	meth_close	meth_close
1974625	meth_receive	todo	(free function)	meth_receive	meth_receive
1974718	meth_sendto	todo	(free function)	meth_sendto	meth_sendto
1974852	meth_send	todo	(free function)	meth_send	meth_send
1974945	meth_receivefrom	todo	(free function)	meth_receivefrom	meth_receivefrom
1975058	udp_open	todo	(free function)	udp_open	udp_open
1975104	udp_strerror	todo	(free function)	udp_strerror	udp_strerror
1975125	auxiliar_open	todo	(free function)	auxiliar_open	auxiliar_open
1975140	auxiliar_newclass	todo	(free function)	auxiliar_newclass	auxiliar_newclass
1975210	auxiliar_tostring	todo	(free function)	auxiliar_tostring	auxiliar_tostring
1975290	auxiliar_add2group	todo	(free function)	auxiliar_add2group	auxiliar_add2group
1975330	auxiliar_checkboolean	todo	(free function)	auxiliar_checkboolean	auxiliar_checkboolean
1975371	auxiliar_checkclass	todo	(free function)	auxiliar_checkclass	auxiliar_checkclass
1975427	auxiliar_checkgroup	todo	(free function)	auxiliar_checkgroup	auxiliar_checkgroup
1975502	auxiliar_setclass	todo	(free function)	auxiliar_setclass	auxiliar_setclass
1975535	auxiliar_getgroupudata	todo	(free function)	auxiliar_getgroupudata	auxiliar_getgroupudata
1975597	auxiliar_getclassudata	todo	(free function)	auxiliar_getclassudata	auxiliar_getclassudata
1975612	global_create_0	todo	(free function)	global_create_0	global_create_0
1975687	meth_shutdown	todo	(free function)	meth_shutdown	meth_shutdown
1975783	meth_getfd_0	todo	(free function)	meth_getfd_0	meth_getfd_0
1975805	meth_settimeout_0	todo	(free function)	meth_settimeout_0	meth_settimeout_0
1975825	meth_setoption_0	todo	(free function)	meth_setoption_0	meth_setoption_0
1975846	meth_setfd_0	todo	(free function)	meth_setfd_0	meth_setfd_0
1975879	meth_send_0	todo	(free function)	meth_send_0	meth_send_0
1975897	meth_receive_0	todo	(free function)	meth_receive_0	meth_receive_0
1975915	meth_setstats	todo	(free function)	meth_setstats	meth_setstats
1975933	meth_getstats	todo	(free function)	meth_getstats	meth_getstats
1975951	meth_getsockname_0	todo	(free function)	meth_getsockname_0	meth_getsockname_0
1975971	meth_getpeername_0	todo	(free function)	meth_getpeername_0	meth_getpeername_0
1975991	meth_dirty_0	todo	(free function)	meth_dirty_0	meth_dirty_0
1976017	meth_connect	todo	(free function)	meth_connect	meth_connect
1976088	meth_bind	todo	(free function)	meth_bind	meth_bind
1976152	meth_accept	todo	(free function)	meth_accept	meth_accept
1976238	meth_close_0	todo	(free function)	meth_close_0	meth_close_0
1976263	meth_listen	todo	(free function)	meth_listen	meth_listen
1976321	tcp_open	todo	(free function)	tcp_open	tcp_open
1976366	collect_fd_part_0	todo	(free function)	collect_fd_part_0	collect_fd_part_0
1976504	global_select	todo	(free function)	global_select	global_select
1976988	select_open	todo	(free function)	select_open	select_open
1977008	opt_setmembership_constprop_2	todo	(free function)	opt_setmembership_constprop_2	opt_setmembership_constprop_2
1977181	opt_meth_setoption	todo	(free function)	opt_meth_setoption	opt_meth_setoption
1977256	opt_reuseaddr	todo	(free function)	opt_reuseaddr	opt_reuseaddr
1977310	opt_tcp_nodelay	todo	(free function)	opt_tcp_nodelay	opt_tcp_nodelay
1977364	opt_keepalive	todo	(free function)	opt_keepalive	opt_keepalive
1977418	opt_dontroute	todo	(free function)	opt_dontroute	opt_dontroute
1977472	opt_broadcast	todo	(free function)	opt_broadcast	opt_broadcast
1977526	opt_ip_multicast_loop	todo	(free function)	opt_ip_multicast_loop	opt_ip_multicast_loop
1977580	opt_linger	todo	(free function)	opt_linger	opt_linger
1977693	opt_ip_multicast_ttl	todo	(free function)	opt_ip_multicast_ttl	opt_ip_multicast_ttl
1977748	opt_ip_add_membership	todo	(free function)	opt_ip_add_membership	opt_ip_add_membership
1977763	opt_ip_drop_membersip	todo	(free function)	opt_ip_drop_membersip	opt_ip_drop_membersip
2000132	_GLOBAL__sub_I__ZSt20__throw_system_errori	todo	(free function)	_GLOBAL__sub_I__ZSt20__throw_system_errori	_GLOBAL__sub_I__ZSt20__throw_system_errori
2007090	_GLOBAL__sub_I_b2Vec2_zero	todo	(free function)	_GLOBAL__sub_I_b2Vec2_zero	_GLOBAL__sub_I_b2Vec2_zero
2007361	NativeGetTime	todo	(free function)	NativeGetTime	NativeGetTime
2007393	NativeGetTime_0	todo	(free function)	NativeGetTime_0	NativeGetTime_0
2020431	push_table_instance	todo	(free function)	push_table_instance	push_table_instance
2022282	const_array	todo	(free function)	const_array	const_array
2022301	set_ubox	todo	(free function)	set_ubox	set_ubox
2022383	mapsuper	todo	(free function)	mapsuper	mapsuper
2025234	do_operator	todo	(free function)	do_operator	do_operator
2025317	class_le_event	todo	(free function)	class_le_event	class_le_event
2025330	class_lt_event	todo	(free function)	class_lt_event	class_lt_event
2025343	class_div_event	todo	(free function)	class_div_event	class_div_event
2025356	class_mul_event	todo	(free function)	class_mul_event	class_mul_event
2025369	class_sub_event	todo	(free function)	class_sub_event	class_sub_event
2025382	class_add_event	todo	(free function)	class_add_event	class_add_event
2025395	class_eq_event	todo	(free function)	class_eq_event	class_eq_event
2025472	module_newindex_event	todo	(free function)	module_newindex_event	module_newindex_event
2025574	module_index_event	todo	(free function)	module_index_event	module_index_event
2025686	class_call_event	todo	(free function)	class_call_event	class_call_event
2025739	storeatubox_constprop_3	todo	(free function)	storeatubox_constprop_3	storeatubox_constprop_3
2025800	class_index_event	todo	(free function)	class_index_event	class_index_event
2026017	class_newindex_event	todo	(free function)	class_newindex_event	class_newindex_event
2026179	class_gc_event	todo	(free function)	class_gc_event	class_gc_event
2026495	_Z23CallbackToLogRedirectorPKcPc	todo	(free function)	CallbackToLogRedirector	CallbackToLogRedirector(char const*, char*)
2026514	_Z24ReportSceneNotFoundErrorv	todo	(free function)	ReportSceneNotFoundError	ReportSceneNotFoundError()
2026533	aiReleaseImport	todo	(free function)	aiReleaseImport	aiReleaseImport
2026603	aiApplyPostProcessing	todo	(free function)	aiApplyPostProcessing	aiApplyPostProcessing
2026659	aiGetPredefinedLogStream	todo	(free function)	aiGetPredefinedLogStream	aiGetPredefinedLogStream
2026723	aiDetachLogStream	todo	(free function)	aiDetachLogStream	aiDetachLogStream
2026871	aiEnableVerboseLogging	todo	(free function)	aiEnableVerboseLogging	aiEnableVerboseLogging
2026898	aiGetErrorString	todo	(free function)	aiGetErrorString	aiGetErrorString
2026913	aiIsExtensionSupported	todo	(free function)	aiIsExtensionSupported	aiIsExtensionSupported
2027007	aiGetExtensionList	todo	(free function)	aiGetExtensionList	aiGetExtensionList
2027056	aiGetMemoryRequirements	todo	(free function)	aiGetMemoryRequirements	aiGetMemoryRequirements
2027097	aiCreatePropertyStore	todo	(free function)	aiCreatePropertyStore	aiCreatePropertyStore
2027133	aiCreateQuaternionFromMatrix	todo	(free function)	aiCreateQuaternionFromMatrix	aiCreateQuaternionFromMatrix
2027311	aiDecomposeMatrix	todo	(free function)	aiDecomposeMatrix	aiDecomposeMatrix
2027814	aiTransposeMatrix3	todo	(free function)	aiTransposeMatrix3	aiTransposeMatrix3
2027839	aiTransposeMatrix4	todo	(free function)	aiTransposeMatrix4	aiTransposeMatrix4
2027876	aiTransformVecByMatrix3	todo	(free function)	aiTransformVecByMatrix3	aiTransformVecByMatrix3
2027916	aiTransformVecByMatrix4	todo	(free function)	aiTransformVecByMatrix4	aiTransformVecByMatrix4
2027959	aiMultiplyMatrix4	todo	(free function)	aiMultiplyMatrix4	aiMultiplyMatrix4
2028211	aiMultiplyMatrix3	todo	(free function)	aiMultiplyMatrix3	aiMultiplyMatrix3
2028312	aiIdentityMatrix3	todo	(free function)	aiIdentityMatrix3	aiIdentityMatrix3
2028336	aiIdentityMatrix4	todo	(free function)	aiIdentityMatrix4	aiIdentityMatrix4
2028362	_Z17aiGetImporterDescPKc	todo	(free function)	aiGetImporterDesc	aiGetImporterDesc(char const*)
2028478	aiReleasePropertyStore	todo	(free function)	aiReleasePropertyStore	aiReleasePropertyStore
2028516	aiDetachAllLogStreams	todo	(free function)	aiDetachAllLogStreams	aiDetachAllLogStreams
2028582	aiImportFileExWithProperties	todo	(free function)	aiImportFileExWithProperties	aiImportFileExWithProperties
2028893	aiImportFileEx	todo	(free function)	aiImportFileEx	aiImportFileEx
2028908	aiImportFile	todo	(free function)	aiImportFile	aiImportFile
2028922	aiImportFileFromMemoryWithProperties	todo	(free function)	aiImportFileFromMemoryWithProperties	aiImportFileFromMemoryWithProperties
2029227	aiImportFileFromMemory	todo	(free function)	aiImportFileFromMemory	aiImportFileFromMemory
2029241	aiSetImportPropertyInteger	todo	(free function)	aiSetImportPropertyInteger	aiSetImportPropertyInteger
2029445	aiSetImportPropertyFloat	todo	(free function)	aiSetImportPropertyFloat	aiSetImportPropertyFloat
2029648	aiSetImportPropertyString	todo	(free function)	aiSetImportPropertyString	aiSetImportPropertyString
2029931	aiSetImportPropertyMatrix	todo	(free function)	aiSetImportPropertyMatrix	aiSetImportPropertyMatrix
2030174	aiAttachLogStream	todo	(free function)	aiAttachLogStream	aiAttachLogStream
2030513	_ZN23LogToCallbackRedirector5writeEPKc	todo	LogToCallbackRedirector	write	LogToCallbackRedirector::write(char const*)
2030772	_ZN23LogToCallbackRedirectorD2Ev	todo	LogToCallbackRedirector	~LogToCallbackRedirector	LogToCallbackRedirector::~LogToCallbackRedirector()
2030839	_ZN23LogToCallbackRedirectorD0Ev	todo	LogToCallbackRedirector	~LogToCallbackRedirector	LogToCallbackRedirector::~LogToCallbackRedirector()
2033688	_GLOBAL__sub_I_Assimp_cpp	todo	(free function)	_GLOBAL__sub_I_Assimp_cpp	_GLOBAL__sub_I_Assimp_cpp
2035602	_Z14_ValidateFlagsj	todo	(free function)	_ValidateFlags	_ValidateFlags(unsigned int)
2037327	_Z15WriteLogOpeningRKSs	todo	(free function)	WriteLogOpening	WriteLogOpening(std::basic_string<char, std::char_traits<char>, std::allocator<char> > const&)
2045720	_Z13AddNodeWeightRjPK6aiNode	todo	(free function)	AddNodeWeight	AddNodeWeight(unsigned int&, aiNode const*)
2049740	aiGetLegalString	todo	(free function)	aiGetLegalString	aiGetLegalString
2049754	aiGetVersionMinor	todo	(free function)	aiGetVersionMinor	aiGetVersionMinor
2049769	aiGetVersionMajor	todo	(free function)	aiGetVersionMajor	aiGetVersionMajor
2049784	aiGetCompileFlags	todo	(free function)	aiGetCompileFlags	aiGetCompileFlags
2049799	aiGetVersionRevision	todo	(free function)	aiGetVersionRevision	aiGetVersionRevision
2049815	_ZN7aiSceneC2Ev	todo	aiScene	aiScene	aiScene::aiScene()
2049853	_ZN7aiSceneD2Ev	todo	aiScene	~aiScene	aiScene::~aiScene()
2050790	_ZN6aiNodeD2Ev	todo	aiNode	~aiNode	aiNode::~aiNode()
2052799	_GLOBAL__sub_I_DefaultLogger_cpp	todo	(free function)	_GLOBAL__sub_I_DefaultLogger_cpp	_GLOBAL__sub_I_DefaultLogger_cpp
2057178	_ZN17DeadlyImportErrorD2Ev	todo	DeadlyImportError	~DeadlyImportError	DeadlyImportError::~DeadlyImportError()
2057194	_ZN17DeadlyImportErrorD0Ev	todo	DeadlyImportError	~DeadlyImportError	DeadlyImportError::~DeadlyImportError()
2057214	_Z12HasNameMatchRK8aiStringP6aiNode	todo	(free function)	HasNameMatch	HasNameMatch(aiString const&, aiNode*)
2058884	mIr8uhjfmRDfqb9	todo	(free function)	mIr8uhjfmRDfqb9	mIr8uhjfmRDfqb9
2060580	aiGetMaterialProperty	todo	(free function)	aiGetMaterialProperty	aiGetMaterialProperty
2060748	aiGetMaterialIntegerArray	todo	(free function)	aiGetMaterialIntegerArray	aiGetMaterialIntegerArray
2061174	aiGetMaterialString	todo	(free function)	aiGetMaterialString	aiGetMaterialString
2061370	aiGetMaterialTextureCount	todo	(free function)	aiGetMaterialTextureCount	aiGetMaterialTextureCount
2061435	_ZN10aiMaterialC2Ev	todo	aiMaterial	aiMaterial	aiMaterial::aiMaterial()
2061458	_ZN10aiMaterial5ClearEv	todo	aiMaterial	Clear	aiMaterial::Clear()
2061509	_ZN10lcrDomainsD2Ev	todo	lcrDomains	~lcrDomains	lcrDomains::~lcrDomains()
2061537	_ZN10aiMaterial14RemovePropertyEPKcjj	todo	aiMaterial	RemoveProperty	aiMaterial::RemoveProperty(char const*, unsigned int, unsigned int)
2061654	_ZN10aiMaterial17AddBinaryPropertyEPKvjPKcjj18aiPropertyTypeInfo	todo	aiMaterial	AddBinaryProperty	aiMaterial::AddBinaryProperty(void const*, unsigned int, char const*, unsigned int, unsigned int, aiPropertyTypeInfo)
2061841	_ZN10aiMaterial11AddPropertyEPK8aiStringPKcjj	todo	aiMaterial	AddProperty	aiMaterial::AddProperty(aiString const*, char const*, unsigned int, unsigned int)
2062263	_ZN10aiMaterial16CopyPropertyListEPS_PKS_	todo	aiMaterial	CopyPropertyList	aiMaterial::CopyPropertyList(aiMaterial*, aiMaterial const*)
2062464	aiGetMaterialFloatArray	todo	(free function)	aiGetMaterialFloatArray	aiGetMaterialFloatArray
2063863	aiGetMaterialTexture	todo	(free function)	aiGetMaterialTexture	aiGetMaterialTexture
2064006	aiGetMaterialUVTransform	todo	(free function)	aiGetMaterialUVTransform	aiGetMaterialUVTransform
2064027	aiGetMaterialColor	todo	(free function)	aiGetMaterialColor	aiGetMaterialColor
2064165	_Z4ReadI10aiVector3tIfEET_PN6Assimp8IOStreamE	todo	(free function)	Read<aiVector3t<float> >	aiVector3t<float> Read<aiVector3t<float> >(Assimp::IOStream*)
2064218	_Z4ReadI9aiColor4tIfEET_PN6Assimp8IOStreamE	todo	(free function)	Read<aiColor4t<float> >	aiColor4t<float> Read<aiColor4t<float> >(Assimp::IOStream*)
2064280	_Z4ReadI13aiQuaterniontIfEET_PN6Assimp8IOStreamE	todo	(free function)	Read<aiQuaterniont<float> >	aiQuaterniont<float> Read<aiQuaterniont<float> >(Assimp::IOStream*)
2064345	_Z4ReadI8aiStringET_PN6Assimp8IOStreamE	todo	(free function)	Read<aiString>	aiString Read<aiString>(Assimp::IOStream*)
2064383	_Z4ReadI14aiVertexWeightET_PN6Assimp8IOStreamE	todo	(free function)	Read<aiVertexWeight>	aiVertexWeight Read<aiVertexWeight>(Assimp::IOStream*)
2064423	_Z4ReadI12aiMatrix4x4tIfEET_PN6Assimp8IOStreamE	todo	(free function)	Read<aiMatrix4x4t<float> >	aiMatrix4x4t<float> Read<aiMatrix4x4t<float> >(Assimp::IOStream*)
2064576	_Z4ReadI11aiVectorKeyET_PN6Assimp8IOStreamE	todo	(free function)	Read<aiVectorKey>	aiVectorKey Read<aiVectorKey>(Assimp::IOStream*)
2064644	_Z4ReadI9aiQuatKeyET_PN6Assimp8IOStreamE	todo	(free function)	Read<aiQuatKey>	aiQuatKey Read<aiQuatKey>(Assimp::IOStream*)
2068094	_Z9ReadArrayI9aiColor4tIfEEvPN6Assimp8IOStreamEPT_j	todo	(free function)	ReadArray<aiColor4t<float> >	void ReadArray<aiColor4t<float> >(Assimp::IOStream*, aiColor4t<float>*, unsigned int)
2068175	_Z9ReadArrayI11aiVectorKeyEvPN6Assimp8IOStreamEPT_j	todo	(free function)	ReadArray<aiVectorKey>	void ReadArray<aiVectorKey>(Assimp::IOStream*, aiVectorKey*, unsigned int)
2068262	_Z9ReadArrayI9aiQuatKeyEvPN6Assimp8IOStreamEPT_j	todo	(free function)	ReadArray<aiQuatKey>	void ReadArray<aiQuatKey>(Assimp::IOStream*, aiQuatKey*, unsigned int)
2082238	_ZN8aiStringC2ERKSs	todo	aiString	aiString	aiString::aiString(std::basic_string<char, std::char_traits<char>, std::allocator<char> > const&)
2082263	_ZN8aiString3SetERKSs	todo	aiString	Set	aiString::Set(std::basic_string<char, std::char_traits<char>, std::allocator<char> > const&)
2082294	_ZN10aiNodeAnimD2Ev	todo	aiNodeAnim	~aiNodeAnim	aiNodeAnim::~aiNodeAnim()
2082332	_ZN6aiMeshC2Ev	todo	aiMesh	aiMesh	aiMesh::aiMesh()
2082432	_ZN6aiNodeC2Ev	todo	aiNode	aiNode	aiNode::aiNode()
2082505	_ZN17DeadlyImportErrorC2ERKSs	todo	DeadlyImportError	DeadlyImportError	DeadlyImportError::DeadlyImportError(std::basic_string<char, std::char_traits<char>, std::allocator<char> > const&)
2082546	_ZNK5boost6formatcvSsEv	todo	std	basic_string<char, std::char_traits<char>, std::allocator<char> >	boost::format::operator std::basic_string<char, std::char_traits<char>, std::allocator<char> >() const
2083499	_ZN12aiMatrix4x4tIfEmLERKS0_	todo	aiMatrix4x4t<float>	operator*=	aiMatrix4x4t<float>::operator*=(aiMatrix4x4t<float> const&)
2105910	_ZN3irr2io17IFileReadCallBackD2Ev	todo	irr::io::IFileReadCallBack	~IFileReadCallBack	irr::io::IFileReadCallBack::~IFileReadCallBack()
2105942	_ZN3irr2io17IFileReadCallBackD0Ev	todo	irr::io::IFileReadCallBack	~IFileReadCallBack	irr::io::IFileReadCallBack::~IFileReadCallBack()
2108678	_ZN12aiMatrix4x4tIfE8RotationEfRK10aiVector3tIfERS0_	todo	aiMatrix4x4t<float>	Rotation	aiMatrix4x4t<float>::Rotation(float, aiVector3t<float> const&, aiMatrix4x4t<float>&)
2120430	_ZN6ctdagt8msgtbl_tC2ERKS0_	todo	ctdagt::msgtbl_t	msgtbl_t	ctdagt::msgtbl_t::msgtbl_t(ctdagt::msgtbl_t const&)
2137003	_ZN6aiMeshD2Ev	todo	aiMesh	~aiMesh	aiMesh::~aiMesh()
2138531	_Z18ConvertMappingModeRKSs	todo	(free function)	ConvertMappingMode	ConvertMappingMode(std::basic_string<char, std::char_traits<char>, std::allocator<char> > const&)
2143744	_GLOBAL__sub_I_IRRShared_cpp	todo	(free function)	_GLOBAL__sub_I_IRRShared_cpp	_GLOBAL__sub_I_IRRShared_cpp
2162846	_GLOBAL__sub_I_ObjFileParser_cpp	todo	(free function)	_GLOBAL__sub_I_ObjFileParser_cpp	_GLOBAL__sub_I_ObjFileParser_cpp
2163540	_GLOBAL__sub_I_FBXImporter_cpp	todo	(free function)	_GLOBAL__sub_I_FBXImporter_cpp	_GLOBAL__sub_I_FBXImporter_cpp
2163569	_ZN12_GLOBAL__N_110ParseErrorERKSsRKN6Assimp3FBX5TokenE	todo	(free function)		(anonymous namespace)::ParseError(std::basic_string<char, std::char_traits<char>, std::allocator<char> > const&, Assimp::FBX::Token const&)
2165306	_ZN12_GLOBAL__N_110ParseErrorERKSsPKN6Assimp3FBX7ElementE	todo	(free function)		(anonymous namespace)::ParseError(std::basic_string<char, std::char_traits<char>, std::allocator<char> > const&, Assimp::FBX::Element const*)
2165415	_ZN12_GLOBAL__N_110ParseErrorERKSsPKN6Assimp3FBX5TokenE	todo	(free function)		(anonymous namespace)::ParseError(std::basic_string<char, std::char_traits<char>, std::allocator<char> > const&, Assimp::FBX::Token const*)
2179173	_ZN12RHistoryListD2Ev	todo	RHistoryList	~RHistoryList	RHistoryList::~RHistoryList()
2181693	_ZN8aiStringC2ERKS_	todo	aiString	aiString	aiString::aiString(aiString const&)
2181718	_ZN8aiString3SetEPKc	todo	aiString	Set	aiString::Set(char const*)
2181760	_ZN10aiAnimMeshD2Ev	todo	aiAnimMesh	~aiAnimMesh	aiAnimMesh::~aiAnimMesh()
2182001	_ZN10aiMaterial11AddPropertyEPKfjPKcjj	todo	aiMaterial	AddProperty	aiMaterial::AddProperty(float const*, unsigned int, char const*, unsigned int, unsigned int)
2182025	_ZN10aiMaterial11AddPropertyEPK9aiColor3DjPKcjj	todo	aiMaterial	AddProperty	aiMaterial::AddProperty(aiColor3D const*, unsigned int, char const*, unsigned int, unsigned int)
2182049	_ZN11aiAnimationD2Ev	todo	aiAnimation	~aiAnimation	aiAnimation::~aiAnimation()
2182156	_ZN10aiMetadataD2Ev	todo	aiMetadata	~aiMetadata	aiMetadata::~aiMetadata()
2184375	_ZN12aiMatrix4x4tIfE9RotationZEfRS0_	todo	aiMatrix4x4t<float>	RotationZ	aiMatrix4x4t<float>::RotationZ(float, aiMatrix4x4t<float>&)
2184425	_ZN12aiMatrix4x4tIfE9RotationYEfRS0_	todo	aiMatrix4x4t<float>	RotationY	aiMatrix4x4t<float>::RotationY(float, aiMatrix4x4t<float>&)
2184475	_ZN12aiMatrix4x4tIfE9RotationXEfRS0_	todo	aiMatrix4x4t<float>	RotationX	aiMatrix4x4t<float>::RotationX(float, aiMatrix4x4t<float>&)
2186025	_ZN13aiQuaterniontIfEC2ERK12aiMatrix3x3tIfE	todo	aiQuaterniont<float>	aiQuaterniont	aiQuaterniont<float>::aiQuaterniont(aiMatrix3x3t<float> const&)
2188511	_ZNK12aiMatrix4x4tIfE11DeterminantEv	todo	aiMatrix4x4t<float>	Determinant	aiMatrix4x4t<float>::Determinant() const
2188659	_ZN12aiMatrix4x4tIfE7InverseEv	todo	aiMatrix4x4t<float>	Inverse	aiMatrix4x4t<float>::Inverse()
2195609	_ZNSs12_S_constructIPcEES0_T_S1_RKSaIcESt20forward_iterator_tag	todo	std::basic_string<char, std::char_traits<char>, std::allocator<char> >	_S_construct<char*>	char* std::basic_string<char, std::char_traits<char>, std::allocator<char> >::_S_construct<char*>(char*, char*, std::allocator<char> const&, std::forward_iterator_tag)
2217907	mIr8uhjfmRDfqb9_0	todo	(free function)	mIr8uhjfmRDfqb9_0	mIr8uhjfmRDfqb9_0
2270314	_ZL10dummy_freePvS_	todo	(free function)	dummy_free	dummy_free(void*, void*)
2270328	_ZL11dummy_allocPvjj	todo	(free function)	dummy_alloc	dummy_alloc(void*, unsigned int, unsigned int)
2285990	_ZN3irr4core6stringIcEaSIcEERS2_PKT__part_10	todo	irr::core::string<char>	operator=<char>	irr::core::string<char>& irr::core::string<char>::operator=<char>(char const*)
2286022	_ZN3irr4core6stringItEaSIcEERS2_PKT__part_14	todo	irr::core::string<unsigned short>	operator=<char>	irr::core::string<unsigned short>& irr::core::string<unsigned short>::operator=<char>(char const*)
2286054	_ZN3irr4core6stringImEaSIcEERS2_PKT__part_18	todo	irr::core::string<unsigned long>	operator=<char>	irr::core::string<unsigned long>& irr::core::string<unsigned long>::operator=<char>(char const*)
2286086	_ZN3irr2io18createIrrXMLReaderEPNS0_17IFileReadCallBackE	todo	irr::io	createIrrXMLReader	irr::io::createIrrXMLReader(irr::io::IFileReadCallBack*)
2286190	_ZN3irr2io18createIrrXMLReaderEP8_IO_FILE	todo	irr::io	createIrrXMLReader	irr::io::createIrrXMLReader(_IO_FILE*)
2286327	_ZN3irr2io18createIrrXMLReaderEPKc	todo	irr::io	createIrrXMLReader	irr::io::createIrrXMLReader(char const*)
2286468	_ZN3irr2io23createIrrXMLReaderUTF16EPNS0_17IFileReadCallBackE	todo	irr::io	createIrrXMLReaderUTF16	irr::io::createIrrXMLReaderUTF16(irr::io::IFileReadCallBack*)
2286572	_ZN3irr2io23createIrrXMLReaderUTF16EPKc	todo	irr::io	createIrrXMLReaderUTF16	irr::io::createIrrXMLReaderUTF16(char const*)
2286713	_ZN3irr2io23createIrrXMLReaderUTF16EP8_IO_FILE	todo	irr::io	createIrrXMLReaderUTF16	irr::io::createIrrXMLReaderUTF16(_IO_FILE*)
2286850	_ZN3irr2io23createIrrXMLReaderUTF32EPNS0_17IFileReadCallBackE	todo	irr::io	createIrrXMLReaderUTF32	irr::io::createIrrXMLReaderUTF32(irr::io::IFileReadCallBack*)
2286954	_ZN3irr2io23createIrrXMLReaderUTF32EPKc	todo	irr::io	createIrrXMLReaderUTF32	irr::io::createIrrXMLReaderUTF32(char const*)
2287095	_ZN3irr2io23createIrrXMLReaderUTF32EP8_IO_FILE	todo	irr::io	createIrrXMLReaderUTF32	irr::io::createIrrXMLReaderUTF32(_IO_FILE*)
2287232	_ZN3irr2io17CFileReadCallBack7getSizeEv	todo	irr::io::CFileReadCallBack	getSize	irr::io::CFileReadCallBack::getSize()
2287247	_ZN3irr2io13IIrrXMLReaderIcNS0_8IXMLBaseEED2Ev	todo	irr::io::IIrrXMLReader<char, irr::io::IXMLBase>	~IIrrXMLReader	irr::io::IIrrXMLReader<char, irr::io::IXMLBase>::~IIrrXMLReader()
2287263	_ZN3irr2io13IIrrXMLReaderItNS0_8IXMLBaseEED2Ev	todo	irr::io::IIrrXMLReader<unsigned short, irr::io::IXMLBase>	~IIrrXMLReader	irr::io::IIrrXMLReader<unsigned short, irr::io::IXMLBase>::~IIrrXMLReader()
2287279	_ZN3irr2io13IIrrXMLReaderImNS0_8IXMLBaseEED2Ev	todo	irr::io::IIrrXMLReader<unsigned long, irr::io::IXMLBase>	~IIrrXMLReader	irr::io::IIrrXMLReader<unsigned long, irr::io::IXMLBase>::~IIrrXMLReader()
2287295	_ZNK3irr2io14CXMLReaderImplImNS0_8IXMLBaseEE11getNodeTypeEv	todo	irr::io::CXMLReaderImpl<unsigned long, irr::io::IXMLBase>	getNodeType	irr::io::CXMLReaderImpl<unsigned long, irr::io::IXMLBase>::getNodeType() const
2287310	_ZNK3irr2io14CXMLReaderImplImNS0_8IXMLBaseEE17getAttributeCountEv	todo	irr::io::CXMLReaderImpl<unsigned long, irr::io::IXMLBase>	getAttributeCount	irr::io::CXMLReaderImpl<unsigned long, irr::io::IXMLBase>::getAttributeCount() const
2287325	_ZNK3irr2io14CXMLReaderImplImNS0_8IXMLBaseEE16getAttributeNameEi	todo	irr::io::CXMLReaderImpl<unsigned long, irr::io::IXMLBase>	getAttributeName	irr::io::CXMLReaderImpl<unsigned long, irr::io::IXMLBase>::getAttributeName(int) const
2287355	_ZNK3irr2io14CXMLReaderImplImNS0_8IXMLBaseEE17getAttributeValueEi	todo	irr::io::CXMLReaderImpl<unsigned long, irr::io::IXMLBase>	getAttributeValue	irr::io::CXMLReaderImpl<unsigned long, irr::io::IXMLBase>::getAttributeValue(int) const
2287385	_ZNK3irr2io14CXMLReaderImplImNS0_8IXMLBaseEE22getAttributeValueAsIntEPKm	todo	irr::io::CXMLReaderImpl<unsigned long, irr::io::IXMLBase>	getAttributeValueAsInt	irr::io::CXMLReaderImpl<unsigned long, irr::io::IXMLBase>::getAttributeValueAsInt(unsigned long const*) const
2287404	_ZNK3irr2io14CXMLReaderImplImNS0_8IXMLBaseEE22getAttributeValueAsIntEi	todo	irr::io::CXMLReaderImpl<unsigned long, irr::io::IXMLBase>	getAttributeValueAsInt	irr::io::CXMLReaderImpl<unsigned long, irr::io::IXMLBase>::getAttributeValueAsInt(int) const
2287423	_ZNK3irr2io14CXMLReaderImplImNS0_8IXMLBaseEE11getNodeNameEv	todo	irr::io::CXMLReaderImpl<unsigned long, irr::io::IXMLBase>	getNodeName	irr::io::CXMLReaderImpl<unsigned long, irr::io::IXMLBase>::getNodeName() const
2287438	_ZNK3irr2io14CXMLReaderImplImNS0_8IXMLBaseEE11getNodeDataEv	todo	irr::io::CXMLReaderImpl<unsigned long, irr::io::IXMLBase>	getNodeData	irr::io::CXMLReaderImpl<unsigned long, irr::io::IXMLBase>::getNodeData() const
2287453	_ZNK3irr2io14CXMLReaderImplImNS0_8IXMLBaseEE14isEmptyElementEv	todo	irr::io::CXMLReaderImpl<unsigned long, irr::io::IXMLBase>	isEmptyElement	irr::io::CXMLReaderImpl<unsigned long, irr::io::IXMLBase>::isEmptyElement() const
2287468	_ZNK3irr2io14CXMLReaderImplImNS0_8IXMLBaseEE15getSourceFormatEv	todo	irr::io::CXMLReaderImpl<unsigned long, irr::io::IXMLBase>	getSourceFormat	irr::io::CXMLReaderImpl<unsigned long, irr::io::IXMLBase>::getSourceFormat() const
2287483	_ZNK3irr2io14CXMLReaderImplImNS0_8IXMLBaseEE15getParserFormatEv	todo	irr::io::CXMLReaderImpl<unsigned long, irr::io::IXMLBase>	getParserFormat	irr::io::CXMLReaderImpl<unsigned long, irr::io::IXMLBase>::getParserFormat() const
2287498	_ZNK3irr2io14CXMLReaderImplItNS0_8IXMLBaseEE11getNodeTypeEv	todo	irr::io::CXMLReaderImpl<unsigned short, irr::io::IXMLBase>	getNodeType	irr::io::CXMLReaderImpl<unsigned short, irr::io::IXMLBase>::getNodeType() const
2287513	_ZNK3irr2io14CXMLReaderImplItNS0_8IXMLBaseEE17getAttributeCountEv	todo	irr::io::CXMLReaderImpl<unsigned short, irr::io::IXMLBase>	getAttributeCount	irr::io::CXMLReaderImpl<unsigned short, irr::io::IXMLBase>::getAttributeCount() const
2287528	_ZNK3irr2io14CXMLReaderImplItNS0_8IXMLBaseEE16getAttributeNameEi	todo	irr::io::CXMLReaderImpl<unsigned short, irr::io::IXMLBase>	getAttributeName	irr::io::CXMLReaderImpl<unsigned short, irr::io::IXMLBase>::getAttributeName(int) const
2287558	_ZNK3irr2io14CXMLReaderImplItNS0_8IXMLBaseEE17getAttributeValueEi	todo	irr::io::CXMLReaderImpl<unsigned short, irr::io::IXMLBase>	getAttributeValue	irr::io::CXMLReaderImpl<unsigned short, irr::io::IXMLBase>::getAttributeValue(int) const
2287588	_ZNK3irr2io14CXMLReaderImplItNS0_8IXMLBaseEE22getAttributeValueAsIntEPKt	todo	irr::io::CXMLReaderImpl<unsigned short, irr::io::IXMLBase>	getAttributeValueAsInt	irr::io::CXMLReaderImpl<unsigned short, irr::io::IXMLBase>::getAttributeValueAsInt(unsigned short const*) const
2287607	_ZNK3irr2io14CXMLReaderImplItNS0_8IXMLBaseEE22getAttributeValueAsIntEi	todo	irr::io::CXMLReaderImpl<unsigned short, irr::io::IXMLBase>	getAttributeValueAsInt	irr::io::CXMLReaderImpl<unsigned short, irr::io::IXMLBase>::getAttributeValueAsInt(int) const
2287626	_ZNK3irr2io14CXMLReaderImplItNS0_8IXMLBaseEE11getNodeNameEv	todo	irr::io::CXMLReaderImpl<unsigned short, irr::io::IXMLBase>	getNodeName	irr::io::CXMLReaderImpl<unsigned short, irr::io::IXMLBase>::getNodeName() const
2287641	_ZNK3irr2io14CXMLReaderImplItNS0_8IXMLBaseEE11getNodeDataEv	todo	irr::io::CXMLReaderImpl<unsigned short, irr::io::IXMLBase>	getNodeData	irr::io::CXMLReaderImpl<unsigned short, irr::io::IXMLBase>::getNodeData() const
2287656	_ZNK3irr2io14CXMLReaderImplItNS0_8IXMLBaseEE14isEmptyElementEv	todo	irr::io::CXMLReaderImpl<unsigned short, irr::io::IXMLBase>	isEmptyElement	irr::io::CXMLReaderImpl<unsigned short, irr::io::IXMLBase>::isEmptyElement() const
2287671	_ZNK3irr2io14CXMLReaderImplItNS0_8IXMLBaseEE15getSourceFormatEv	todo	irr::io::CXMLReaderImpl<unsigned short, irr::io::IXMLBase>	getSourceFormat	irr::io::CXMLReaderImpl<unsigned short, irr::io::IXMLBase>::getSourceFormat() const
2287686	_ZNK3irr2io14CXMLReaderImplItNS0_8IXMLBaseEE15getParserFormatEv	todo	irr::io::CXMLReaderImpl<unsigned short, irr::io::IXMLBase>	getParserFormat	irr::io::CXMLReaderImpl<unsigned short, irr::io::IXMLBase>::getParserFormat() const
2287701	_ZNK3irr2io14CXMLReaderImplIcNS0_8IXMLBaseEE11getNodeTypeEv	todo	irr::io::CXMLReaderImpl<char, irr::io::IXMLBase>	getNodeType	irr::io::CXMLReaderImpl<char, irr::io::IXMLBase>::getNodeType() const
2287716	_ZNK3irr2io14CXMLReaderImplIcNS0_8IXMLBaseEE17getAttributeCountEv	todo	irr::io::CXMLReaderImpl<char, irr::io::IXMLBase>	getAttributeCount	irr::io::CXMLReaderImpl<char, irr::io::IXMLBase>::getAttributeCount() const
2287731	_ZNK3irr2io14CXMLReaderImplIcNS0_8IXMLBaseEE16getAttributeNameEi	todo	irr::io::CXMLReaderImpl<char, irr::io::IXMLBase>	getAttributeName	irr::io::CXMLReaderImpl<char, irr::io::IXMLBase>::getAttributeName(int) const
2287761	_ZNK3irr2io14CXMLReaderImplIcNS0_8IXMLBaseEE17getAttributeValueEi	todo	irr::io::CXMLReaderImpl<char, irr::io::IXMLBase>	getAttributeValue	irr::io::CXMLReaderImpl<char, irr::io::IXMLBase>::getAttributeValue(int) const
2287791	_ZNK3irr2io14CXMLReaderImplIcNS0_8IXMLBaseEE22getAttributeValueAsIntEPKc	todo	irr::io::CXMLReaderImpl<char, irr::io::IXMLBase>	getAttributeValueAsInt	irr::io::CXMLReaderImpl<char, irr::io::IXMLBase>::getAttributeValueAsInt(char const*) const
2287810	_ZNK3irr2io14CXMLReaderImplIcNS0_8IXMLBaseEE22getAttributeValueAsIntEi	todo	irr::io::CXMLReaderImpl<char, irr::io::IXMLBase>	getAttributeValueAsInt	irr::io::CXMLReaderImpl<char, irr::io::IXMLBase>::getAttributeValueAsInt(int) const
2287829	_ZNK3irr2io14CXMLReaderImplIcNS0_8IXMLBaseEE11getNodeNameEv	todo	irr::io::CXMLReaderImpl<char, irr::io::IXMLBase>	getNodeName	irr::io::CXMLReaderImpl<char, irr::io::IXMLBase>::getNodeName() const
2287844	_ZNK3irr2io14CXMLReaderImplIcNS0_8IXMLBaseEE11getNodeDataEv	todo	irr::io::CXMLReaderImpl<char, irr::io::IXMLBase>	getNodeData	irr::io::CXMLReaderImpl<char, irr::io::IXMLBase>::getNodeData() const
2287859	_ZNK3irr2io14CXMLReaderImplIcNS0_8IXMLBaseEE14isEmptyElementEv	todo	irr::io::CXMLReaderImpl<char, irr::io::IXMLBase>	isEmptyElement	irr::io::CXMLReaderImpl<char, irr::io::IXMLBase>::isEmptyElement() const
2287874	_ZNK3irr2io14CXMLReaderImplIcNS0_8IXMLBaseEE15getSourceFormatEv	todo	irr::io::CXMLReaderImpl<char, irr::io::IXMLBase>	getSourceFormat	irr::io::CXMLReaderImpl<char, irr::io::IXMLBase>::getSourceFormat() const
2287889	_ZNK3irr2io14CXMLReaderImplIcNS0_8IXMLBaseEE15getParserFormatEv	todo	irr::io::CXMLReaderImpl<char, irr::io::IXMLBase>	getParserFormat	irr::io::CXMLReaderImpl<char, irr::io::IXMLBase>::getParserFormat() const
2287904	_ZN3irr2io13IIrrXMLReaderImNS0_8IXMLBaseEED0Ev	todo	irr::io::IIrrXMLReader<unsigned long, irr::io::IXMLBase>	~IIrrXMLReader	irr::io::IIrrXMLReader<unsigned long, irr::io::IXMLBase>::~IIrrXMLReader()
2287920	_ZN3irr2io13IIrrXMLReaderItNS0_8IXMLBaseEED0Ev	todo	irr::io::IIrrXMLReader<unsigned short, irr::io::IXMLBase>	~IIrrXMLReader	irr::io::IIrrXMLReader<unsigned short, irr::io::IXMLBase>::~IIrrXMLReader()
2287936	_ZN3irr2io13IIrrXMLReaderIcNS0_8IXMLBaseEED0Ev	todo	irr::io::IIrrXMLReader<char, irr::io::IXMLBase>	~IIrrXMLReader	irr::io::IIrrXMLReader<char, irr::io::IXMLBase>::~IIrrXMLReader()
2287952	_ZN3irr2io17CFileReadCallBack4readEPvi	todo	irr::io::CFileReadCallBack	read	irr::io::CFileReadCallBack::read(void*, int)
2287979	_ZN3irr2io17CFileReadCallBackD2Ev	todo	irr::io::CFileReadCallBack	~CFileReadCallBack	irr::io::CFileReadCallBack::~CFileReadCallBack()
2288015	_ZNK3irr2io14CXMLReaderImplImNS0_8IXMLBaseEE21getAttributeValueSafeEPKm	todo	irr::io::CXMLReaderImpl<unsigned long, irr::io::IXMLBase>	getAttributeValueSafe	irr::io::CXMLReaderImpl<unsigned long, irr::io::IXMLBase>::getAttributeValueSafe(unsigned long const*) const
2288158	_ZN3irr2io17CFileReadCallBackD0Ev	todo	irr::io::CFileReadCallBack	~CFileReadCallBack	irr::io::CFileReadCallBack::~CFileReadCallBack()
2288197	_ZNK3irr2io14CXMLReaderImplIcNS0_8IXMLBaseEE21getAttributeValueSafeEPKc	todo	irr::io::CXMLReaderImpl<char, irr::io::IXMLBase>	getAttributeValueSafe	irr::io::CXMLReaderImpl<char, irr::io::IXMLBase>::getAttributeValueSafe(char const*) const
2288387	_ZNK3irr2io14CXMLReaderImplIcNS0_8IXMLBaseEE17getAttributeValueEPKc	todo	irr::io::CXMLReaderImpl<char, irr::io::IXMLBase>	getAttributeValue	irr::io::CXMLReaderImpl<char, irr::io::IXMLBase>::getAttributeValue(char const*) const
2288575	_ZNK3irr2io14CXMLReaderImplImNS0_8IXMLBaseEE17getAttributeValueEPKm	todo	irr::io::CXMLReaderImpl<unsigned long, irr::io::IXMLBase>	getAttributeValue	irr::io::CXMLReaderImpl<unsigned long, irr::io::IXMLBase>::getAttributeValue(unsigned long const*) const
2288715	_ZNK3irr2io14CXMLReaderImplItNS0_8IXMLBaseEE17getAttributeValueEPKt	todo	irr::io::CXMLReaderImpl<unsigned short, irr::io::IXMLBase>	getAttributeValue	irr::io::CXMLReaderImpl<unsigned short, irr::io::IXMLBase>::getAttributeValue(unsigned short const*) const
2288903	_ZNK3irr2io14CXMLReaderImplItNS0_8IXMLBaseEE21getAttributeValueSafeEPKt	todo	irr::io::CXMLReaderImpl<unsigned short, irr::io::IXMLBase>	getAttributeValueSafe	irr::io::CXMLReaderImpl<unsigned short, irr::io::IXMLBase>::getAttributeValueSafe(unsigned short const*) const
2289092	_ZN3irr2io14CXMLReaderImplIcNS0_8IXMLBaseEED2Ev	todo	irr::io::CXMLReaderImpl<char, irr::io::IXMLBase>	~CXMLReaderImpl	irr::io::CXMLReaderImpl<char, irr::io::IXMLBase>::~CXMLReaderImpl()
2289207	_ZN3irr2io14CXMLReaderImplItNS0_8IXMLBaseEED2Ev	todo	irr::io::CXMLReaderImpl<unsigned short, irr::io::IXMLBase>	~CXMLReaderImpl	irr::io::CXMLReaderImpl<unsigned short, irr::io::IXMLBase>::~CXMLReaderImpl()
2289322	_ZN3irr2io14CXMLReaderImplImNS0_8IXMLBaseEED2Ev	todo	irr::io::CXMLReaderImpl<unsigned long, irr::io::IXMLBase>	~CXMLReaderImpl	irr::io::CXMLReaderImpl<unsigned long, irr::io::IXMLBase>::~CXMLReaderImpl()
2289437	_ZN3irr2io14CXMLReaderImplIcNS0_8IXMLBaseEED0Ev	todo	irr::io::CXMLReaderImpl<char, irr::io::IXMLBase>	~CXMLReaderImpl	irr::io::CXMLReaderImpl<char, irr::io::IXMLBase>::~CXMLReaderImpl()
2289553	_ZN3irr2io14CXMLReaderImplItNS0_8IXMLBaseEED0Ev	todo	irr::io::CXMLReaderImpl<unsigned short, irr::io::IXMLBase>	~CXMLReaderImpl	irr::io::CXMLReaderImpl<unsigned short, irr::io::IXMLBase>::~CXMLReaderImpl()
2289669	_ZN3irr2io14CXMLReaderImplImNS0_8IXMLBaseEED0Ev	todo	irr::io::CXMLReaderImpl<unsigned long, irr::io::IXMLBase>	~CXMLReaderImpl	irr::io::CXMLReaderImpl<unsigned long, irr::io::IXMLBase>::~CXMLReaderImpl()
2289785	_ZN3irr4core6stringIcED2Ev	todo	irr::core::string<char>	~string	irr::core::string<char>::~string()
2289807	_ZNK3irr2io14CXMLReaderImplIcNS0_8IXMLBaseEE24getAttributeValueAsFloatEi	todo	irr::io::CXMLReaderImpl<char, irr::io::IXMLBase>	getAttributeValueAsFloat	irr::io::CXMLReaderImpl<char, irr::io::IXMLBase>::getAttributeValueAsFloat(int) const
2289918	_ZNK3irr2io14CXMLReaderImplImNS0_8IXMLBaseEE24getAttributeValueAsFloatEi	todo	irr::io::CXMLReaderImpl<unsigned long, irr::io::IXMLBase>	getAttributeValueAsFloat	irr::io::CXMLReaderImpl<unsigned long, irr::io::IXMLBase>::getAttributeValueAsFloat(int) const
2290030	_ZNK3irr2io14CXMLReaderImplItNS0_8IXMLBaseEE24getAttributeValueAsFloatEi	todo	irr::io::CXMLReaderImpl<unsigned short, irr::io::IXMLBase>	getAttributeValueAsFloat	irr::io::CXMLReaderImpl<unsigned short, irr::io::IXMLBase>::getAttributeValueAsFloat(int) const
2290142	_ZNK3irr2io14CXMLReaderImplIcNS0_8IXMLBaseEE24getAttributeValueAsFloatEPKc	todo	irr::io::CXMLReaderImpl<char, irr::io::IXMLBase>	getAttributeValueAsFloat	irr::io::CXMLReaderImpl<char, irr::io::IXMLBase>::getAttributeValueAsFloat(char const*) const
2290423	_ZNK3irr2io14CXMLReaderImplImNS0_8IXMLBaseEE24getAttributeValueAsFloatEPKm	todo	irr::io::CXMLReaderImpl<unsigned long, irr::io::IXMLBase>	getAttributeValueAsFloat	irr::io::CXMLReaderImpl<unsigned long, irr::io::IXMLBase>::getAttributeValueAsFloat(unsigned long const*) const
2290657	_ZNK3irr2io14CXMLReaderImplItNS0_8IXMLBaseEE24getAttributeValueAsFloatEPKt	todo	irr::io::CXMLReaderImpl<unsigned short, irr::io::IXMLBase>	getAttributeValueAsFloat	irr::io::CXMLReaderImpl<unsigned short, irr::io::IXMLBase>::getAttributeValueAsFloat(unsigned short const*) const
2290938	_ZN3irr4core5arrayINS0_6stringIcEEED2Ev	todo	irr::core::array<irr::core::string<char> >	~array	irr::core::array<irr::core::string<char> >::~array()
2290993	_ZN3irr2io14CXMLReaderImplIcNS0_8IXMLBaseEE10SAttributeD2Ev	todo	irr::io::CXMLReaderImpl<char, irr::io::IXMLBase>::SAttribute	~SAttribute	irr::io::CXMLReaderImpl<char, irr::io::IXMLBase>::SAttribute::~SAttribute()
2291025	_ZN3irr4core5arrayINS_2io14CXMLReaderImplIcNS2_8IXMLBaseEE10SAttributeEED2Ev	todo	irr::core::array<irr::io::CXMLReaderImpl<char, irr::io::IXMLBase>::SAttribute>	~array	irr::core::array<irr::io::CXMLReaderImpl<char, irr::io::IXMLBase>::SAttribute>::~array()
2291097	_ZN3irr4core6stringItED2Ev	todo	irr::core::string<unsigned short>	~string	irr::core::string<unsigned short>::~string()
2291119	_ZN3irr4core5arrayINS0_6stringItEEED2Ev	todo	irr::core::array<irr::core::string<unsigned short> >	~array	irr::core::array<irr::core::string<unsigned short> >::~array()
2291174	_ZN3irr2io14CXMLReaderImplItNS0_8IXMLBaseEE10SAttributeD2Ev	todo	irr::io::CXMLReaderImpl<unsigned short, irr::io::IXMLBase>::SAttribute	~SAttribute	irr::io::CXMLReaderImpl<unsigned short, irr::io::IXMLBase>::SAttribute::~SAttribute()
2291206	_ZN3irr4core5arrayINS_2io14CXMLReaderImplItNS2_8IXMLBaseEE10SAttributeEED2Ev	todo	irr::core::array<irr::io::CXMLReaderImpl<unsigned short, irr::io::IXMLBase>::SAttribute>	~array	irr::core::array<irr::io::CXMLReaderImpl<unsigned short, irr::io::IXMLBase>::SAttribute>::~array()
2291278	_ZN3irr4core6stringImED2Ev	todo	irr::core::string<unsigned long>	~string	irr::core::string<unsigned long>::~string()
2291300	_ZN3irr4core5arrayINS0_6stringImEEED2Ev	todo	irr::core::array<irr::core::string<unsigned long> >	~array	irr::core::array<irr::core::string<unsigned long> >::~array()
2291355	_ZN3irr2io14CXMLReaderImplImNS0_8IXMLBaseEE10SAttributeD2Ev	todo	irr::io::CXMLReaderImpl<unsigned long, irr::io::IXMLBase>::SAttribute	~SAttribute	irr::io::CXMLReaderImpl<unsigned long, irr::io::IXMLBase>::SAttribute::~SAttribute()
2291387	_ZN3irr4core5arrayINS_2io14CXMLReaderImplImNS2_8IXMLBaseEE10SAttributeEED2Ev	todo	irr::core::array<irr::io::CXMLReaderImpl<unsigned long, irr::io::IXMLBase>::SAttribute>	~array	irr::core::array<irr::io::CXMLReaderImpl<unsigned long, irr::io::IXMLBase>::SAttribute>::~array()
2291459	_ZN3irr2io14CXMLReaderImplIcNS0_8IXMLBaseEE15convertTextDataImEEvPT_Pci	todo	irr::io::CXMLReaderImpl<char, irr::io::IXMLBase>	convertTextData<unsigned long>	void irr::io::CXMLReaderImpl<char, irr::io::IXMLBase>::convertTextData<unsigned long>(unsigned long*, char*, int)
2291581	_ZN3irr2io14CXMLReaderImplIcNS0_8IXMLBaseEE15convertTextDataItEEvPT_Pci	todo	irr::io::CXMLReaderImpl<char, irr::io::IXMLBase>	convertTextData<unsigned short>	void irr::io::CXMLReaderImpl<char, irr::io::IXMLBase>::convertTextData<unsigned short>(unsigned short*, char*, int)
2291703	_ZN3irr2io14CXMLReaderImplIcNS0_8IXMLBaseEE8readFileEPNS0_17IFileReadCallBackE	todo	irr::io::CXMLReaderImpl<char, irr::io::IXMLBase>	readFile	irr::io::CXMLReaderImpl<char, irr::io::IXMLBase>::readFile(irr::io::IFileReadCallBack*)
2291918	_ZN3irr2io14CXMLReaderImplItNS0_8IXMLBaseEE15convertTextDataImEEvPT_Pci	todo	irr::io::CXMLReaderImpl<unsigned short, irr::io::IXMLBase>	convertTextData<unsigned long>	void irr::io::CXMLReaderImpl<unsigned short, irr::io::IXMLBase>::convertTextData<unsigned long>(unsigned long*, char*, int)
2292102	_ZN3irr2io14CXMLReaderImplItNS0_8IXMLBaseEE15convertTextDataItEEvPT_Pci	todo	irr::io::CXMLReaderImpl<unsigned short, irr::io::IXMLBase>	convertTextData<unsigned short>	void irr::io::CXMLReaderImpl<unsigned short, irr::io::IXMLBase>::convertTextData<unsigned short>(unsigned short*, char*, int)
2292172	_ZN3irr2io14CXMLReaderImplItNS0_8IXMLBaseEE8readFileEPNS0_17IFileReadCallBackE	todo	irr::io::CXMLReaderImpl<unsigned short, irr::io::IXMLBase>	readFile	irr::io::CXMLReaderImpl<unsigned short, irr::io::IXMLBase>::readFile(irr::io::IFileReadCallBack*)
2292473	_ZN3irr2io14CXMLReaderImplImNS0_8IXMLBaseEE15convertTextDataImEEvPT_Pci	todo	irr::io::CXMLReaderImpl<unsigned long, irr::io::IXMLBase>	convertTextData<unsigned long>	void irr::io::CXMLReaderImpl<unsigned long, irr::io::IXMLBase>::convertTextData<unsigned long>(unsigned long*, char*, int)
2292543	_ZN3irr2io14CXMLReaderImplImNS0_8IXMLBaseEE15convertTextDataItEEvPT_Pci	todo	irr::io::CXMLReaderImpl<unsigned long, irr::io::IXMLBase>	convertTextData<unsigned short>	void irr::io::CXMLReaderImpl<unsigned long, irr::io::IXMLBase>::convertTextData<unsigned short>(unsigned short*, char*, int)
2292730	_ZN3irr2io14CXMLReaderImplImNS0_8IXMLBaseEE8readFileEPNS0_17IFileReadCallBackE	todo	irr::io::CXMLReaderImpl<unsigned long, irr::io::IXMLBase>	readFile	irr::io::CXMLReaderImpl<unsigned long, irr::io::IXMLBase>::readFile(irr::io::IFileReadCallBack*)
2293072	_ZN3irr4core6stringIcEaSERKS2_	todo	irr::core::string<char>	operator=	irr::core::string<char>::operator=(irr::core::string<char> const&)
2293132	_ZN3irr4core5arrayINS0_6stringIcEEE10reallocateEj	todo	irr::core::array<irr::core::string<char> >	reallocate	irr::core::array<irr::core::string<char> >::reallocate(unsigned int)
2293337	_ZN3irr2io14CXMLReaderImplIcNS0_8IXMLBaseEE26createSpecialCharacterListEv	todo	irr::io::CXMLReaderImpl<char, irr::io::IXMLBase>	createSpecialCharacterList	irr::io::CXMLReaderImpl<char, irr::io::IXMLBase>::createSpecialCharacterList()
2294455	_ZN3irr4core6stringItEaSERKS2_	todo	irr::core::string<unsigned short>	operator=	irr::core::string<unsigned short>::operator=(irr::core::string<unsigned short> const&)
2294556	_ZN3irr4core5arrayINS0_6stringItEEE10reallocateEj	todo	irr::core::array<irr::core::string<unsigned short> >	reallocate	irr::core::array<irr::core::string<unsigned short> >::reallocate(unsigned int)
2294799	_ZN3irr2io14CXMLReaderImplItNS0_8IXMLBaseEE26createSpecialCharacterListEv	todo	irr::io::CXMLReaderImpl<unsigned short, irr::io::IXMLBase>	createSpecialCharacterList	irr::io::CXMLReaderImpl<unsigned short, irr::io::IXMLBase>::createSpecialCharacterList()
2296747	_ZN3irr4core6stringImEaSERKS2_	todo	irr::core::string<unsigned long>	operator=	irr::core::string<unsigned long>::operator=(irr::core::string<unsigned long> const&)
2296805	_ZN3irr4core5arrayINS0_6stringImEEE10reallocateEj	todo	irr::core::array<irr::core::string<unsigned long> >	reallocate	irr::core::array<irr::core::string<unsigned long> >::reallocate(unsigned int)
2297005	_ZN3irr2io14CXMLReaderImplImNS0_8IXMLBaseEE26createSpecialCharacterListEv	todo	irr::io::CXMLReaderImpl<unsigned long, irr::io::IXMLBase>	createSpecialCharacterList	irr::io::CXMLReaderImpl<unsigned long, irr::io::IXMLBase>::createSpecialCharacterList()
2298481	_ZN3irr2io14CXMLReaderImplImNS0_8IXMLBaseEE22parseClosingXMLElementEv	todo	irr::io::CXMLReaderImpl<unsigned long, irr::io::IXMLBase>	parseClosingXMLElement	irr::io::CXMLReaderImpl<unsigned long, irr::io::IXMLBase>::parseClosingXMLElement()
2298677	_ZN3irr2io14CXMLReaderImplImNS0_8IXMLBaseEE10parseCDATAEv	todo	irr::io::CXMLReaderImpl<unsigned long, irr::io::IXMLBase>	parseCDATA	irr::io::CXMLReaderImpl<unsigned long, irr::io::IXMLBase>::parseCDATA()
2298860	_ZN3irr2io14CXMLReaderImplImNS0_8IXMLBaseEE12parseCommentEv	todo	irr::io::CXMLReaderImpl<unsigned long, irr::io::IXMLBase>	parseComment	irr::io::CXMLReaderImpl<unsigned long, irr::io::IXMLBase>::parseComment()
2299013	_ZN3irr2io14CXMLReaderImplItNS0_8IXMLBaseEE22parseClosingXMLElementEv	todo	irr::io::CXMLReaderImpl<unsigned short, irr::io::IXMLBase>	parseClosingXMLElement	irr::io::CXMLReaderImpl<unsigned short, irr::io::IXMLBase>::parseClosingXMLElement()
2299295	_ZN3irr2io14CXMLReaderImplItNS0_8IXMLBaseEE10parseCDATAEv	todo	irr::io::CXMLReaderImpl<unsigned short, irr::io::IXMLBase>	parseCDATA	irr::io::CXMLReaderImpl<unsigned short, irr::io::IXMLBase>::parseCDATA()
2299528	_ZN3irr2io14CXMLReaderImplItNS0_8IXMLBaseEE12parseCommentEv	todo	irr::io::CXMLReaderImpl<unsigned short, irr::io::IXMLBase>	parseComment	irr::io::CXMLReaderImpl<unsigned short, irr::io::IXMLBase>::parseComment()
2299770	_ZN3irr2io14CXMLReaderImplIcNS0_8IXMLBaseEE22parseClosingXMLElementEv	todo	irr::io::CXMLReaderImpl<char, irr::io::IXMLBase>	parseClosingXMLElement	irr::io::CXMLReaderImpl<char, irr::io::IXMLBase>::parseClosingXMLElement()
2299973	_ZN3irr2io14CXMLReaderImplIcNS0_8IXMLBaseEE10parseCDATAEv	todo	irr::io::CXMLReaderImpl<char, irr::io::IXMLBase>	parseCDATA	irr::io::CXMLReaderImpl<char, irr::io::IXMLBase>::parseCDATA()
2300191	_ZN3irr2io14CXMLReaderImplIcNS0_8IXMLBaseEE12parseCommentEv	todo	irr::io::CXMLReaderImpl<char, irr::io::IXMLBase>	parseComment	irr::io::CXMLReaderImpl<char, irr::io::IXMLBase>::parseComment()
2300351	_ZN3irr4core6stringImE10reallocateEi	todo	irr::core::string<unsigned long>	reallocate	irr::core::string<unsigned long>::reallocate(int)
2300417	_ZN3irr2io14CXMLReaderImplImNS0_8IXMLBaseEE24replaceSpecialCharactersERNS_4core6stringImEE	todo	irr::io::CXMLReaderImpl<unsigned long, irr::io::IXMLBase>	replaceSpecialCharacters	irr::io::CXMLReaderImpl<unsigned long, irr::io::IXMLBase>::replaceSpecialCharacters(irr::core::string<unsigned long>&)
2301418	_ZN3irr2io14CXMLReaderImplImNS0_8IXMLBaseEE7setTextEPmS4_	todo	irr::io::CXMLReaderImpl<unsigned long, irr::io::IXMLBase>	setText	irr::io::CXMLReaderImpl<unsigned long, irr::io::IXMLBase>::setText(unsigned long*, unsigned long*)
2301605	_ZN3irr2io14CXMLReaderImplImNS0_8IXMLBaseEE22parseOpeningXMLElementEv	todo	irr::io::CXMLReaderImpl<unsigned long, irr::io::IXMLBase>	parseOpeningXMLElement	irr::io::CXMLReaderImpl<unsigned long, irr::io::IXMLBase>::parseOpeningXMLElement()
2302762	_ZN3irr2io14CXMLReaderImplImNS0_8IXMLBaseEE16parseCurrentNodeEv	todo	irr::io::CXMLReaderImpl<unsigned long, irr::io::IXMLBase>	parseCurrentNode	irr::io::CXMLReaderImpl<unsigned long, irr::io::IXMLBase>::parseCurrentNode()
2302876	_ZN3irr2io14CXMLReaderImplImNS0_8IXMLBaseEE4readEv	todo	irr::io::CXMLReaderImpl<unsigned long, irr::io::IXMLBase>	read	irr::io::CXMLReaderImpl<unsigned long, irr::io::IXMLBase>::read()
2302920	_ZN3irr4core6stringItE10reallocateEi	todo	irr::core::string<unsigned short>	reallocate	irr::core::string<unsigned short>::reallocate(int)
2303030	_ZN3irr2io14CXMLReaderImplItNS0_8IXMLBaseEE24replaceSpecialCharactersERNS_4core6stringItEE	todo	irr::io::CXMLReaderImpl<unsigned short, irr::io::IXMLBase>	replaceSpecialCharacters	irr::io::CXMLReaderImpl<unsigned short, irr::io::IXMLBase>::replaceSpecialCharacters(irr::core::string<unsigned short>&)
2304674	_ZN3irr2io14CXMLReaderImplItNS0_8IXMLBaseEE7setTextEPtS4_	todo	irr::io::CXMLReaderImpl<unsigned short, irr::io::IXMLBase>	setText	irr::io::CXMLReaderImpl<unsigned short, irr::io::IXMLBase>::setText(unsigned short*, unsigned short*)
2304952	_ZN3irr2io14CXMLReaderImplItNS0_8IXMLBaseEE22parseOpeningXMLElementEv	todo	irr::io::CXMLReaderImpl<unsigned short, irr::io::IXMLBase>	parseOpeningXMLElement	irr::io::CXMLReaderImpl<unsigned short, irr::io::IXMLBase>::parseOpeningXMLElement()
2306710	_ZN3irr2io14CXMLReaderImplItNS0_8IXMLBaseEE16parseCurrentNodeEv	todo	irr::io::CXMLReaderImpl<unsigned short, irr::io::IXMLBase>	parseCurrentNode	irr::io::CXMLReaderImpl<unsigned short, irr::io::IXMLBase>::parseCurrentNode()
2306818	_ZN3irr2io14CXMLReaderImplItNS0_8IXMLBaseEE4readEv	todo	irr::io::CXMLReaderImpl<unsigned short, irr::io::IXMLBase>	read	irr::io::CXMLReaderImpl<unsigned short, irr::io::IXMLBase>::read()
2306862	_ZN3irr4core6stringIcE10reallocateEi	todo	irr::core::string<char>	reallocate	irr::core::string<char>::reallocate(int)
2306934	_ZN3irr2io14CXMLReaderImplIcNS0_8IXMLBaseEE24replaceSpecialCharactersERNS_4core6stringIcEE	todo	irr::io::CXMLReaderImpl<char, irr::io::IXMLBase>	replaceSpecialCharacters	irr::io::CXMLReaderImpl<char, irr::io::IXMLBase>::replaceSpecialCharacters(irr::core::string<char>&)
2307992	_ZN3irr2io14CXMLReaderImplIcNS0_8IXMLBaseEE7setTextEPcS4_	todo	irr::io::CXMLReaderImpl<char, irr::io::IXMLBase>	setText	irr::io::CXMLReaderImpl<char, irr::io::IXMLBase>::setText(char*, char*)
2308186	_ZN3irr2io14CXMLReaderImplIcNS0_8IXMLBaseEE22parseOpeningXMLElementEv	todo	irr::io::CXMLReaderImpl<char, irr::io::IXMLBase>	parseOpeningXMLElement	irr::io::CXMLReaderImpl<char, irr::io::IXMLBase>::parseOpeningXMLElement()
2309390	_ZN3irr2io14CXMLReaderImplIcNS0_8IXMLBaseEE16parseCurrentNodeEv	todo	irr::io::CXMLReaderImpl<char, irr::io::IXMLBase>	parseCurrentNode	irr::io::CXMLReaderImpl<char, irr::io::IXMLBase>::parseCurrentNode()
2309504	_ZN3irr2io14CXMLReaderImplIcNS0_8IXMLBaseEE4readEv	todo	irr::io::CXMLReaderImpl<char, irr::io::IXMLBase>	read	irr::io::CXMLReaderImpl<char, irr::io::IXMLBase>::read()
2309547	_ZN3p2t3CDT8AddPointEPNS_5PointE	todo	p2t::CDT	AddPoint	p2t::CDT::AddPoint(p2t::Point*)
2309561	_ZN3p2t3CDT11TriangulateEv	todo	p2t::CDT	Triangulate	p2t::CDT::Triangulate()
2309577	_ZN3p2t3CDT12GetTrianglesEv	todo	p2t::CDT	GetTriangles	p2t::CDT::GetTriangles()
2309596	_ZN3p2t3CDT6GetMapEv	todo	p2t::CDT	GetMap	p2t::CDT::GetMap()
2309615	_ZN3p2t3CDTD2Ev	todo	p2t::CDT	~CDT	p2t::CDT::~CDT()
2309662	_ZN3p2t3CDT7AddHoleESt6vectorIPNS_5PointESaIS3_EE	todo	p2t::CDT	AddHole	p2t::CDT::AddHole(std::vector<p2t::Point*, std::allocator<p2t::Point*> >)
2309764	_ZN3p2t3CDTC2ESt6vectorIPNS_5PointESaIS3_EE	todo	p2t::CDT	CDT	p2t::CDT::CDT(std::vector<p2t::Point*, std::allocator<p2t::Point*> >)
2309910	_ZN3p2t8Orient2dERNS_5PointES1_S1_	todo	p2t	Orient2d	p2t::Orient2d(p2t::Point&, p2t::Point&, p2t::Point&)
2309951	_ZN3p2t10InScanAreaERNS_5PointES1_S1_S1_	todo	p2t	InScanArea	p2t::InScanArea(p2t::Point&, p2t::Point&, p2t::Point&, p2t::Point&)
2309992	_ZN3p2t5Sweep19FinalizationPolygonERNS_12SweepContextE	todo	p2t::Sweep	FinalizationPolygon	p2t::Sweep::FinalizationPolygon(p2t::SweepContext&)
2310035	_ZN3p2t5Sweep20IsEdgeSideOfTriangleERNS_8TriangleERNS_5PointES4_	todo	p2t::Sweep	IsEdgeSideOfTriangle	p2t::Sweep::IsEdgeSideOfTriangle(p2t::Triangle&, p2t::Point&, p2t::Point&)
2310092	_ZN3p2t5Sweep10BasinAngleERNS_4NodeE	todo	p2t::Sweep	BasinAngle	p2t::Sweep::BasinAngle(p2t::Node&)
2310113	_ZN3p2t5Sweep9HoleAngleERNS_4NodeE	todo	p2t::Sweep	HoleAngle	p2t::Sweep::HoleAngle(p2t::Node&)
2310149	_ZN3p2t5Sweep8IncircleERNS_5PointES2_S2_S2_	todo	p2t::Sweep	Incircle	p2t::Sweep::Incircle(p2t::Point&, p2t::Point&, p2t::Point&, p2t::Point&)
2310219	_ZN3p2t5Sweep18RotateTrianglePairERNS_8TriangleERNS_5PointES2_S4_	todo	p2t::Sweep	RotateTrianglePair	p2t::Sweep::RotateTrianglePair(p2t::Triangle&, p2t::Point&, p2t::Triangle&, p2t::Point&)
2310388	_ZN3p2t5Sweep8LegalizeERNS_12SweepContextERNS_8TriangleE	todo	p2t::Sweep	Legalize	p2t::Sweep::Legalize(p2t::SweepContext&, p2t::Triangle&)
2310760	_ZN3p2t5Sweep4FillERNS_12SweepContextERNS_4NodeE	todo	p2t::Sweep	Fill	p2t::Sweep::Fill(p2t::SweepContext&, p2t::Node&)
2310844	_ZN3p2t5Sweep12FillBasinReqERNS_12SweepContextEPNS_4NodeE	todo	p2t::Sweep	FillBasinReq	p2t::Sweep::FillBasinReq(p2t::SweepContext&, p2t::Node*)
2311042	_ZN3p2t5Sweep9FillBasinERNS_12SweepContextERNS_4NodeE	todo	p2t::Sweep	FillBasin	p2t::Sweep::FillBasin(p2t::SweepContext&, p2t::Node&)
2311173	_ZN3p2t5Sweep18FillAdvancingFrontERNS_12SweepContextERNS_4NodeE	todo	p2t::Sweep	FillAdvancingFront	p2t::Sweep::FillAdvancingFront(p2t::SweepContext&, p2t::Node&)
2311422	_ZN3p2t5Sweep9IsShallowERNS_12SweepContextERNS_4NodeE	todo	p2t::Sweep	IsShallow	p2t::Sweep::IsShallow(p2t::SweepContext&, p2t::Node&)
2311458	_ZN3p2t5Sweep25FillRightConcaveEdgeEventERNS_12SweepContextEPNS_4EdgeERNS_4NodeE	todo	p2t::Sweep	FillRightConcaveEdgeEvent	p2t::Sweep::FillRightConcaveEdgeEvent(p2t::SweepContext&, p2t::Edge*, p2t::Node&)
2311608	_ZN3p2t5Sweep24FillRightConvexEdgeEventERNS_12SweepContextEPNS_4EdgeERNS_4NodeE	todo	p2t::Sweep	FillRightConvexEdgeEvent	p2t::Sweep::FillRightConvexEdgeEvent(p2t::SweepContext&, p2t::Edge*, p2t::Node&)
2311704	_ZN3p2t5Sweep23FillRightBelowEdgeEventERNS_12SweepContextEPNS_4EdgeERNS_4NodeE	todo	p2t::Sweep	FillRightBelowEdgeEvent	p2t::Sweep::FillRightBelowEdgeEvent(p2t::SweepContext&, p2t::Edge*, p2t::Node&)
2311791	_ZN3p2t5Sweep23FillRightAboveEdgeEventERNS_12SweepContextEPNS_4EdgeEPNS_4NodeE	todo	p2t::Sweep	FillRightAboveEdgeEvent	p2t::Sweep::FillRightAboveEdgeEvent(p2t::SweepContext&, p2t::Edge*, p2t::Node*)
2311930	_ZN3p2t5Sweep24FillLeftConcaveEdgeEventERNS_12SweepContextEPNS_4EdgeERNS_4NodeE	todo	p2t::Sweep	FillLeftConcaveEdgeEvent	p2t::Sweep::FillLeftConcaveEdgeEvent(p2t::SweepContext&, p2t::Edge*, p2t::Node&)
2312080	_ZN3p2t5Sweep23FillLeftConvexEdgeEventERNS_12SweepContextEPNS_4EdgeERNS_4NodeE	todo	p2t::Sweep	FillLeftConvexEdgeEvent	p2t::Sweep::FillLeftConvexEdgeEvent(p2t::SweepContext&, p2t::Edge*, p2t::Node&)
2312173	_ZN3p2t5Sweep22FillLeftBelowEdgeEventERNS_12SweepContextEPNS_4EdgeERNS_4NodeE	todo	p2t::Sweep	FillLeftBelowEdgeEvent	p2t::Sweep::FillLeftBelowEdgeEvent(p2t::SweepContext&, p2t::Edge*, p2t::Node&)
2312258	_ZN3p2t5Sweep22FillLeftAboveEdgeEventERNS_12SweepContextEPNS_4EdgeEPNS_4NodeE	todo	p2t::Sweep	FillLeftAboveEdgeEvent	p2t::Sweep::FillLeftAboveEdgeEvent(p2t::SweepContext&, p2t::Edge*, p2t::Node*)
2312400	_ZN3p2t5Sweep13FillEdgeEventERNS_12SweepContextEPNS_4EdgeEPNS_4NodeE	todo	p2t::Sweep	FillEdgeEvent	p2t::Sweep::FillEdgeEvent(p2t::SweepContext&, p2t::Edge*, p2t::Node*)
2312420	_ZN3p2t5Sweep16NextFlipTriangleERNS_12SweepContextEiRNS_8TriangleES4_RNS_5PointES6_	todo	p2t::Sweep	NextFlipTriangle	p2t::Sweep::NextFlipTriangle(p2t::SweepContext&, int, p2t::Triangle&, p2t::Triangle&, p2t::Point&, p2t::Point&)
2312487	_ZN3p2t5Sweep13NextFlipPointERNS_5PointES2_RNS_8TriangleES2_	todo	p2t::Sweep	NextFlipPoint	p2t::Sweep::NextFlipPoint(p2t::Point&, p2t::Point&, p2t::Triangle&, p2t::Point&)
2312587	_ZN3p2t5Sweep17FlipScanEdgeEventERNS_12SweepContextERNS_5PointES4_RNS_8TriangleES6_S4_	todo	p2t::Sweep	FlipScanEdgeEvent	p2t::Sweep::FlipScanEdgeEvent(p2t::SweepContext&, p2t::Point&, p2t::Point&, p2t::Triangle&, p2t::Triangle&, p2t::Point&)
2312696	_ZN3p2t5Sweep13FlipEdgeEventERNS_12SweepContextERNS_5PointES4_PNS_8TriangleES4_	todo	p2t::Sweep	FlipEdgeEvent	p2t::Sweep::FlipEdgeEvent(p2t::SweepContext&, p2t::Point&, p2t::Point&, p2t::Triangle*, p2t::Point&)
2312961	_ZN3p2t5Sweep9EdgeEventERNS_12SweepContextERNS_5PointES4_PNS_8TriangleES4_	todo	p2t::Sweep	EdgeEvent	p2t::Sweep::EdgeEvent(p2t::SweepContext&, p2t::Point&, p2t::Point&, p2t::Triangle*, p2t::Point&)
2313195	_ZN3p2t5Sweep9EdgeEventERNS_12SweepContextEPNS_4EdgeEPNS_4NodeE	todo	p2t::Sweep	EdgeEvent	p2t::Sweep::EdgeEvent(p2t::SweepContext&, p2t::Edge*, p2t::Node*)
2313308	_ZN3p2t5SweepD2Ev	todo	p2t::Sweep	~Sweep	p2t::Sweep::~Sweep()
2313360	_ZN3p2t5Sweep16NewFrontTriangleERNS_12SweepContextERNS_5PointERNS_4NodeE	todo	p2t::Sweep	NewFrontTriangle	p2t::Sweep::NewFrontTriangle(p2t::SweepContext&, p2t::Point&, p2t::Node&)
2313479	_ZN3p2t5Sweep10PointEventERNS_12SweepContextERNS_5PointE	todo	p2t::Sweep	PointEvent	p2t::Sweep::PointEvent(p2t::SweepContext&, p2t::Point&)
2313585	_ZN3p2t5Sweep11SweepPointsERNS_12SweepContextE	todo	p2t::Sweep	SweepPoints	p2t::Sweep::SweepPoints(p2t::SweepContext&)
2313801	_ZN3p2t5Sweep11TriangulateERNS_12SweepContextE	todo	p2t::Sweep	Triangulate	p2t::Sweep::Triangulate(p2t::SweepContext&)
2314142	_ZN3p2t12SweepContext12GetTrianglesEv	todo	p2t::SweepContext	GetTriangles	p2t::SweepContext::GetTriangles()
2314222	_ZN3p2t12SweepContext8GetPointERKi	todo	p2t::SweepContext	GetPoint	p2t::SweepContext::GetPoint(int const&)
2314239	_ZN3p2t12SweepContext8AddToMapEPNS_8TriangleE	todo	p2t::SweepContext	AddToMap	p2t::SweepContext::AddToMap(p2t::Triangle*)
2314275	_ZN3p2t12SweepContext10LocateNodeERNS_5PointE	todo	p2t::SweepContext	LocateNode	p2t::SweepContext::LocateNode(p2t::Point&)
2314291	_ZN3p2t12SweepContext20CreateAdvancingFrontESt6vectorIPNS_4NodeESaIS3_EE	todo	p2t::SweepContext	CreateAdvancingFront	p2t::SweepContext::CreateAdvancingFront(std::vector<p2t::Node*, std::allocator<p2t::Node*> >)
2314396	_ZN3p2t12SweepContext10RemoveNodeEPNS_4NodeE	todo	p2t::SweepContext	RemoveNode	p2t::SweepContext::RemoveNode(p2t::Node*)
2314410	_ZN3p2t12SweepContext18MapTriangleToNodesERNS_8TriangleE	todo	p2t::SweepContext	MapTriangleToNodes	p2t::SweepContext::MapTriangleToNodes(p2t::Triangle&)
2314494	_ZN3p2t12SweepContext13RemoveFromMapEPNS_8TriangleE	todo	p2t::SweepContext	RemoveFromMap	p2t::SweepContext::RemoveFromMap(p2t::Triangle*)
2314581	_ZN3p2t12SweepContextD2Ev	todo	p2t::SweepContext	~SweepContext	p2t::SweepContext::~SweepContext()
2314729	_ZN3p2t12SweepContext6GetMapEv	todo	p2t::SweepContext	GetMap	p2t::SweepContext::GetMap()
2314787	_ZN3p2t12SweepContext8AddPointEPNS_5PointE	todo	p2t::SweepContext	AddPoint	p2t::SweepContext::AddPoint(p2t::Point*)
2314834	_ZN3p2t12SweepContext9InitEdgesESt6vectorIPNS_5PointESaIS3_EE	todo	p2t::SweepContext	InitEdges	p2t::SweepContext::InitEdges(std::vector<p2t::Point*, std::allocator<p2t::Point*> >)
2315041	_ZN3p2t12SweepContextC2ESt6vectorIPNS_5PointESaIS3_EE	todo	p2t::SweepContext	SweepContext	p2t::SweepContext::SweepContext(std::vector<p2t::Point*, std::allocator<p2t::Point*> >)
2315189	_ZN3p2t12SweepContext7AddHoleESt6vectorIPNS_5PointESaIS3_EE	todo	p2t::SweepContext	AddHole	p2t::SweepContext::AddHole(std::vector<p2t::Point*, std::allocator<p2t::Point*> >)
2315342	_ZN3p2t12SweepContext9MeshCleanERNS_8TriangleE	todo	p2t::SweepContext	MeshClean	p2t::SweepContext::MeshClean(p2t::Triangle&)
2316111	_ZN3p2t12SweepContext17InitTriangulationEv	todo	p2t::SweepContext	InitTriangulation	p2t::SweepContext::InitTriangulation()
2316294	_ZN3p2t3cmpEPKNS_5PointES2_	todo	p2t	cmp	p2t::cmp(p2t::Point const*, p2t::Point const*)
2319423	_Z12ReportResult16ConversionResult	todo	(free function)	ReportResult	ReportResult(ConversionResult)
2342376	_Z13RemoveUVSeamsP6aiMeshP10aiVector3tIfE	todo	(free function)	RemoveUVSeams	RemoveUVSeams(aiMesh*, aiVector3t<float>*)
2345279	_GLOBAL__sub_I_ComputeUVMappingProcess_cpp	todo	(free function)	_GLOBAL__sub_I_ComputeUVMappingProcess_cpp	_GLOBAL__sub_I_ComputeUVMappingProcess_cpp
2347587	_Z12CompareBonesPK6aiMeshS1_	todo	(free function)	CompareBones	CompareBones(aiMesh const*, aiMesh const*)
2347760	_Z17UpdateMeshIndicesP6aiNodePj	todo	(free function)	UpdateMeshIndices	UpdateMeshIndices(aiNode*, unsigned int*)
2349054	_Z20UpdateMeshReferencesP6aiNodeRKSt6vectorIjSaIjEE	todo	(free function)	UpdateMeshReferences	UpdateMeshReferences(aiNode*, std::vector<unsigned int, std::allocator<unsigned int> > const&)
2349485	_Z14EpsilonCompareI11aiVectorKeyEbRKT_S3_f	todo	(free function)	EpsilonCompare<aiVectorKey>	bool EpsilonCompare<aiVectorKey>(aiVectorKey const&, aiVectorKey const&, float)
2349520	_Z14EpsilonCompareI9aiQuatKeyEbRKT_S3_f	todo	(free function)	EpsilonCompare<aiQuatKey>	bool EpsilonCompare<aiQuatKey>(aiQuatKey const&, aiQuatKey const&, float)
2368960	_Z11UpdateNodesRKSt6vectorIjSaIjEEP6aiNode	todo	(free function)	UpdateNodes	UpdateNodes(std::vector<unsigned int, std::allocator<unsigned int> > const&, aiNode*)
2376925	_Z13UpdateUVIndexRKSt4listIN6Assimp12TTUpdateInfoESaIS1_EEj	todo	(free function)	UpdateUVIndex	UpdateUVIndex(std::list<Assimp::TTUpdateInfo, std::allocator<Assimp::TTUpdateInfo> > const&, unsigned int)
2398557	_GLOBAL__sub_I_ObjFileMtlImporter_cpp	todo	(free function)	_GLOBAL__sub_I_ObjFileMtlImporter_cpp	_GLOBAL__sub_I_ObjFileMtlImporter_cpp
2398763	isLegalUTF8	todo	(free function)	isLegalUTF8	isLegalUTF8
2398885	ConvertUTF32toUTF16	todo	(free function)	ConvertUTF32toUTF16	ConvertUTF32toUTF16
2399051	ConvertUTF16toUTF32	todo	(free function)	ConvertUTF16toUTF32	ConvertUTF16toUTF32
2399194	ConvertUTF16toUTF8	todo	(free function)	ConvertUTF16toUTF8	ConvertUTF16toUTF8
2399395	isLegalUTF8Sequence	todo	(free function)	isLegalUTF8Sequence	isLegalUTF8Sequence
2399422	ConvertUTF8toUTF16	todo	(free function)	ConvertUTF8toUTF16	ConvertUTF8toUTF16
2399661	ConvertUTF32toUTF8	todo	(free function)	ConvertUTF32toUTF8	ConvertUTF32toUTF8
2399921	ConvertUTF8toUTF32	todo	(free function)	ConvertUTF8toUTF32	ConvertUTF8toUTF32
2400171	_ZN3p2t8TriangleC2ERNS_5PointES2_S2_	todo	p2t::Triangle	Triangle	p2t::Triangle::Triangle(p2t::Point&, p2t::Point&, p2t::Point&)
2400200	_ZN3p2t8Triangle12MarkNeighborEPNS_5PointES2_PS0_	todo	p2t::Triangle	MarkNeighbor	p2t::Triangle::MarkNeighbor(p2t::Point*, p2t::Point*, p2t::Triangle*)
2400290	_ZN3p2t8Triangle12MarkNeighborERS0_	todo	p2t::Triangle	MarkNeighbor	p2t::Triangle::MarkNeighbor(p2t::Triangle&)
2400613	_ZN3p2t8Triangle5ClearEv	todo	p2t::Triangle	Clear	p2t::Triangle::Clear()
2400701	_ZN3p2t8Triangle13ClearNeighborEPS0_	todo	p2t::Triangle	ClearNeighbor	p2t::Triangle::ClearNeighbor(p2t::Triangle*)
2400731	_ZN3p2t8Triangle14ClearNeighborsEv	todo	p2t::Triangle	ClearNeighbors	p2t::Triangle::ClearNeighbors()
2400749	_ZN3p2t8Triangle17ClearDelunayEdgesEv	todo	p2t::Triangle	ClearDelunayEdges	p2t::Triangle::ClearDelunayEdges()
2400767	_ZN3p2t8Triangle13OppositePointERS0_RNS_5PointE	todo	p2t::Triangle	OppositePoint	p2t::Triangle::OppositePoint(p2t::Triangle&, p2t::Point&)
2400823	_ZN3p2t8Triangle8LegalizeERNS_5PointE	todo	p2t::Triangle	Legalize	p2t::Triangle::Legalize(p2t::Point&)
2400841	_ZN3p2t8Triangle8LegalizeERNS_5PointES2_	todo	p2t::Triangle	Legalize	p2t::Triangle::Legalize(p2t::Point&, p2t::Point&)
2400890	_ZN3p2t8Triangle5IndexEPKNS_5PointE	todo	p2t::Triangle	Index	p2t::Triangle::Index(p2t::Point const*)
2400925	_ZN3p2t8Triangle9EdgeIndexEPKNS_5PointES3_	todo	p2t::Triangle	EdgeIndex	p2t::Triangle::EdgeIndex(p2t::Point const*, p2t::Point const*)
2400990	_ZN3p2t8Triangle19MarkConstrainedEdgeEi	todo	p2t::Triangle	MarkConstrainedEdge	p2t::Triangle::MarkConstrainedEdge(int)
2401007	_ZN3p2t8Triangle19MarkConstrainedEdgeERNS_4EdgeE	todo	p2t::Triangle	MarkConstrainedEdge	p2t::Triangle::MarkConstrainedEdge(p2t::Edge&)
2401101	_ZN3p2t8Triangle19MarkConstrainedEdgeEPNS_5PointES2_	todo	p2t::Triangle	MarkConstrainedEdge	p2t::Triangle::MarkConstrainedEdge(p2t::Point*, p2t::Point*)
2401193	_ZN3p2t8Triangle7PointCWERNS_5PointE	todo	p2t::Triangle	PointCW	p2t::Triangle::PointCW(p2t::Point&)
2401228	_ZN3p2t8Triangle8PointCCWERNS_5PointE	todo	p2t::Triangle	PointCCW	p2t::Triangle::PointCCW(p2t::Point&)
2401263	_ZN3p2t8Triangle10NeighborCWERNS_5PointE	todo	p2t::Triangle	NeighborCW	p2t::Triangle::NeighborCW(p2t::Point&)
2401295	_ZN3p2t8Triangle11NeighborCCWERNS_5PointE	todo	p2t::Triangle	NeighborCCW	p2t::Triangle::NeighborCCW(p2t::Point&)
2401327	_ZN3p2t8Triangle21GetConstrainedEdgeCCWERNS_5PointE	todo	p2t::Triangle	GetConstrainedEdgeCCW	p2t::Triangle::GetConstrainedEdgeCCW(p2t::Point&)
2401359	_ZN3p2t8Triangle20GetConstrainedEdgeCWERNS_5PointE	todo	p2t::Triangle	GetConstrainedEdgeCW	p2t::Triangle::GetConstrainedEdgeCW(p2t::Point&)
2401390	_ZN3p2t8Triangle21SetConstrainedEdgeCCWERNS_5PointEb	todo	p2t::Triangle	SetConstrainedEdgeCCW	p2t::Triangle::SetConstrainedEdgeCCW(p2t::Point&, bool)
2401421	_ZN3p2t8Triangle20SetConstrainedEdgeCWERNS_5PointEb	todo	p2t::Triangle	SetConstrainedEdgeCW	p2t::Triangle::SetConstrainedEdgeCW(p2t::Point&, bool)
2401453	_ZN3p2t8Triangle17GetDelunayEdgeCCWERNS_5PointE	todo	p2t::Triangle	GetDelunayEdgeCCW	p2t::Triangle::GetDelunayEdgeCCW(p2t::Point&)
2401485	_ZN3p2t8Triangle16GetDelunayEdgeCWERNS_5PointE	todo	p2t::Triangle	GetDelunayEdgeCW	p2t::Triangle::GetDelunayEdgeCW(p2t::Point&)
2401517	_ZN3p2t8Triangle17SetDelunayEdgeCCWERNS_5PointEb	todo	p2t::Triangle	SetDelunayEdgeCCW	p2t::Triangle::SetDelunayEdgeCCW(p2t::Point&, bool)
2401548	_ZN3p2t8Triangle16SetDelunayEdgeCWERNS_5PointEb	todo	p2t::Triangle	SetDelunayEdgeCW	p2t::Triangle::SetDelunayEdgeCW(p2t::Point&, bool)
2401579	_ZN3p2t8Triangle14NeighborAcrossERNS_5PointE	todo	p2t::Triangle	NeighborAcross	p2t::Triangle::NeighborAcross(p2t::Point&)
2401611	_ZN3p2t8Triangle10DebugPrintEv	todo	p2t::Triangle	DebugPrint	p2t::Triangle::DebugPrint()
2401721	_GLOBAL__sub_I_appdebug_cpp	todo	(free function)	_GLOBAL__sub_I_appdebug_cpp	_GLOBAL__sub_I_appdebug_cpp
2401742	_ZN3p2t14AdvancingFrontC2ERNS_4NodeES2_	todo	p2t::AdvancingFront	AdvancingFront	p2t::AdvancingFront::AdvancingFront(p2t::Node&, p2t::Node&)
2401759	_ZN3p2t14AdvancingFront10LocateNodeERKd	todo	p2t::AdvancingFront	LocateNode	p2t::AdvancingFront::LocateNode(double const&)
2401811	_ZN3p2t14AdvancingFront14FindSearchNodeERKd	todo	p2t::AdvancingFront	FindSearchNode	p2t::AdvancingFront::FindSearchNode(double const&)
2401825	_ZN3p2t14AdvancingFront11LocatePointEPKNS_5PointE	todo	p2t::AdvancingFront	LocatePoint	p2t::AdvancingFront::LocatePoint(p2t::Point const*)
2401904	_ZN3p2t14AdvancingFrontD2Ev	todo	p2t::AdvancingFront	~AdvancingFront	p2t::AdvancingFront::~AdvancingFront()
2402106	_Z9gt_pch_nxR12expr_eval_op	todo	(free function)	gt_pch_nx	gt_pch_nx(expr_eval_op&)
2450766	Tcl_DeleteExitHandler	todo	(free function)	Tcl_DeleteExitHandler	Tcl_DeleteExitHandler
2451283	dollarNormalize	todo	(free function)	dollarNormalize	dollarNormalize
2458857	RemovePendingResizedEvents	todo	(free function)	RemovePendingResizedEvents	RemovePendingResizedEvents
2458889	RemovePendingSizeChangedEvents	todo	(free function)	RemovePendingSizeChangedEvents	RemovePendingSizeChangedEvents
2458922	RemovePendingMoveEvents	todo	(free function)	RemovePendingMoveEvents	RemovePendingMoveEvents
2459296	stdio_size	todo	(free function)	stdio_size	stdio_size
2459354	mem_size	todo	(free function)	mem_size	mem_size
2459372	mem_close	todo	(free function)	mem_close	mem_close
2459400	mem_writeconst	todo	(free function)	mem_writeconst	mem_writeconst
2459424	mem_read	todo	(free function)	mem_read	mem_read
2459508	mem_write	todo	(free function)	mem_write	mem_write
2459566	stdio_close	todo	(free function)	stdio_close	stdio_close
2459631	mem_seek	todo	(free function)	mem_seek	mem_seek
2459703	stdio_write	todo	(free function)	stdio_write	stdio_write
2459764	stdio_read	todo	(free function)	stdio_read	stdio_read
2459825	stdio_seek	todo	(free function)	stdio_seek	stdio_seek
2469560	RenderDrawLinesWithRects	todo	(free function)	RenderDrawLinesWithRects	RenderDrawLinesWithRects
2469743	RenderDrawPointsWithRects	todo	(free function)	RenderDrawPointsWithRects	RenderDrawPointsWithRects
2473442	UpdateLogicalSize	todo	(free function)	UpdateLogicalSize	UpdateLogicalSize
2477253	Color16DitherYV12Mod1X	todo	(free function)	Color16DitherYV12Mod1X	Color16DitherYV12Mod1X
2477462	Color24DitherYV12Mod1X	todo	(free function)	Color24DitherYV12Mod1X	Color24DitherYV12Mod1X
2477703	Color32DitherYV12Mod1X	todo	(free function)	Color32DitherYV12Mod1X	Color32DitherYV12Mod1X
2477912	Color16DitherYV12Mod2X	todo	(free function)	Color16DitherYV12Mod2X	Color16DitherYV12Mod2X
2478135	Color24DitherYV12Mod2X	todo	(free function)	Color24DitherYV12Mod2X	Color24DitherYV12Mod2X
2478444	Color32DitherYV12Mod2X	todo	(free function)	Color32DitherYV12Mod2X	Color32DitherYV12Mod2X
2478675	Color16DitherYUY2Mod1X	todo	(free function)	Color16DitherYUY2Mod1X	Color16DitherYUY2Mod1X
2478813	Color24DitherYUY2Mod1X	todo	(free function)	Color24DitherYUY2Mod1X	Color24DitherYUY2Mod1X
2478978	Color32DitherYUY2Mod1X	todo	(free function)	Color32DitherYUY2Mod1X	Color32DitherYUY2Mod1X
2479118	Color16DitherYUY2Mod2X	todo	(free function)	Color16DitherYUY2Mod2X	Color16DitherYUY2Mod2X
2479267	Color24DitherYUY2Mod2X	todo	(free function)	Color24DitherYUY2Mod2X	Color24DitherYUY2Mod2X
2479454	Color32DitherYUY2Mod2X	todo	(free function)	Color32DitherYUY2Mod2X	Color32DitherYUY2Mod2X
2481573	GL_WindowEvent	todo	(free function)	GL_WindowEvent	GL_WindowEvent
2481605	GL_LockTexture	todo	(free function)	GL_LockTexture	GL_LockTexture
2481673	GL_UpdateClipRect	todo	(free function)	GL_UpdateClipRect	GL_UpdateClipRect
2481725	GL_SetBlendMode	todo	(free function)	GL_SetBlendMode	GL_SetBlendMode
2481837	GL_HandleDebugMessage	todo	(free function)	GL_HandleDebugMessage	GL_HandleDebugMessage
2481981	GL_DestroyRenderer	todo	(free function)	GL_DestroyRenderer	GL_DestroyRenderer
2482266	GL_UpdateViewport	todo	(free function)	GL_UpdateViewport	GL_UpdateViewport
2482512	GL_ActivateRenderer	todo	(free function)	GL_ActivateRenderer	GL_ActivateRenderer
2482617	GL_UnbindTexture	todo	(free function)	GL_UnbindTexture	GL_UnbindTexture
2482666	GL_BindTexture	todo	(free function)	GL_BindTexture	GL_BindTexture
2482751	GL_DestroyTexture	todo	(free function)	GL_DestroyTexture	GL_DestroyTexture
2482826	GL_RenderPresent	todo	(free function)	GL_RenderPresent	GL_RenderPresent
2482846	GL_RenderClear	todo	(free function)	GL_RenderClear	GL_RenderClear
2482888	GL_SetRenderTarget	todo	(free function)	GL_SetRenderTarget	GL_SetRenderTarget
2482951	GL_UpdateTextureYUV	todo	(free function)	GL_UpdateTextureYUV	GL_UpdateTextureYUV
2483237	GL_UpdateTexture	todo	(free function)	GL_UpdateTexture	GL_UpdateTexture
2483661	GL_UnlockTexture	todo	(free function)	GL_UnlockTexture	GL_UnlockTexture
2483733	GL_CreateRenderer	todo	(free function)	GL_CreateRenderer	GL_CreateRenderer
2485001	GL_RenderReadPixels	todo	(free function)	GL_RenderReadPixels	GL_RenderReadPixels
2485328	GL_GetOutputSize	todo	(free function)	GL_GetOutputSize	GL_GetOutputSize
2485350	GL_CreateTexture	todo	(free function)	GL_CreateTexture	GL_CreateTexture
2486517	GL_SetupCopy	todo	(free function)	GL_SetupCopy	GL_SetupCopy
2486705	GL_RenderCopyEx	todo	(free function)	GL_RenderCopyEx	GL_RenderCopyEx
2487056	GL_RenderCopy	todo	(free function)	GL_RenderCopy	GL_RenderCopy
2487343	GL_SetDrawingState	todo	(free function)	GL_SetDrawingState	GL_SetDrawingState
2487418	GL_RenderFillRects	todo	(free function)	GL_RenderFillRects	GL_RenderFillRects
2487610	GL_RenderDrawLines	todo	(free function)	GL_RenderDrawLines	GL_RenderDrawLines
2487944	GL_RenderDrawPoints	todo	(free function)	GL_RenderDrawPoints	GL_RenderDrawPoints
2487993	CompileShader	todo	(free function)	CompileShader	CompileShader
2488087	GL_CreateShaderContext	todo	(free function)	GL_CreateShaderContext	GL_CreateShaderContext
2488431	GL_SelectShader	todo	(free function)	GL_SelectShader	GL_SelectShader
2488452	GL_DestroyShaderContext	todo	(free function)	GL_DestroyShaderContext	GL_DestroyShaderContext
2488509	SW_WindowEvent	todo	(free function)	SW_WindowEvent	SW_WindowEvent
2488534	SW_LockTexture	todo	(free function)	SW_LockTexture	SW_LockTexture
2488567	SW_UnlockTexture	todo	(free function)	SW_UnlockTexture	SW_UnlockTexture
2488583	SW_SetRenderTarget	todo	(free function)	SW_SetRenderTarget	SW_SetRenderTarget
2488615	SW_DestroyRenderer	todo	(free function)	SW_DestroyRenderer	SW_DestroyRenderer
2488638	SW_DestroyTexture	todo	(free function)	SW_DestroyTexture	SW_DestroyTexture
2488655	SW_RenderPresent	todo	(free function)	SW_RenderPresent	SW_RenderPresent
2488680	SW_UpdateClipRect	todo	(free function)	SW_UpdateClipRect	SW_UpdateClipRect
2488730	SW_UpdateViewport	todo	(free function)	SW_UpdateViewport	SW_UpdateViewport
2488763	SW_UpdateTexture	todo	(free function)	SW_UpdateTexture	SW_UpdateTexture
2488873	SW_SetTextureBlendMode	todo	(free function)	SW_SetTextureBlendMode	SW_SetTextureBlendMode
2488893	SW_SetTextureAlphaMod	todo	(free function)	SW_SetTextureAlphaMod	SW_SetTextureAlphaMod
2488911	SW_SetTextureColorMod	todo	(free function)	SW_SetTextureColorMod	SW_SetTextureColorMod
2488933	SW_CreateTexture	todo	(free function)	SW_CreateTexture	SW_CreateTexture
2489019	SW_GetOutputSize	todo	(free function)	SW_GetOutputSize	SW_GetOutputSize
2489149	SW_RenderClear	todo	(free function)	SW_RenderClear	SW_RenderClear
2489264	SW_RenderReadPixels	todo	(free function)	SW_RenderReadPixels	SW_RenderReadPixels
2489470	SW_RenderCopyEx	todo	(free function)	SW_RenderCopyEx	SW_RenderCopyEx
2489950	SW_RenderCopy	todo	(free function)	SW_RenderCopy	SW_RenderCopy
2490128	SW_RenderFillRects	todo	(free function)	SW_RenderFillRects	SW_RenderFillRects
2490576	SW_RenderDrawLines	todo	(free function)	SW_RenderDrawLines	SW_RenderDrawLines
2490881	SW_RenderDrawPoints	todo	(free function)	SW_RenderDrawPoints	SW_RenderDrawPoints
2491185	SW_CreateRendererForSurface	todo	(free function)	SW_CreateRendererForSurface	SW_CreateRendererForSurface
2491307	_Z29get_mask_type_for_scalar_typeP8vec_infoP9tree_nodej	todo	(free function)	get_mask_type_for_scalar_type	get_mask_type_for_scalar_type(vec_info*, tree_node*, unsigned int)
2491339	SDLgfx_rotozoomSurfaceSizeTrig	todo	(free function)	SDLgfx_rotozoomSurfaceSizeTrig	SDLgfx_rotozoomSurfaceSizeTrig
2491978	SDLgfx_rotateSurface	todo	(free function)	SDLgfx_rotateSurface	SDLgfx_rotateSurface
2495517	___asprintf	todo	(free function)	___asprintf	___asprintf
2500269	Map1to1	todo	(free function)	Map1to1	Map1to1
2500426	MapNto1	todo	(free function)	MapNto1	MapNto1
2505429	RecursivelyCalculateShapeTree	todo	(free function)	RecursivelyCalculateShapeTree	RecursivelyCalculateShapeTree
2510860	cmpmodes	todo	(free function)	cmpmodes	cmpmodes
2522892	DUMMY_SetDisplayMode	todo	(free function)	DUMMY_SetDisplayMode	DUMMY_SetDisplayMode
2522910	DUMMY_VideoQuit	todo	(free function)	DUMMY_VideoQuit	DUMMY_VideoQuit
2522925	DUMMY_CreateDevice	todo	(free function)	DUMMY_CreateDevice	DUMMY_CreateDevice
2522968	DUMMY_DeleteDevice	todo	(free function)	DUMMY_DeleteDevice	DUMMY_DeleteDevice
2522983	DUMMY_VideoInit	todo	(free function)	DUMMY_VideoInit	DUMMY_VideoInit
2523033	DUMMY_Available	todo	(free function)	DUMMY_Available	DUMMY_Available
2524963	get_classname	todo	(free function)	get_classname	get_classname
2525537	isMapNotify	todo	(free function)	isMapNotify	isMapNotify
2525567	isUnmapNotify	todo	(free function)	isUnmapNotify	isUnmapNotify
2525597	isConfigureNotify	todo	(free function)	isConfigureNotify	isConfigureNotify
2525626	SetWindowActive	todo	(free function)	SetWindowActive	SetWindowActive
2526473	SetWindowMaximized	todo	(free function)	SetWindowMaximized	SetWindowMaximized
2526784	SetupWindowData	todo	(free function)	SetupWindowData	SetupWindowData
2529489	RunThread	todo	(free function)	RunThread	RunThread
2529804	_ZN3rda6launch7destroyERS0_Pvii	todo	rda::launch	destroy	rda::launch::destroy(rda::launch&, void*, int, int)
2530191	_ZN3rda6launch7destroyERS0_Pvii_0	todo	rda::launch	destroy	rda::launch::destroy(rda::launch&, void*, int, int)
2530392	_ZN3rda6launch7destroyERS0_Pvii_1	todo	rda::launch	destroy	rda::launch::destroy(rda::launch&, void*, int, int)
2530760	MaybeAddDevice	todo	(free function)	MaybeAddDevice	MaybeAddDevice
2531036	JoystickInitWithoutUdev	todo	(free function)	JoystickInitWithoutUdev	JoystickInitWithoutUdev
2531074	HandleInputEvents	todo	(free function)	HandleInputEvents	HandleInputEvents
2532375	EV_IsHaptic	todo	(free function)	EV_IsHaptic	EV_IsHaptic
2532474	EV_IsMouse	todo	(free function)	EV_IsMouse	EV_IsMouse
2534414	next_string	todo	(free function)	next_string	next_string
2534483	int_string	todo	(free function)	int_string	int_string
2534528	open_acpi_file	todo	(free function)	open_acpi_file	open_acpi_file
2534597	check_proc_acpi_ac_adapter	todo	(free function)	check_proc_acpi_ac_adapter	check_proc_acpi_ac_adapter
2534761	check_proc_acpi_battery	todo	(free function)	check_proc_acpi_battery	check_proc_acpi_battery
2537095	debug_print	todo	(free function)	debug_print	debug_print
2537413	debug_print_0	todo	(free function)	debug_print_0	debug_print_0
2539483	_ZN2v84base2OS8SNPrintFEPciPKcz_0	todo	v8::base::OS	SNPrintF	v8::base::OS::SNPrintF(char*, int, char const*, ...)
2540688	add_audio_device	todo	(free function)	add_audio_device	add_audio_device
2540837	close_audio_device	todo	(free function)	close_audio_device	close_audio_device
2541053	open_audio_device	todo	(free function)	open_audio_device	open_audio_device
2599294	IMA_ADPCM_nibble	todo	(free function)	IMA_ADPCM_nibble	IMA_ADPCM_nibble
2631514	copy_opaque_16	todo	(free function)	copy_opaque_16	copy_opaque_16
2631601	uncopy_opaque_16	todo	(free function)	uncopy_opaque_16	uncopy_opaque_16
2631689	copy_transl_565	todo	(free function)	copy_transl_565	copy_transl_565
2631769	copy_transl_555	todo	(free function)	copy_transl_555	copy_transl_555
2631849	uncopy_transl_16	todo	(free function)	uncopy_transl_16	uncopy_transl_16
2631942	copy_32	todo	(free function)	copy_32	copy_32
2632017	uncopy_32	todo	(free function)	uncopy_32	uncopy_32
2632101	getpix_8	todo	(free function)	getpix_8	getpix_8
2632119	getpix_16	todo	(free function)	getpix_16	getpix_16
2632137	getpix_24	todo	(free function)	getpix_24	getpix_24
2632161	getpix_32	todo	(free function)	getpix_32	getpix_32
2640794	BlitBto1	todo	(free function)	BlitBto1	BlitBto1
2640939	BlitBto2	todo	(free function)	BlitBto2	BlitBto2
2641031	BlitBto3	todo	(free function)	BlitBto3	BlitBto3
2641142	BlitBto4	todo	(free function)	BlitBto4	BlitBto4
2641234	BlitBto1Key	todo	(free function)	BlitBto1Key	BlitBto1Key
2641395	BlitBto2Key	todo	(free function)	BlitBto2Key	BlitBto2Key
2641500	BlitBto4Key	todo	(free function)	BlitBto4Key	BlitBto4Key
2641605	BlitBtoNAlpha	todo	(free function)	BlitBtoNAlpha	BlitBtoNAlpha
2641997	BlitBtoNAlphaKey	todo	(free function)	BlitBtoNAlphaKey	BlitBtoNAlphaKey
2642396	BlitBto3Key	todo	(free function)	BlitBto3Key	BlitBto3Key
2642600	Blit1to1	todo	(free function)	Blit1to1	Blit1to1
2642770	Blit1to2	todo	(free function)	Blit1to2	Blit1to2
2642940	Blit1to3	todo	(free function)	Blit1to3	Blit1to3
2643225	Blit1to4	todo	(free function)	Blit1to4	Blit1to4
2643400	Blit1to1Key	todo	(free function)	Blit1to1Key	Blit1to1Key
2643822	Blit1to2Key	todo	(free function)	Blit1to2Key	Blit1to2Key
2644054	Blit1to3Key	todo	(free function)	Blit1to3Key	Blit1to3Key
2644369	Blit1to4Key	todo	(free function)	Blit1to4Key	Blit1to4Key
2644601	Blit1toNAlpha	todo	(free function)	Blit1toNAlpha	Blit1toNAlpha
2645764	Blit1toNAlphaKey	todo	(free function)	Blit1toNAlphaKey	Blit1toNAlphaKey
2648038	BlitNto1SurfaceAlpha	todo	(free function)	BlitNto1SurfaceAlpha	BlitNto1SurfaceAlpha
2648706	BlitNto1PixelAlpha	todo	(free function)	BlitNto1PixelAlpha	BlitNto1PixelAlpha
2649618	BlitNto1SurfaceAlphaKey	todo	(free function)	BlitNto1SurfaceAlphaKey	BlitNto1SurfaceAlphaKey
2650896	BlitRGBtoRGBSurfaceAlpha	todo	(free function)	BlitRGBtoRGBSurfaceAlpha	BlitRGBtoRGBSurfaceAlpha
2651242	BlitRGBtoRGBPixelAlpha	todo	(free function)	BlitRGBtoRGBPixelAlpha	BlitRGBtoRGBPixelAlpha
2651577	Blit16to16SurfaceAlpha128	todo	(free function)	Blit16to16SurfaceAlpha128	Blit16to16SurfaceAlpha128
2651943	Blit565to565SurfaceAlpha	todo	(free function)	Blit565to565SurfaceAlpha	Blit565to565SurfaceAlpha
2652116	Blit555to555SurfaceAlpha	todo	(free function)	Blit555to555SurfaceAlpha	Blit555to555SurfaceAlpha
2652289	BlitARGBto565PixelAlpha	todo	(free function)	BlitARGBto565PixelAlpha	BlitARGBto565PixelAlpha
2652629	BlitARGBto555PixelAlpha	todo	(free function)	BlitARGBto555PixelAlpha	BlitARGBto555PixelAlpha
2652969	BlitNtoNSurfaceAlpha	todo	(free function)	BlitNtoNSurfaceAlpha	BlitNtoNSurfaceAlpha
2654438	BlitNtoNSurfaceAlphaKey	todo	(free function)	BlitNtoNSurfaceAlphaKey	BlitNtoNSurfaceAlphaKey
2655854	BlitNtoNPixelAlpha	todo	(free function)	BlitNtoNPixelAlpha	BlitNtoNPixelAlpha
2657309	BlitRGBtoRGBSurfaceAlphaMMX	todo	(free function)	BlitRGBtoRGBSurfaceAlphaMMX	BlitRGBtoRGBSurfaceAlphaMMX
2657584	Blit565to565SurfaceAlphaMMX	todo	(free function)	Blit565to565SurfaceAlphaMMX	Blit565to565SurfaceAlphaMMX
2657840	Blit555to555SurfaceAlphaMMX	todo	(free function)	Blit555to555SurfaceAlphaMMX	Blit555to555SurfaceAlphaMMX
2658099	BlitRGBtoRGBPixelAlphaMMX	todo	(free function)	BlitRGBtoRGBPixelAlphaMMX	BlitRGBtoRGBPixelAlphaMMX
2658394	BlitRGBtoRGBPixelAlphaMMX3DNOW	todo	(free function)	BlitRGBtoRGBPixelAlphaMMX3DNOW	BlitRGBtoRGBPixelAlphaMMX3DNOW
2658957	Blit_RGB888_index8	todo	(free function)	Blit_RGB888_index8	Blit_RGB888_index8
2659416	Blit_RGB101010_index8	todo	(free function)	Blit_RGB101010_index8	Blit_RGB101010_index8
2659875	Blit_RGB888_RGB555	todo	(free function)	Blit_RGB888_RGB555	Blit_RGB888_RGB555
2660134	Blit_RGB888_RGB565	todo	(free function)	Blit_RGB888_RGB565	Blit_RGB888_RGB565
2660393	Blit_RGB565_32	todo	(free function)	Blit_RGB565_32	Blit_RGB565_32
2660635	Blit_RGB565_ARGB8888	todo	(free function)	Blit_RGB565_ARGB8888	Blit_RGB565_ARGB8888
2660651	Blit_RGB565_ABGR8888	todo	(free function)	Blit_RGB565_ABGR8888	Blit_RGB565_ABGR8888
2660667	Blit_RGB565_RGBA8888	todo	(free function)	Blit_RGB565_RGBA8888	Blit_RGB565_RGBA8888
2660683	Blit_RGB565_BGRA8888	todo	(free function)	Blit_RGB565_BGRA8888	Blit_RGB565_BGRA8888
2660699	BlitNto1	todo	(free function)	BlitNto1	BlitNto1
2662430	Blit4to4MaskAlpha	todo	(free function)	Blit4to4MaskAlpha	Blit4to4MaskAlpha
2662794	Blit4to4CopyAlpha	todo	(free function)	Blit4to4CopyAlpha	Blit4to4CopyAlpha
2662958	BlitNtoN	todo	(free function)	BlitNtoN	BlitNtoN
2664664	BlitNtoNCopyAlpha	todo	(free function)	BlitNtoNCopyAlpha	BlitNtoNCopyAlpha
2664988	BlitNto1Key	todo	(free function)	BlitNto1Key	BlitNto1Key
2666843	Blit2to2Key	todo	(free function)	Blit2to2Key	Blit2to2Key
2667091	BlitNtoNKey	todo	(free function)	BlitNtoNKey	BlitNtoNKey
2668855	BlitNtoNKeyCopyAlpha	todo	(free function)	BlitNtoNKeyCopyAlpha	BlitNtoNKeyCopyAlpha
2670698	Blit2101010toN	todo	(free function)	Blit2101010toN	Blit2101010toN
2671901	BlitNto2101010	todo	(free function)	BlitNto2101010	BlitNto2101010
2707367	DUMMY_PumpEvents	todo	(free function)	DUMMY_PumpEvents	DUMMY_PumpEvents
2707599	DISKAUD_GetDeviceBuf	todo	(free function)	DISKAUD_GetDeviceBuf	DISKAUD_GetDeviceBuf
2707616	DISKAUD_Init	todo	(free function)	DISKAUD_Init	DISKAUD_Init
2707638	DISKAUD_CloseDevice	todo	(free function)	DISKAUD_CloseDevice	DISKAUD_CloseDevice
2707677	DISKAUD_PlayDevice	todo	(free function)	DISKAUD_PlayDevice	DISKAUD_PlayDevice
2707718	DISKAUD_WaitDevice	todo	(free function)	DISKAUD_WaitDevice	DISKAUD_WaitDevice
2707735	DISKAUD_OpenDevice	todo	(free function)	DISKAUD_OpenDevice	DISKAUD_OpenDevice
2707882	DUMMYAUD_OpenDevice	todo	(free function)	DUMMYAUD_OpenDevice	DUMMYAUD_OpenDevice
2707901	DUMMYAUD_Init	todo	(free function)	DUMMYAUD_Init	DUMMYAUD_Init
2707919	DSP_GetDeviceBuf	todo	(free function)	DSP_GetDeviceBuf	DSP_GetDeviceBuf
2707936	DSP_Init	todo	(free function)	DSP_Init	DSP_Init
2707958	DSP_CloseDevice	todo	(free function)	DSP_CloseDevice	DSP_CloseDevice
2708004	DSP_DetectDevices	todo	(free function)	DSP_DetectDevices	DSP_DetectDevices
2708020	DSP_PlayDevice	todo	(free function)	DSP_PlayDevice	DSP_PlayDevice
2708057	DSP_OpenDevice	todo	(free function)	DSP_OpenDevice	DSP_OpenDevice
2723317	shm_errhandler	todo	(free function)	shm_errhandler	shm_errhandler
2728980	test_stub	todo	(free function)	test_stub	test_stub
2729290	unwindstack	todo	(free function)	unwindstack	unwindstack
2729327	err_unwind	todo	(free function)	err_unwind	err_unwind
2729955	err_msgv	todo	(free function)	err_msgv	err_msgv
2730332	err_argmsg	todo	(free function)	err_argmsg	err_argmsg
2731495	func_newL	todo	(free function)	func_newL	func_newL
2731965	debug_framepc_isra_4_part_5	todo	(free function)	debug_framepc_isra_4_part_5	debug_framepc_isra_4_part_5
2732107	debug_putchunkname_isra_6	todo	(free function)	debug_putchunkname_isra_6	debug_putchunkname_isra_6
2732220	debug_varname_isra_7	todo	(free function)	debug_varname_isra_7	debug_varname_isra_7
2732328	debug_localname_isra_8	todo	(free function)	debug_localname_isra_8	debug_localname_isra_8
2732600	debug_frameline	todo	(free function)	debug_frameline	debug_frameline
2734468	stack_init	todo	(free function)	stack_init	stack_init
2734506	resizestack	todo	(free function)	resizestack	resizestack
2734582	close_state	todo	(free function)	close_state	close_state
2734649	cpfinalize	todo	(free function)	cpfinalize	cpfinalize
2734668	cpluaopen	todo	(free function)	cpluaopen	cpluaopen
2735183	callhook	todo	(free function)	callhook	callhook
2735251	cur_topslot_isra_0	todo	(free function)	cur_topslot_isra_0	cur_topslot_isra_0
2735324	setptmode	todo	(free function)	setptmode	setptmode
2735351	setptmode_all_isra_3	todo	(free function)	setptmode_all_isra_3	setptmode_all_isra_3
2738531	___asprintf_0	todo	(free function)	___asprintf_0	___asprintf_0
2738670	nd_mul2k	todo	(free function)	nd_mul2k	nd_mul2k
2738810	nd_add_m10e	todo	(free function)	nd_add_m10e	nd_add_m10e
2740844	cpcall	todo	(free function)	cpcall	cpcall
2740910	index2adr	todo	(free function)	index2adr	index2adr
2740995	copy_slot	todo	(free function)	copy_slot	copy_slot
2745753	profile_signal	todo	(free function)	profile_signal	profile_signal
2746099	lex_more	todo	(free function)	lex_more	lex_more
2746143	lex_skipeq	todo	(free function)	lex_skipeq	lex_skipeq
2746395	lex_newline	todo	(free function)	lex_newline	lex_newline
2746611	lex_longstring	todo	(free function)	lex_longstring	lex_longstring
2746836	lex_number	todo	(free function)	lex_number	lex_number
2747072	lex_scan	todo	(free function)	lex_scan	lex_scan
2748374	gola_findlabel	todo	(free function)	gola_findlabel	gola_findlabel
2748421	lex_opt	todo	(free function)	lex_opt	lex_opt
2748446	fs_init	todo	(free function)	fs_init	fs_init
2748508	const_gc	todo	(free function)	const_gc	const_gc
2748552	const_num	todo	(free function)	const_num	const_num
2748588	err_token	todo	(free function)	err_token	err_token
2748609	lex_str	todo	(free function)	lex_str	lex_str
2748639	lex_check	todo	(free function)	lex_check	lex_check
2748659	jmp_novalue_isra_8	todo	(free function)	jmp_novalue_isra_8	jmp_novalue_isra_8
2748714	jmp_patchtestreg_isra_9	todo	(free function)	jmp_patchtestreg_isra_9	jmp_patchtestreg_isra_9
2748794	jmp_dropval	todo	(free function)	jmp_dropval	jmp_dropval
2748834	expr_free_isra_11	todo	(free function)	expr_free_isra_11	expr_free_isra_11
2748859	jmp_patchins_isra_22	todo	(free function)	jmp_patchins_isra_22	jmp_patchins_isra_22
2748885	jmp_patchval	todo	(free function)	jmp_patchval	jmp_patchval
2748956	jmp_append	todo	(free function)	jmp_append	jmp_append
2749006	jmp_tohere	todo	(free function)	jmp_tohere	jmp_tohere
2749023	jmp_patch	todo	(free function)	jmp_patch	jmp_patch
2749045	gola_close_isra_24	todo	(free function)	gola_close_isra_24	gola_close_isra_24
2749088	bcemit_INS	todo	(free function)	bcemit_INS	bcemit_INS
2749172	bcemit_nil	todo	(free function)	bcemit_nil	bcemit_nil
2749272	bcemit_jmp	todo	(free function)	bcemit_jmp	bcemit_jmp
2749328	var_new	todo	(free function)	var_new	var_new
2749412	var_lookup_	todo	(free function)	var_lookup_	var_lookup_
2749597	synlevel_begin	todo	(free function)	synlevel_begin	synlevel_begin
2749623	gola_new	todo	(free function)	gola_new	gola_new
2749704	parse_break	todo	(free function)	parse_break	parse_break
2749729	gola_resolve_isra_31	todo	(free function)	gola_resolve_isra_31	gola_resolve_isra_31
2749813	parse_label	todo	(free function)	parse_label	parse_label
2749903	lex_match	todo	(free function)	lex_match	lex_match
2749965	gola_fixup	todo	(free function)	gola_fixup	gola_fixup
2750129	fscope_end	todo	(free function)	fscope_end	fscope_end
2750225	fs_finish	todo	(free function)	fs_finish	fs_finish
2750860	bcreg_reserve	todo	(free function)	bcreg_reserve	bcreg_reserve
2750890	expr_discharge	todo	(free function)	expr_discharge	expr_discharge
2751028	expr_toreg_nobranch	todo	(free function)	expr_toreg_nobranch	expr_toreg_nobranch
2751187	expr_toreg	todo	(free function)	expr_toreg	expr_toreg
2751314	bcemit_branch	todo	(free function)	bcemit_branch	bcemit_branch
2751403	expr_tonextreg	todo	(free function)	expr_tonextreg	expr_tonextreg
2751440	assign_adjust_isra_34	todo	(free function)	assign_adjust_isra_34	assign_adjust_isra_34
2751537	expr_toanyreg	todo	(free function)	expr_toanyreg	expr_toanyreg
2751590	expr_index_isra_33	todo	(free function)	expr_index_isra_33	expr_index_isra_33
2751662	expr_field	todo	(free function)	expr_field	expr_field
2751711	expr_toval	todo	(free function)	expr_toval	expr_toval
2751732	bcemit_store	todo	(free function)	bcemit_store	bcemit_store
2751910	bcemit_branch_t	todo	(free function)	bcemit_branch_t	bcemit_branch_t
2752037	parse_body	todo	(free function)	parse_body	parse_body
2752271	expr_binop	todo	(free function)	expr_binop	expr_binop
2753283	expr_next	todo	(free function)	expr_next	expr_next
2753307	expr_list	todo	(free function)	expr_list	expr_list
2753352	expr_cond	todo	(free function)	expr_cond	expr_cond
2753387	expr_bracket	todo	(free function)	expr_bracket	expr_bracket
2753422	expr_table	todo	(free function)	expr_table	expr_table
2753994	parse_args	todo	(free function)	parse_args	parse_args
2754153	expr_primary	todo	(free function)	expr_primary	expr_primary
2754372	parse_assignment	todo	(free function)	parse_assignment	parse_assignment
2754571	parse_chunk	todo	(free function)	parse_chunk	parse_chunk
2755702	parse_block	todo	(free function)	parse_block	parse_block
2755739	parse_then	todo	(free function)	parse_then	parse_then
2755899	reader_string	todo	(free function)	reader_string	reader_string
2755923	reader_file	todo	(free function)	reader_file	reader_file
2755974	cpparser	todo	(free function)	cpparser	cpparser
2756388	trace_exit_cp	todo	(free function)	trace_exit_cp	trace_exit_cp
2756410	trace_flushroot_isra_6	todo	(free function)	trace_flushroot_isra_6	trace_flushroot_isra_6
2757006	trace_start	todo	(free function)	trace_start	trace_start
2757319	trace_state	todo	(free function)	trace_state	trace_state
2758570	ctype_prepstr	todo	(free function)	ctype_prepstr	ctype_prepstr
2758623	ctype_prepqual	todo	(free function)	ctype_prepqual	ctype_prepqual
2758673	ctype_preptype	todo	(free function)	ctype_preptype	ctype_preptype
2761285	CALL_MUNMAP	todo	(free function)	CALL_MUNMAP	CALL_MUNMAP
2761321	release_unused_segments	todo	(free function)	release_unused_segments	release_unused_segments
2761639	mmap_probe	todo	(free function)	mmap_probe	mmap_probe
2761814	mmap_map32	todo	(free function)	mmap_map32	mmap_map32
2764405	panic	todo	(free function)	panic	panic
2764443	emptybuffer	todo	(free function)	emptybuffer	emptybuffer
2764482	adjuststack	todo	(free function)	adjuststack	adjuststack
2765681	ffi_checkctype	todo	(free function)	ffi_checkctype	ffi_checkctype
2766017	ffi_checkptr	todo	(free function)	ffi_checkptr	ffi_checkptr
2766059	ffi_checkint	todo	(free function)	ffi_checkint	ffi_checkint
2767196	ffi_arith	todo	(free function)	ffi_arith	ffi_arith
2767359	ffi_index_meta	todo	(free function)	ffi_index_meta	ffi_index_meta
2767672	ffi_clib_index	todo	(free function)	ffi_clib_index	ffi_clib_index
2767861	ffi_checkcdata_constprop_11	todo	(free function)	ffi_checkcdata_constprop_11	ffi_checkcdata_constprop_11
2768221	ffi_pairs	todo	(free function)	ffi_pairs	ffi_pairs
2768320	ffi_callback_set	todo	(free function)	ffi_callback_set	ffi_callback_set
2768540	luaopen_ffi	todo	(free function)	luaopen_ffi	luaopen_ffi
2775145	sub_C9A531	todo	(free function)	sub_C9A531	sub_C9A531
2775363	gc_sweep	todo	(free function)	gc_sweep	gc_sweep
2775454	gc_mark	todo	(free function)	gc_mark	gc_mark
2775538	gc_mark_gcroot	todo	(free function)	gc_mark_gcroot	gc_mark_gcroot
2775584	gc_call_finalizer	todo	(free function)	gc_call_finalizer	gc_call_finalizer
2775648	gc_finalize	todo	(free function)	gc_finalize	gc_finalize
2775759	gc_mayclear	todo	(free function)	gc_mayclear	gc_mayclear
2775807	gc_traverse_trace_part_4	todo	(free function)	gc_traverse_trace_part_4	gc_traverse_trace_part_4
2775951	propagatemark	todo	(free function)	propagatemark	propagatemark
2776487	gc_propagate_gray	todo	(free function)	gc_propagate_gray	gc_propagate_gray
2776617	gc_onestep	todo	(free function)	gc_onestep	gc_onestep
2777690	buf_grow	todo	(free function)	buf_grow	buf_grow
2778569	hashkey	todo	(free function)	hashkey	hashkey
2778635	newtab	todo	(free function)	newtab	newtab
2778746	countint_part_8	todo	(free function)	countint_part_8	countint_part_8
2779977	rehashtab	todo	(free function)	rehashtab	rehashtab
2780674	str2num	todo	(free function)	str2num	str2num
2783635	bcread_ktabk	todo	(free function)	bcread_ktabk	bcread_ktabk
2783711	bcread_error_isra_10	todo	(free function)	bcread_error_isra_10	bcread_error_isra_10
2783757	bcread_fill	todo	(free function)	bcread_fill	bcread_fill
2784752	bcwrite_ktabk	todo	(free function)	bcwrite_ktabk	bcwrite_ktabk
2784876	bcwrite_proto	todo	(free function)	bcwrite_proto	bcwrite_proto
2785501	cpwriter	todo	(free function)	cpwriter	cpwriter
2785660	dce_propagate	todo	(free function)	dce_propagate	dce_propagate
2785867	cploop_opt	todo	(free function)	cploop_opt	cploop_opt
2786834	sink_phidep	todo	(free function)	sink_phidep	sink_phidep
2786899	sink_checkalloc_isra_0	todo	(free function)	sink_checkalloc_isra_0	sink_checkalloc_isra_0
2786952	sink_checkphi	todo	(free function)	sink_checkphi	sink_checkphi
2787470	mcode_protect	todo	(free function)	mcode_protect	mcode_protect
2787514	mcode_allocarea	todo	(free function)	mcode_allocarea	mcode_allocarea
2787883	snap_restoredata	todo	(free function)	snap_restoredata	snap_restoredata
2788062	snap_restoreval	todo	(free function)	snap_restoreval	snap_restoreval
2788243	snap_replay_const	todo	(free function)	snap_replay_const	snap_replay_const
2788313	snap_sunk_store2_isra_8	todo	(free function)	snap_sunk_store2_isra_8	snap_sunk_store2_isra_8
2788363	snap_pref_isra_9	todo	(free function)	snap_pref_isra_9	snap_pref_isra_9
2788441	snap_usedef_isra_10_part_11	todo	(free function)	snap_usedef_isra_10_part_11	snap_usedef_isra_10_part_11
2790772	fori_load	todo	(free function)	fori_load	fori_load
2790830	sload	todo	(free function)	sload	sload
2790906	rec_iterl	todo	(free function)	rec_iterl	rec_iterl
2790980	rec_comp_prep	todo	(free function)	rec_comp_prep	rec_comp_prep
2791015	rec_func_setup	todo	(free function)	rec_func_setup	rec_func_setup
2791063	rec_idx_abc	todo	(free function)	rec_idx_abc	rec_idx_abc
2791203	find_kinit	todo	(free function)	find_kinit	find_kinit
2791347	rec_mm_prep	todo	(free function)	rec_mm_prep	rec_mm_prep
2791408	rec_comp_fixup	todo	(free function)	rec_comp_fixup	rec_comp_fixup
2791447	rec_for_check	todo	(free function)	rec_for_check	rec_for_check
2791624	rec_for_loop	todo	(free function)	rec_for_loop	rec_for_loop
2791832	rec_for	todo	(free function)	rec_for	rec_for
2792295	rec_upvalue	todo	(free function)	rec_upvalue	rec_upvalue
2792753	rec_loop_interp	todo	(free function)	rec_loop_interp	rec_loop_interp
2792869	rec_loop_jit	todo	(free function)	rec_loop_jit	rec_loop_jit
2792916	check_call_unroll	todo	(free function)	check_call_unroll	check_call_unroll
2794142	rec_call_setup	todo	(free function)	rec_call_setup	rec_call_setup
2794459	rec_mm_callcomp	todo	(free function)	rec_mm_callcomp	rec_mm_callcomp
2794506	rec_mm_arith	todo	(free function)	rec_mm_arith	rec_mm_arith
2794600	rec_cat	todo	(free function)	rec_cat	rec_cat
2798423	recff_assert	todo	(free function)	recff_assert	recff_assert
2798438	recff_type	todo	(free function)	recff_type	recff_type
2798473	recff_debug_getmetatable	todo	(free function)	recff_debug_getmetatable	recff_debug_getmetatable
2798595	recff_table_clear	todo	(free function)	recff_table_clear	recff_table_clear
2798628	recff_bufhdr	todo	(free function)	recff_bufhdr	recff_bufhdr
2798651	recff_io_fp	todo	(free function)	recff_io_fp	recff_io_fp
2798747	recff_io_flush	todo	(free function)	recff_io_flush	recff_io_flush
2798805	recff_io_write	todo	(free function)	recff_io_write	recff_io_write
2798982	recff_string_op	todo	(free function)	recff_string_op	recff_string_op
2799033	recff_table_new	todo	(free function)	recff_table_new	recff_table_new
2799076	recff_table_concat	todo	(free function)	recff_table_concat	recff_table_concat
2799220	recff_rawset	todo	(free function)	recff_rawset	recff_rawset
2799279	recff_rawget	todo	(free function)	recff_rawget	recff_rawget
2799335	recff_ipairs_aux	todo	(free function)	recff_ipairs_aux	recff_ipairs_aux
2799429	recff_math_ldexp	todo	(free function)	recff_math_ldexp	recff_math_ldexp
2799468	recff_math_atan2	todo	(free function)	recff_math_atan2	recff_math_atan2
2799507	recff_math_modf	todo	(free function)	recff_math_modf	recff_math_modf
2799572	recff_math_htrig	todo	(free function)	recff_math_htrig	recff_math_htrig
2799608	recff_math_unary	todo	(free function)	recff_math_unary	recff_math_unary
2799643	recff_math_round	todo	(free function)	recff_math_round	recff_math_round
2799687	argv2int	todo	(free function)	argv2int	argv2int
2799734	recff_string_rep	todo	(free function)	recff_string_rep	recff_string_rep
2799888	recff_bit_tohex	todo	(free function)	recff_bit_tohex	recff_bit_tohex
2799929	recff_bit_tobit	todo	(free function)	recff_bit_tobit	recff_bit_tobit
2799959	recff_math_random	todo	(free function)	recff_math_random	recff_math_random
2800085	recff_math_log	todo	(free function)	recff_math_log	recff_math_log
2800162	recff_math_atrig	todo	(free function)	recff_math_atrig	recff_math_atrig
2800240	recff_math_minmax	todo	(free function)	recff_math_minmax	recff_math_minmax
2800341	recff_math_pow	todo	(free function)	recff_math_pow	recff_math_pow
2800363	recff_math_abs	todo	(free function)	recff_math_abs	recff_math_abs
2800401	recff_xpcall_cp	todo	(free function)	recff_xpcall_cp	recff_xpcall_cp
2800421	recff_pcall	todo	(free function)	recff_pcall	recff_pcall
2800449	recff_setmetatable	todo	(free function)	recff_setmetatable	recff_setmetatable
2800558	recff_getmetatable	todo	(free function)	recff_getmetatable	recff_getmetatable
2800614	recff_metacall_cp	todo	(free function)	recff_metacall_cp	recff_metacall_cp
2800633	recff_rawequal	todo	(free function)	recff_rawequal	recff_rawequal
2800675	recff_nyi	todo	(free function)	recff_nyi	recff_nyi
2800832	recff_table_insert	todo	(free function)	recff_table_insert	recff_table_insert
2800923	recff_tonumber	todo	(free function)	recff_tonumber	recff_tonumber
2801037	recff_string_start_isra_7	todo	(free function)	recff_string_start_isra_7	recff_string_start_isra_7
2801152	recff_string_char	todo	(free function)	recff_string_char	recff_string_char
2801247	argv2str	todo	(free function)	argv2str	argv2str
2801283	recff_string_range	todo	(free function)	recff_string_range	recff_string_range
2801635	recff_string_format	todo	(free function)	recff_string_format	recff_string_format
2801929	recff_string_find	todo	(free function)	recff_string_find	recff_string_find
2802205	recff_bit_nary	todo	(free function)	recff_bit_nary	recff_bit_nary
2802276	recff_bit_shift	todo	(free function)	recff_bit_shift	recff_bit_shift
2802328	recff_bit_unary	todo	(free function)	recff_bit_unary	recff_bit_unary
2802372	recff_xpcall	todo	(free function)	recff_xpcall	recff_xpcall
2802434	recff_metacall_isra_14	todo	(free function)	recff_metacall_isra_14	recff_metacall_isra_14
2802517	recff_xpairs	todo	(free function)	recff_xpairs	recff_xpairs
2802599	recff_tostring	todo	(free function)	recff_tostring	recff_tostring
2802695	recff_getfenv	todo	(free function)	recff_getfenv	recff_getfenv
2802840	recff_select	todo	(free function)	recff_select	recff_select
2803008	asm_swapops	todo	(free function)	asm_swapops	asm_swapops
2803071	asm_tail_fixup	todo	(free function)	asm_tail_fixup	asm_tail_fixup
2803164	asm_x86_inslen	todo	(free function)	asm_x86_inslen	asm_x86_inslen
2803387	asm_guardcc	todo	(free function)	asm_guardcc	asm_guardcc
2803445	asm_mclimit	todo	(free function)	asm_mclimit	asm_mclimit
2803463	emit_mrm	todo	(free function)	emit_mrm	emit_mrm
2803689	emit_rr_isra_5	todo	(free function)	emit_rr_isra_5	emit_rr_isra_5
2803773	emit_rmro_isra_6	todo	(free function)	emit_rmro_isra_6	emit_rmro_isra_6
2803918	emit_movmroi	todo	(free function)	emit_movmroi	emit_movmroi
2803940	emit_gri_isra_8	todo	(free function)	emit_gri_isra_8	emit_gri_isra_8
2804001	emit_loadi	todo	(free function)	emit_loadi	emit_loadi
2804043	emit_loadu64	todo	(free function)	emit_loadu64	emit_loadu64
2804098	emit_rma_isra_10	todo	(free function)	emit_rma_isra_10	emit_rma_isra_10
2804177	emit_loadk64	todo	(free function)	emit_loadk64	emit_loadk64
2804228	ra_rematk	todo	(free function)	ra_rematk	ra_rematk
2804309	asm_stack_check	todo	(free function)	asm_stack_check	asm_stack_check
2804465	emit_call_	todo	(free function)	emit_call_	emit_call_
2804516	emit_movrr	todo	(free function)	emit_movrr	emit_movrr
2804550	emit_storeofs_isra_20	todo	(free function)	emit_storeofs_isra_20	emit_storeofs_isra_20
2804589	ra_save	todo	(free function)	ra_save	ra_save
2804606	emit_addptr	todo	(free function)	emit_addptr	emit_addptr
2804642	asm_collectargs_isra_25	todo	(free function)	asm_collectargs_isra_25	asm_collectargs_isra_25
2804690	asm_callx_flags_isra_26	todo	(free function)	asm_callx_flags_isra_26	asm_callx_flags_isra_26
2804746	noconflict_isra_29	todo	(free function)	noconflict_isra_29	noconflict_isra_29
2804798	asm_setup_call_slots	todo	(free function)	asm_setup_call_slots	asm_setup_call_slots
2804900	ra_spill	todo	(free function)	ra_spill	ra_spill
2804960	ra_addrename_isra_41	todo	(free function)	ra_addrename_isra_41	ra_addrename_isra_41
2804999	ra_rename	todo	(free function)	ra_rename	ra_rename
2805076	emit_gmroi_constprop_44	todo	(free function)	emit_gmroi_constprop_44	emit_gmroi_constprop_44
2805114	asm_isk32_isra_27	todo	(free function)	asm_isk32_isra_27	asm_isk32_isra_27
2805153	emit_loadofs_isra_18	todo	(free function)	emit_loadofs_isra_18	emit_loadofs_isra_18
2805192	ra_restore	todo	(free function)	ra_restore	ra_restore
2805261	ra_evict	todo	(free function)	ra_evict	ra_evict
2805521	ra_allocref	todo	(free function)	ra_allocref	ra_allocref
2805636	ra_alloc1	todo	(free function)	ra_alloc1	ra_alloc1
2805664	asm_fusestrref	todo	(free function)	asm_fusestrref	asm_fusestrref
2805746	asm_fusexref	todo	(free function)	asm_fusexref	asm_fusexref
2805918	asm_fusearef	todo	(free function)	asm_fusearef	asm_fusearef
2806030	asm_fuseahuref	todo	(free function)	asm_fuseahuref	asm_fuseahuref
2806121	asm_fusefref	todo	(free function)	asm_fusefref	asm_fusefref
2806168	asm_tvptr	todo	(free function)	asm_tvptr	asm_tvptr
2806284	asm_fxstore	todo	(free function)	asm_fxstore	asm_fxstore
2806483	asm_fuseload	todo	(free function)	asm_fuseload	asm_fuseload
2806752	asm_fuseloadm	todo	(free function)	asm_fuseloadm	asm_fuseloadm
2806781	asm_comp	todo	(free function)	asm_comp	asm_comp
2807338	asm_x87load	todo	(free function)	asm_x87load	asm_x87load
2807432	asm_gencall	todo	(free function)	asm_gencall	asm_gencall
2807636	asm_snap_alloc1	todo	(free function)	asm_snap_alloc1	asm_snap_alloc1
2807855	asm_snap_alloc	todo	(free function)	asm_snap_alloc	asm_snap_alloc
2807914	asm_snap_prep	todo	(free function)	asm_snap_prep	asm_snap_prep
2808027	ra_left	todo	(free function)	ra_left	ra_left
2808170	asm_phi_break	todo	(free function)	asm_phi_break	asm_phi_break
2808234	ra_scratch	todo	(free function)	ra_scratch	ra_scratch
2808268	ra_dest	todo	(free function)	ra_dest	ra_dest
2808347	asm_lea	todo	(free function)	asm_lea	asm_lea
2808552	ra_destreg	todo	(free function)	ra_destreg	ra_destreg
2808606	asm_fxload	todo	(free function)	asm_fxload	asm_fxload
2808726	asm_neg_not	todo	(free function)	asm_neg_not	asm_neg_not
2808776	asm_fparith	todo	(free function)	asm_fparith	asm_fparith
2808877	asm_intmin_max	todo	(free function)	asm_intmin_max	asm_intmin_max
2808968	asm_intarith	todo	(free function)	asm_intarith	asm_intarith
2809231	asm_href	todo	(free function)	asm_href	asm_href
2809878	asm_hrefk	todo	(free function)	asm_hrefk	asm_hrefk
2810054	asm_load_lightud64	todo	(free function)	asm_load_lightud64	asm_load_lightud64
2810149	asm_ahuvload	todo	(free function)	asm_ahuvload	asm_ahuvload
2810282	asm_tointg	todo	(free function)	asm_tointg	asm_tointg
2810351	asm_sload	todo	(free function)	asm_sload	asm_sload
2810588	asm_bitshift	todo	(free function)	asm_bitshift	asm_bitshift
2810870	asm_conv	todo	(free function)	asm_conv	asm_conv
2811336	ra_evictset	todo	(free function)	ra_evictset	ra_evictset
2811423	asm_obar	todo	(free function)	asm_obar	asm_obar
2811538	asm_gc_check	todo	(free function)	asm_gc_check	asm_gc_check
2811642	asm_setupresult_isra_39	todo	(free function)	asm_setupresult_isra_39	asm_setupresult_isra_39
2811772	asm_callid	todo	(free function)	asm_callid	asm_callid
2811813	asm_cnew	todo	(free function)	asm_cnew	asm_cnew
2812020	asm_fppowi	todo	(free function)	asm_fppowi	asm_fppowi
2812070	asm_phi_shuffle	todo	(free function)	asm_phi_shuffle	asm_phi_shuffle
2812341	asm_phi_copyspill	todo	(free function)	asm_phi_copyspill	asm_phi_copyspill
2812599	asm_bufhdr	todo	(free function)	asm_bufhdr	asm_bufhdr
2817514	cconv_childqual	todo	(free function)	cconv_childqual	cconv_childqual
2818770	cconv_substruct_tab_isra_10	todo	(free function)	cconv_substruct_tab_isra_10	cconv_substruct_tab_isra_10
2819445	cconv_substruct_init_isra_11	todo	(free function)	cconv_substruct_init_isra_11	cconv_substruct_init_isra_11
2819836	ccall_classify_struct	todo	(free function)	ccall_classify_struct	ccall_classify_struct
2819951	ccall_classify_ct	todo	(free function)	ccall_classify_ct	ccall_classify_ct
2822378	clib_new	todo	(free function)	clib_new	clib_new
2822422	clib_check_lds	todo	(free function)	clib_check_lds	clib_check_lds
2822880	cp_get_bs	todo	(free function)	cp_get_bs	cp_get_bs
2822930	cp_tok2str_isra_10	todo	(free function)	cp_tok2str_isra_10	cp_tok2str_isra_10
2822967	cp_errmsg	todo	(free function)	cp_errmsg	cp_errmsg
2823142	cp_err	todo	(free function)	cp_err	cp_err
2823159	cp_decl_intern	todo	(free function)	cp_decl_intern	cp_decl_intern
2823548	cp_err_badidx	todo	(free function)	cp_err_badidx	cp_err_badidx
2823575	cp_err_token	todo	(free function)	cp_err_token	cp_err_token
2823597	cp_next	todo	(free function)	cp_next	cp_next
2824764	cp_opt	todo	(free function)	cp_opt	cp_opt
2824789	cp_check	todo	(free function)	cp_check	cp_check
2824807	cp_push	todo	(free function)	cp_push	cp_push
2824848	cp_push_type	todo	(free function)	cp_push_type	cp_push_type
2824997	cp_decl_func	todo	(free function)	cp_decl_func	cp_decl_func
2825247	cp_declarator	todo	(free function)	cp_declarator	cp_declarator
2825527	cp_decl_abstract	todo	(free function)	cp_decl_abstract	cp_decl_abstract
2825558	cp_expr_unary	todo	(free function)	cp_expr_unary	cp_expr_unary
2825997	cp_expr_sub	todo	(free function)	cp_expr_sub	cp_expr_sub
2826581	cp_expr_kint	todo	(free function)	cp_expr_kint	cp_expr_kint
2826629	cp_expr_ksize	todo	(free function)	cp_expr_ksize	cp_expr_ksize
2826661	cp_decl_sizeattr	todo	(free function)	cp_decl_sizeattr	cp_decl_sizeattr
2826700	cp_decl_align_isra_15	todo	(free function)	cp_decl_align_isra_15	cp_decl_align_isra_15
2826747	cp_decl_attributes	todo	(free function)	cp_decl_attributes	cp_decl_attributes
2827183	cp_struct_name	todo	(free function)	cp_struct_name	cp_struct_name
2827312	cp_expr_comma	todo	(free function)	cp_expr_comma	cp_expr_comma
2827345	cp_decl_constinit	todo	(free function)	cp_decl_constinit	cp_decl_constinit
2827432	cp_decl_struct	todo	(free function)	cp_decl_struct	cp_decl_struct
2827967	cp_decl_spec	todo	(free function)	cp_decl_spec	cp_decl_spec
2828442	cp_expr_sizeof	todo	(free function)	cp_expr_sizeof	cp_expr_sizeof
2828558	cp_decl_single	todo	(free function)	cp_decl_single	cp_decl_single
2828593	cp_decl_multi	todo	(free function)	cp_decl_multi	cp_decl_multi
2829034	cpcparser	todo	(free function)	cpcparser	cpcparser
2830535	reader_func	todo	(free function)	reader_func	reader_func
2831602	load_aux_part_15	todo	(free function)	load_aux_part_15	load_aux_part_15
2831703	ffh_pairs	todo	(free function)	ffh_pairs	ffh_pairs
2832215	luaopen_base	todo	(free function)	luaopen_base	luaopen_base
2832502	random_init	todo	(free function)	random_init	random_init
2832674	luaopen_math	todo	(free function)	luaopen_math	luaopen_math
2832838	bit_result64	todo	(free function)	bit_result64	bit_result64
2833129	luaopen_bit	todo	(free function)	luaopen_bit	luaopen_bit
2833149	match_class_0	todo	(free function)	match_class_0	match_class_0
2833211	matchbracketclass_0	todo	(free function)	matchbracketclass_0	matchbracketclass_0
2833321	writer_buf	todo	(free function)	writer_buf	writer_buf
2834028	singlematch	todo	(free function)	singlematch	singlematch
2834069	classend_isra_9	todo	(free function)	classend_isra_9	classend_isra_9
2834155	push_onecapture	todo	(free function)	push_onecapture	push_onecapture
2834218	push_captures_0	todo	(free function)	push_captures_0	push_captures_0
2834289	match_1	todo	(free function)	match_1	match_1
2834718	max_expand	todo	(free function)	max_expand	max_expand
2835246	str_find_aux	todo	(free function)	str_find_aux	str_find_aux
2835485	luaopen_string	todo	(free function)	luaopen_string	luaopen_string
2835604	set2	todo	(free function)	set2	set2
2835935	luaopen_table_clear	todo	(free function)	luaopen_table_clear	luaopen_table_clear
2835950	luaopen_table_new	todo	(free function)	luaopen_table_new	luaopen_table_new
2836018	sort_comp	todo	(free function)	sort_comp	sort_comp
2836085	auxsort	todo	(free function)	auxsort	auxsort
2836375	luaopen_table	todo	(free function)	luaopen_table	luaopen_table
2836408	io_file_new	todo	(free function)	io_file_new	io_file_new
2836435	io_file_open	todo	(free function)	io_file_open	io_file_open
2836500	io_std_new	todo	(free function)	io_std_new	io_std_new
2836547	io_stdfile	todo	(free function)	io_stdfile	io_stdfile
2836569	io_file_lines	todo	(free function)	io_file_lines	io_file_lines
2836651	io_file_readline	todo	(free function)	io_file_readline	io_file_readline
2836782	io_file_write	todo	(free function)	io_file_write	io_file_write
2837068	io_file_read	todo	(free function)	io_file_read	io_file_read
2837416	io_file_close_isra_6	todo	(free function)	io_file_close_isra_6	io_file_close_isra_6
2837481	io_file_iter	todo	(free function)	io_file_iter	io_file_iter
2837587	io_tofilep	todo	(free function)	io_tofilep	io_tofilep
2837618	io_tofile	todo	(free function)	io_tofile	io_tofile
2837927	io_std_getset	todo	(free function)	io_std_getset	io_std_getset
2838100	luaopen_io	todo	(free function)	luaopen_io	luaopen_io
2838224	getfield	todo	(free function)	getfield	getfield
2838286	setfield	todo	(free function)	setfield	setfield
2838919	luaopen_os	todo	(free function)	luaopen_os	luaopen_os
2838940	loaderror	todo	(free function)	loaderror	loaderror
2839334	mksymname	todo	(free function)	mksymname	mksymname
2839384	searchpath	todo	(free function)	searchpath	searchpath
2839514	findfile	todo	(free function)	findfile	findfile
2839573	ll_loadfunc	todo	(free function)	ll_loadfunc	ll_loadfunc
2840121	setpath	todo	(free function)	setpath	setpath
2840285	luaopen_package	todo	(free function)	luaopen_package	luaopen_package
2841141	settabsi	todo	(free function)	settabsi	settabsi
2841171	settabss	todo	(free function)	settabss	settabss
2841201	treatstackoption	todo	(free function)	treatstackoption	treatstackoption
2841356	hookf	todo	(free function)	hookf	hookf
2841847	luaopen_bit_0	todo	(free function)	luaopen_bit_0	luaopen_bit_0
2841867	luaopen_jit_util	todo	(free function)	luaopen_jit_util	luaopen_jit_util
2841886	luaopen_jit_profile	todo	(free function)	luaopen_jit_profile	luaopen_jit_profile
2841999	flagbits_to_strings	todo	(free function)	flagbits_to_strings	flagbits_to_strings
2842162	jit_checktrace	todo	(free function)	jit_checktrace	jit_checktrace
2842327	setjitmode	todo	(free function)	setjitmode	setjitmode
2842725	setintfield	todo	(free function)	setintfield	setintfield
2843057	jit_profile_callback	todo	(free function)	jit_profile_callback	jit_profile_callback
2843432	check_Lproto	todo	(free function)	check_Lproto	check_Lproto
2843831	luaopen_jit	todo	(free function)	luaopen_jit	luaopen_jit
2845271	aa_findcnew	todo	(free function)	aa_findcnew	aa_findcnew
2845342	aa_table_isra_1	todo	(free function)	aa_table_isra_1	aa_table_isra_1
2845422	aa_ahref_isra_2	todo	(free function)	aa_ahref_isra_2	aa_ahref_isra_2
2845614	fwd_ahload	todo	(free function)	fwd_ahload	fwd_ahload
2845876	fwd_aa_tab_clear_isra_3	todo	(free function)	fwd_aa_tab_clear_isra_3	fwd_aa_tab_clear_isra_3
2845939	aa_xref_isra_7	todo	(free function)	aa_xref_isra_7	aa_xref_isra_7
2847955	fold_kfold_ldexp	todo	(free function)	fold_kfold_ldexp	fold_kfold_ldexp
2847969	fold_kfold_bnot	todo	(free function)	fold_kfold_bnot	fold_kfold_bnot
2847986	fold_kfold_intcomp	todo	(free function)	fold_kfold_intcomp	fold_kfold_intcomp
2848079	fold_kfold_intcomp0	todo	(free function)	fold_kfold_intcomp0	fold_kfold_intcomp0
2848095	kfold_int64arith	todo	(free function)	kfold_int64arith	kfold_int64arith
2848216	fold_kfold_int64comp	todo	(free function)	fold_kfold_int64comp	fold_kfold_int64comp
2848312	fold_kfold_int64comp0	todo	(free function)	fold_kfold_int64comp0	fold_kfold_int64comp0
2848328	fold_kfold_tobit	todo	(free function)	fold_kfold_tobit	fold_kfold_tobit
2848350	fold_kfold_conv_kint_ext	todo	(free function)	fold_kfold_conv_kint_ext	fold_kfold_conv_kint_ext
2848381	fold_kfold_conv_kint64_int_i64	todo	(free function)	fold_kfold_conv_kint64_int_i64	fold_kfold_conv_kint64_int_i64
2848398	fold_kfold_conv_knum_int_num	todo	(free function)	fold_kfold_conv_knum_int_num	fold_kfold_conv_knum_int_num
2848431	fold_kfold_conv_knum_u32_num	todo	(free function)	fold_kfold_conv_knum_u32_num	fold_kfold_conv_knum_u32_num
2848448	fold_kfold_kref	todo	(free function)	fold_kfold_kref	fold_kfold_kref
2848469	fold_shortcut_round	todo	(free function)	fold_shortcut_round	fold_shortcut_round
2848488	fold_shortcut_left	todo	(free function)	fold_shortcut_left	fold_shortcut_left
2848502	fold_shortcut_dropleft	todo	(free function)	fold_shortcut_dropleft	fold_shortcut_dropleft
2848521	fold_shortcut_leftleft	todo	(free function)	fold_shortcut_leftleft	fold_shortcut_leftleft
2848540	fold_simplify_numadd_xneg	todo	(free function)	fold_simplify_numadd_xneg	fold_simplify_numadd_xneg
2848562	fold_simplify_numsub_k	todo	(free function)	fold_simplify_numsub_k	fold_simplify_numsub_k
2848587	fold_simplify_numsub_xneg	todo	(free function)	fold_simplify_numsub_xneg	fold_simplify_numsub_xneg
2848609	fold_shortcut_conv_num_int	todo	(free function)	fold_shortcut_conv_num_int	fold_shortcut_conv_num_int
2848640	fold_simplify_conv_int_num	todo	(free function)	fold_simplify_conv_int_num	fold_simplify_conv_int_num
2848665	fold_simplify_floor_conv	todo	(free function)	fold_simplify_floor_conv	fold_simplify_floor_conv
2848690	fold_simplify_conv_sext	todo	(free function)	fold_simplify_conv_sext	fold_simplify_conv_sext
2848778	fold_simplify_intadd_k	todo	(free function)	fold_simplify_intadd_k	fold_simplify_intadd_k
2848798	fold_simplify_intmul_k	todo	(free function)	fold_simplify_intmul_k	fold_simplify_intmul_k
2848840	fold_simplify_intsub_kleft	todo	(free function)	fold_simplify_intsub_kleft	fold_simplify_intsub_kleft
2848876	fold_simplify_intadd_k64	todo	(free function)	fold_simplify_intadd_k64	fold_simplify_intadd_k64
2848895	fold_simplify_intmod_kleft	todo	(free function)	fold_simplify_intmod_kleft	fold_simplify_intmod_kleft
2848916	fold_simplify_band_k	todo	(free function)	fold_simplify_band_k	fold_simplify_band_k
2848957	fold_simplify_bor_k	todo	(free function)	fold_simplify_bor_k	fold_simplify_bor_k
2848998	fold_simplify_bxor_k	todo	(free function)	fold_simplify_bxor_k	fold_simplify_bxor_k
2849040	fold_simplify_shift_andk	todo	(free function)	fold_simplify_shift_andk	fold_simplify_shift_andk
2849085	fold_simplify_shift1_ki	todo	(free function)	fold_simplify_shift1_ki	fold_simplify_shift1_ki
2849114	fold_simplify_shift2_ki	todo	(free function)	fold_simplify_shift2_ki	fold_simplify_shift2_ki
2849148	fold_simplify_andor_k64	todo	(free function)	fold_simplify_andor_k64	fold_simplify_andor_k64
2849205	fold_reassoc_dup	todo	(free function)	fold_reassoc_dup	fold_reassoc_dup
2849231	fold_reassoc_minmax_left	todo	(free function)	fold_reassoc_minmax_left	fold_reassoc_minmax_left
2849257	fold_reassoc_minmax_right	todo	(free function)	fold_reassoc_minmax_right	fold_reassoc_minmax_right
2849283	fold_abc_invar	todo	(free function)	fold_abc_invar	fold_abc_invar
2849313	fold_comm_swap	todo	(free function)	fold_comm_swap	fold_comm_swap
2849336	fold_comm_equal	todo	(free function)	fold_comm_equal	fold_comm_equal
2849375	fold_comm_dup	todo	(free function)	fold_comm_dup	fold_comm_dup
2849405	fold_kfold_hload_kkptr	todo	(free function)	fold_kfold_hload_kkptr	fold_kfold_hload_kkptr
2849419	fold_barrier_tnew_tdup	todo	(free function)	fold_barrier_tnew_tdup	fold_barrier_tnew_tdup
2849437	fold_prof	todo	(free function)	fold_prof	fold_prof
2849459	fold_bufput_append	todo	(free function)	fold_bufput_append	fold_bufput_append
2849499	fold_fload_cdata_ptr_int64_cnew	todo	(free function)	fold_fload_cdata_ptr_int64_cnew	fold_fload_cdata_ptr_int64_cnew
2849521	fold_fload_cdata_typeid_cnew	todo	(free function)	fold_fload_cdata_typeid_cnew	fold_fload_cdata_typeid_cnew
2849542	fold_fload_cdata_typeid_kgc	todo	(free function)	fold_fload_cdata_typeid_kgc	fold_fload_cdata_typeid_kgc
2849566	fold_fload_str_len_tostr	todo	(free function)	fold_fload_str_len_tostr	fold_fload_str_len_tostr
2849593	fold_fload_str_len_snew	todo	(free function)	fold_fload_str_len_snew	fold_fload_str_len_snew
2849618	fold_fload_str_len_kgc	todo	(free function)	fold_fload_str_len_kgc	fold_fload_str_len_kgc
2849642	fold_cse_uref	todo	(free function)	fold_cse_uref	fold_cse_uref
2849715	fold_abc_k	todo	(free function)	fold_abc_k	fold_abc_k
2849773	fold_abc_fwd	todo	(free function)	fold_abc_fwd	fold_abc_fwd
2849844	fold_cse_conv	todo	(free function)	fold_cse_conv	fold_cse_conv
2850009	fold_barrier_tab	todo	(free function)	fold_barrier_tab	fold_barrier_tab
2850051	fold_simplify_shift_ik	todo	(free function)	fold_simplify_shift_ik	fold_simplify_shift_ik
2850124	fold_simplify_intmod_k	todo	(free function)	fold_simplify_intmod_k	fold_simplify_intmod_k
2850164	fold_simplify_intsub_k	todo	(free function)	fold_simplify_intsub_k	fold_simplify_intsub_k
2850195	fold_kfold_conv_kint_num	todo	(free function)	fold_kfold_conv_kint_num	fold_kfold_conv_kint_num
2850214	fold_kfold_conv_kintu32_num	todo	(free function)	fold_kfold_conv_kintu32_num	fold_kfold_conv_kintu32_num
2850234	fold_kfold_conv_kint64_num_i64	todo	(free function)	fold_kfold_conv_kint64_num_i64	fold_kfold_conv_kint64_num_i64
2850254	fold_kfold_conv_kint64_num_u64	todo	(free function)	fold_kfold_conv_kint64_num_u64	fold_kfold_conv_kint64_num_u64
2850290	fold_fload_cdata_int64_kgc	todo	(free function)	fold_fload_cdata_int64_kgc	fold_fload_cdata_int64_kgc
2850325	fold_reassoc_shift	todo	(free function)	fold_reassoc_shift	fold_reassoc_shift
2850410	fold_reassoc_intarith_k64	todo	(free function)	fold_reassoc_intarith_k64	fold_reassoc_intarith_k64
2850462	fold_simplify_intsub_k64	todo	(free function)	fold_simplify_intsub_k64	fold_simplify_intsub_k64
2850493	fold_kfold_conv_knum_u64_num	todo	(free function)	fold_kfold_conv_knum_u64_num	fold_kfold_conv_knum_u64_num
2850519	fold_kfold_conv_knum_i64_num	todo	(free function)	fold_kfold_conv_knum_i64_num	fold_kfold_conv_knum_i64_num
2850534	fold_kfold_bnot64	todo	(free function)	fold_kfold_bnot64	fold_kfold_bnot64
2850549	fold_kfold_int64arith	todo	(free function)	fold_kfold_int64arith	fold_kfold_int64arith
2850571	fold_fload_tab_ah	todo	(free function)	fold_fload_tab_ah	fold_fload_tab_ah
2850612	fold_fload_tab_tnew_asize	todo	(free function)	fold_fload_tab_tnew_asize	fold_fload_tab_tnew_asize
2850645	fold_fwd_href_tdup	todo	(free function)	fold_fwd_href_tdup	fold_fwd_href_tdup
2850697	fold_kfold_add_kptr	todo	(free function)	fold_kfold_add_kptr	fold_kfold_add_kptr
2850713	fold_kfold_add_kgc	todo	(free function)	fold_kfold_add_kgc	fold_kfold_add_kgc
2850779	fold_kfold_strref	todo	(free function)	fold_kfold_strref	fold_kfold_strref
2850796	fold_kfold_intovarith	todo	(free function)	fold_kfold_intovarith	fold_kfold_intovarith
2850831	fold_kfold_numpow	todo	(free function)	fold_kfold_numpow	fold_kfold_numpow
2850859	fold_kfold_numabsneg	todo	(free function)	fold_kfold_numabsneg	fold_kfold_numabsneg
2850888	fold_kfold_numarith	todo	(free function)	fold_kfold_numarith	fold_kfold_numarith
2850917	kfold_intop	todo	(free function)	kfold_intop	kfold_intop
2851056	fold_reassoc_minmax_k	todo	(free function)	fold_reassoc_minmax_k	fold_reassoc_minmax_k
2851154	fold_reassoc_intarith_k	todo	(free function)	fold_reassoc_intarith_k	fold_reassoc_intarith_k
2851215	fold_simplify_andor_k	todo	(free function)	fold_simplify_andor_k	fold_simplify_andor_k
2851260	fold_simplify_andk_shiftk	todo	(free function)	fold_simplify_andk_shiftk	fold_simplify_andk_shiftk
2851297	fold_kfold_intarith	todo	(free function)	fold_kfold_intarith	fold_kfold_intarith
2851319	fold_kfold_strto	todo	(free function)	fold_kfold_strto	fold_kfold_strto
2851359	fold_kfold_tostr_kint	todo	(free function)	fold_kfold_tostr_kint	fold_kfold_tostr_kint
2851391	fold_bufstr_kfold_cse	todo	(free function)	fold_bufstr_kfold_cse	fold_bufstr_kfold_cse
2851513	fold_kfold_tostr_knum	todo	(free function)	fold_kfold_tostr_knum	fold_kfold_tostr_knum
2851535	fold_bufput_kfold_fmt	todo	(free function)	fold_bufput_kfold_fmt	fold_bufput_kfold_fmt
2851622	fold_bufput_kfold_rep	todo	(free function)	fold_bufput_kfold_rep	fold_bufput_kfold_rep
2851682	fold_bufput_kgc	todo	(free function)	fold_bufput_kgc	fold_bufput_kgc
2851743	fold_kfold_strcmp	todo	(free function)	fold_kfold_strcmp	fold_kfold_strcmp
2851781	fold_kfold_snew_kptr	todo	(free function)	fold_kfold_snew_kptr	fold_kfold_snew_kptr
2851804	fold_kfold_bswap64	todo	(free function)	fold_kfold_bswap64	fold_kfold_bswap64
2851819	fold_kfold_int64shift	todo	(free function)	fold_kfold_int64shift	fold_kfold_int64shift
2851843	fold_kfold_int64arith2	todo	(free function)	fold_kfold_int64arith2	fold_kfold_int64arith2
2851920	fold_kfold_bswap	todo	(free function)	fold_kfold_bswap	fold_kfold_bswap
2851937	fold_kfold_numcomp	todo	(free function)	fold_kfold_numcomp	fold_kfold_numcomp
2851958	fold_kfold_fpmath	todo	(free function)	fold_kfold_fpmath	fold_kfold_fpmath
2851985	fold_kfold_add_kright	todo	(free function)	fold_kfold_add_kright	fold_kfold_add_kright
2852016	fold_simplify_numadd_negx	todo	(free function)	fold_simplify_numadd_negx	fold_simplify_numadd_negx
2852040	fold_simplify_numsub_negk	todo	(free function)	fold_simplify_numsub_negk	fold_simplify_numsub_negk
2852076	fold_simplify_nummuldiv_negk	todo	(free function)	fold_simplify_nummuldiv_negk	fold_simplify_nummuldiv_negk
2852112	fold_simplify_nummuldiv_negneg	todo	(free function)	fold_simplify_nummuldiv_negneg	fold_simplify_nummuldiv_negneg
2852139	fold_simplify_conv_i64_num	todo	(free function)	fold_simplify_conv_i64_num	fold_simplify_conv_i64_num
2852177	fold_simplify_conv_int_i64	todo	(free function)	fold_simplify_conv_int_i64	fold_simplify_conv_int_i64
2852223	fold_simplify_conv_flt_num	todo	(free function)	fold_simplify_conv_flt_num	fold_simplify_conv_flt_num
2852251	fold_simplify_tobit_conv	todo	(free function)	fold_simplify_tobit_conv	fold_simplify_tobit_conv
2852285	fold_simplify_intsubadd_leftcancel	todo	(free function)	fold_simplify_intsubadd_leftcancel	fold_simplify_intsubadd_leftcancel
2852322	fold_simplify_intsubsub_rightcancel	todo	(free function)	fold_simplify_intsubsub_rightcancel	fold_simplify_intsubsub_rightcancel
2852355	fold_simplify_intsubaddadd_cancel	todo	(free function)	fold_simplify_intsubaddadd_cancel	fold_simplify_intsubaddadd_cancel
2852426	fold_reassoc_bxor	todo	(free function)	fold_reassoc_bxor	fold_reassoc_bxor
2852456	fold_comm_comp	todo	(free function)	fold_comm_comp	fold_comm_comp
2852498	fold_fwd_sload	todo	(free function)	fold_fwd_sload	fold_fwd_sload
2852530	fold_simplify_intsubadd_rightcancel	todo	(free function)	fold_simplify_intsubadd_rightcancel	fold_simplify_intsubadd_rightcancel
2852582	fold_simplify_intsubsub_leftcancel	todo	(free function)	fold_simplify_intsubsub_leftcancel	fold_simplify_intsubsub_leftcancel
2852624	kfold_xload_isra_21	todo	(free function)	kfold_xload_isra_21	kfold_xload_isra_21
2852699	fold_xload_kptr	todo	(free function)	fold_xload_kptr	fold_xload_kptr
2852714	fold_comm_bxor	todo	(free function)	fold_comm_bxor	fold_comm_bxor
2852756	fold_simplify_intsub	todo	(free function)	fold_simplify_intsub	fold_simplify_intsub
2852795	fold_kfold_conv_kint_i64	todo	(free function)	fold_kfold_conv_kint_i64	fold_kfold_conv_kint_i64
2852817	fold_fload_tab_tdup_hmask	todo	(free function)	fold_fload_tab_tdup_hmask	fold_fload_tab_tdup_hmask
2852853	fold_fload_tab_tdup_asize	todo	(free function)	fold_fload_tab_tdup_asize	fold_fload_tab_tdup_asize
2852889	fold_fload_tab_tnew_hmask	todo	(free function)	fold_fload_tab_tnew_hmask	fold_fload_tab_tnew_hmask
2852925	fold_fwd_href_tnew	todo	(free function)	fold_fwd_href_tnew	fold_fwd_href_tnew
2852954	simplify_intmul_k	todo	(free function)	simplify_intmul_k	simplify_intmul_k
2853003	fold_simplify_intmul_k64	todo	(free function)	fold_simplify_intmul_k64	fold_simplify_intmul_k64
2853025	fold_simplify_intmul_k32	todo	(free function)	fold_simplify_intmul_k32	fold_simplify_intmul_k32
2853047	fold_narrow_convert	todo	(free function)	fold_narrow_convert	fold_narrow_convert
2853072	fold_simplify_nummuldiv_k	todo	(free function)	fold_simplify_nummuldiv_k	fold_simplify_nummuldiv_k
2853193	fold_kfold_snew_empty	todo	(free function)	fold_kfold_snew_empty	fold_kfold_snew_empty
2853217	fold_bufput_kfold_op	todo	(free function)	fold_bufput_kfold_op	fold_bufput_kfold_op
2853507	fold_merge_eqne_snew_kgc	todo	(free function)	fold_merge_eqne_snew_kgc	fold_merge_eqne_snew_kgc
2853658	fold_simplify_shiftk_andk	todo	(free function)	fold_simplify_shiftk_andk	fold_simplify_shiftk_andk
2853742	fold_simplify_conv_narrow	todo	(free function)	fold_simplify_conv_narrow	fold_simplify_conv_narrow
2853805	fold_simplify_numpow_kx	todo	(free function)	fold_simplify_numpow_kx	fold_simplify_numpow_kx
2853846	fold_simplify_numpow_xk	todo	(free function)	fold_simplify_numpow_xk	fold_simplify_numpow_xk
2853998	fold_kfold_strref_snew	todo	(free function)	fold_kfold_strref_snew	fold_kfold_strref_snew
2854118	narrow_stripov_backprop	todo	(free function)	narrow_stripov_backprop	narrow_stripov_backprop
2854239	narrow_conv_backprop	todo	(free function)	narrow_conv_backprop	narrow_conv_backprop
2854544	narrow_stripov	todo	(free function)	narrow_stripov	narrow_stripov
2854686	conv_str_tonum	todo	(free function)	conv_str_tonum	conv_str_tonum
2855742	crec_constructor	todo	(free function)	crec_constructor	crec_constructor
2855784	argv2cdata	todo	(free function)	argv2cdata	argv2cdata
2855835	crec_ct2irt	todo	(free function)	crec_ct2irt	crec_ct2irt
2855924	crec_tv_ct	todo	(free function)	crec_tv_ct	crec_tv_ct
2856153	crec_finalizer	todo	(free function)	crec_finalizer	crec_finalizer
2856230	crec_bit64_type	todo	(free function)	crec_bit64_type	crec_bit64_type
2856291	crec_reassoc_ofs_isra_6	todo	(free function)	crec_reassoc_ofs_isra_6	crec_reassoc_ofs_isra_6
2856354	crec_copy	todo	(free function)	crec_copy	crec_copy
2856698	crec_ct_tv	todo	(free function)	crec_ct_tv	crec_ct_tv
2856901	sub_CD16A8	todo	(free function)	sub_CD16A8	sub_CD16A8
2857799	argv2ctype	todo	(free function)	argv2ctype	argv2ctype
2857896	crec_fill_isra_9	todo	(free function)	crec_fill_isra_9	crec_fill_isra_9
2858110	crec_alloc_isra_11	todo	(free function)	crec_alloc_isra_11	crec_alloc_isra_11
2858696	recff_cdata_index	todo	(free function)	recff_cdata_index	recff_cdata_index
2859565	recff_cdata_call	todo	(free function)	recff_cdata_call	recff_cdata_call
2860175	recff_cdata_arith	todo	(free function)	recff_cdata_arith	recff_cdata_arith
2861190	recff_clib_index	todo	(free function)	recff_clib_index	recff_clib_index
2861401	recff_ffi_new	todo	(free function)	recff_ffi_new	recff_ffi_new
2861431	recff_ffi_errno	todo	(free function)	recff_ffi_errno	recff_ffi_errno
2861459	recff_ffi_string	todo	(free function)	recff_ffi_string	recff_ffi_string
2861543	recff_ffi_copy	todo	(free function)	recff_ffi_copy	recff_ffi_copy
2861678	recff_ffi_fill	todo	(free function)	recff_ffi_fill	recff_ffi_fill
2861825	recff_ffi_typeof	todo	(free function)	recff_ffi_typeof	recff_ffi_typeof
2861876	recff_ffi_istype	todo	(free function)	recff_ffi_istype	recff_ffi_istype
2861926	recff_ffi_abi	todo	(free function)	recff_ffi_abi	recff_ffi_abi
2861966	recff_ffi_xof	todo	(free function)	recff_ffi_xof	recff_ffi_xof
2862042	recff_ffi_gc	todo	(free function)	recff_ffi_gc	recff_ffi_gc
2862083	recff_bit64_tobit	todo	(free function)	recff_bit64_tobit	recff_bit64_tobit
2862123	recff_bit64_unary	todo	(free function)	recff_bit64_unary	recff_bit64_unary
2862193	recff_bit64_nary	todo	(free function)	recff_bit64_nary	recff_bit64_nary
2862320	recff_bit64_shift	todo	(free function)	recff_bit64_shift	recff_bit64_shift
2862459	recff_bit64_tohex	todo	(free function)	recff_bit64_tohex	recff_bit64_tohex
2862938	Curl_urldecode	todo	(free function)	Curl_urldecode	Curl_urldecode
2863145	SbrOUjkC	todo	(free function)	SbrOUjkC	SbrOUjkC
2863168	alloc_addbyter	todo	(free function)	alloc_addbyter	alloc_addbyter
2863242	storebuffer	todo	(free function)	storebuffer	storebuffer
2863259	dprintf_DollarString	todo	(free function)	dprintf_DollarString	dprintf_DollarString
2863318	_ZN2v84base2OS8SNPrintFEPciPKcz_1	todo	v8::base::OS	SNPrintF	v8::base::OS::SNPrintF(char*, int, char const*, ...)
2863376	dprintf_formatf	todo	(free function)	dprintf_formatf	dprintf_formatf
2865013	sz4NSzmFlymaF8D	todo	(free function)	sz4NSzmFlymaF8D	sz4NSzmFlymaF8D
2865424	X3DaX8u8v6U2ge	todo	(free function)	X3DaX8u8v6U2ge	X3DaX8u8v6U2ge
2865661	rsQuykCHfGfuHSX	todo	(free function)	rsQuykCHfGfuHSX	rsQuykCHfGfuHSX
2866481	conn_is_conn	todo	(free function)	conn_is_conn	conn_is_conn
2866504	getaddressinfo	todo	(free function)	getaddressinfo	getaddressinfo
2866593	verifyconnect	todo	(free function)	verifyconnect	verifyconnect
2866639	Curl_timeleft	todo	(free function)	Curl_timeleft	Curl_timeleft
2866746	Curl_persistconninfo	todo	(free function)	Curl_persistconninfo	Curl_persistconninfo
2866794	Curl_updateconninfo	todo	(free function)	Curl_updateconninfo	Curl_updateconninfo
2866963	Curl_tcpnodelay	todo	(free function)	Curl_tcpnodelay	Curl_tcpnodelay
2867018	Curl_getconnectinfo	todo	(free function)	Curl_getconnectinfo	Curl_getconnectinfo
2867105	Curl_closesocket	todo	(free function)	Curl_closesocket	Curl_closesocket
2867164	Curl_socket	todo	(free function)	Curl_socket	Curl_socket
2867272	singleipconnect	todo	(free function)	singleipconnect	singleipconnect
2867965	Curl_connecthost	todo	(free function)	Curl_connecthost	Curl_connecthost
2868078	trynextip	todo	(free function)	trynextip	trynextip
2868216	Curl_is_connected	todo	(free function)	Curl_is_connected	Curl_is_connected
2868544	sh_freeentry	todo	(free function)	sh_freeentry	sh_freeentry
2868558	fd_key_compare	todo	(free function)	fd_key_compare	fd_key_compare
2868574	hash_fd	todo	(free function)	hash_fd	hash_fd
2868590	multi_freeamsg	todo	(free function)	multi_freeamsg	multi_freeamsg
2868603	multi_freetimeout	todo	(free function)	multi_freetimeout	multi_freetimeout
2868618	multi_addtimeout	todo	(free function)	multi_addtimeout	multi_addtimeout
2868709	sh_delentry	todo	(free function)	sh_delentry	sh_delentry
2868742	mstate_isra_0	todo	(free function)	mstate_isra_0	mstate_isra_0
2868769	add_next_timeout_isra_4	todo	(free function)	add_next_timeout_isra_4	add_next_timeout_isra_4
2868862	multi_timeout_isra_6_part_7	todo	(free function)	multi_timeout_isra_6_part_7	multi_timeout_isra_6_part_7
2868932	update_timer	todo	(free function)	update_timer	update_timer
2869018	multi_getsock_constprop_10	todo	(free function)	multi_getsock_constprop_10	multi_getsock_constprop_10
2869138	singlesocket	todo	(free function)	singlesocket	singlesocket
2869453	Curl_multi_handle	todo	(free function)	Curl_multi_handle	Curl_multi_handle
2869580	Curl_pipeline_wanted	todo	(free function)	Curl_pipeline_wanted	Curl_pipeline_wanted
2869601	Curl_multi_handlePipeBreak	todo	(free function)	Curl_multi_handlePipeBreak	Curl_multi_handlePipeBreak
2870028	Curl_multi_connchanged	todo	(free function)	Curl_multi_connchanged	Curl_multi_connchanged
2870219	Curl_multi_closed	todo	(free function)	Curl_multi_closed	Curl_multi_closed
2870556	Curl_expire	todo	(free function)	Curl_expire	Curl_expire
2870874	Curl_multi_add_perform	todo	(free function)	Curl_multi_add_perform	Curl_multi_add_perform
2870915	Curl_expire_latest	todo	(free function)	Curl_expire_latest	Curl_expire_latest
2871032	Curl_multi_max_host_connections	todo	(free function)	Curl_multi_max_host_connections	Curl_multi_max_host_connections
2871049	Curl_multi_max_total_connections	todo	(free function)	Curl_multi_max_total_connections	Curl_multi_max_total_connections
2871066	Curl_multi_content_length_penalty_size	todo	(free function)	Curl_multi_content_length_penalty_size	Curl_multi_content_length_penalty_size
2871083	Curl_multi_chunk_length_penalty_size	todo	(free function)	Curl_multi_chunk_length_penalty_size	Curl_multi_chunk_length_penalty_size
2871100	Curl_multi_pipelining_site_bl	todo	(free function)	Curl_multi_pipelining_site_bl	Curl_multi_pipelining_site_bl
2871113	Curl_multi_pipelining_server_bl	todo	(free function)	Curl_multi_pipelining_server_bl	Curl_multi_pipelining_server_bl
2871127	Curl_multi_process_pending_handles	todo	(free function)	Curl_multi_process_pending_handles	Curl_multi_process_pending_handles
2871189	multi_runsingle	todo	(free function)	multi_runsingle	multi_runsingle
2872695	multi_socket	todo	(free function)	multi_socket	multi_socket
2873860	mIr8uhjfmRDfqb9_1	todo	(free function)	mIr8uhjfmRDfqb9_1	mIr8uhjfmRDfqb9_1
2873923	Curl_strerror	todo	(free function)	Curl_strerror	Curl_strerror
2874017	Curl_wait_ms	todo	(free function)	Curl_wait_ms	Curl_wait_ms
2874114	Curl_socket_check	todo	(free function)	Curl_socket_check	Curl_socket_check
2874325	Curl_poll	todo	(free function)	Curl_poll	Curl_poll
2874504	Curl_splay	todo	(free function)	Curl_splay	Curl_splay
2874628	Curl_splayinsert	todo	(free function)	Curl_splayinsert	Curl_splayinsert
2874730	Curl_splaygetbest	todo	(free function)	Curl_splaygetbest	Curl_splaygetbest
2874845	Curl_splayremovebyaddr	todo	(free function)	Curl_splayremovebyaddr	Curl_splayremovebyaddr
2874959	Curl_slist_append_nodup	todo	(free function)	Curl_slist_append_nodup	Curl_slist_append_nodup
2875098	Curl_slist_duplicate	todo	(free function)	Curl_slist_duplicate	Curl_slist_duplicate
2875144	curlx_nonblock	todo	(free function)	curlx_nonblock	curlx_nonblock
2875188	curlx_ultous	todo	(free function)	curlx_ultous	curlx_ultous
2875202	curlx_ultouc	todo	(free function)	curlx_ultouc	curlx_ultouc
2875216	curlx_ultosi	todo	(free function)	curlx_ultosi	curlx_ultosi
2875230	curlx_uztoso	todo	(free function)	curlx_uztoso	curlx_uztoso
2875245	curlx_uztosi	todo	(free function)	curlx_uztosi	curlx_uztosi
2875260	curlx_uztoul	todo	(free function)	curlx_uztoul	curlx_uztoul
2875273	curlx_uztoui	todo	(free function)	curlx_uztoui	curlx_uztoui
2875287	curlx_sltosi	todo	(free function)	curlx_sltosi	curlx_sltosi
2875302	curlx_sltoui	todo	(free function)	curlx_sltoui	curlx_sltoui
2875316	curlx_sltous	todo	(free function)	curlx_sltous	curlx_sltous
2875329	curlx_uztosz	todo	(free function)	curlx_uztosz	curlx_uztosz
2875344	curlx_sotouz	todo	(free function)	curlx_sotouz	curlx_sotouz
2875358	curlx_sztosi	todo	(free function)	curlx_sztosi	curlx_sztosi
2875372	curlx_sitouz	todo	(free function)	curlx_sitouz	curlx_sitouz
2875385	conn_llist_dtor	todo	(free function)	conn_llist_dtor	conn_llist_dtor
2875398	conncache_remove_bundle	todo	(free function)	conncache_remove_bundle	conncache_remove_bundle
2875450	bundle_destroy	todo	(free function)	bundle_destroy	bundle_destroy
2875485	free_bundle_hash_entry	todo	(free function)	free_bundle_hash_entry	free_bundle_hash_entry
2875497	Curl_conncache_init	todo	(free function)	Curl_conncache_init	Curl_conncache_init
2875512	Curl_conncache_destroy	todo	(free function)	Curl_conncache_destroy	Curl_conncache_destroy
2875532	Curl_conncache_find_bundle	todo	(free function)	Curl_conncache_find_bundle	Curl_conncache_find_bundle
2875600	Curl_conncache_add_conn	todo	(free function)	Curl_conncache_add_conn	Curl_conncache_add_conn
2875745	Curl_conncache_remove_conn	todo	(free function)	Curl_conncache_remove_conn	Curl_conncache_remove_conn
2875815	Curl_conncache_foreach	todo	(free function)	Curl_conncache_foreach	Curl_conncache_foreach
2875871	Curl_conncache_find_first_connection	todo	(free function)	Curl_conncache_find_first_connection	Curl_conncache_find_first_connection
2875923	site_blacklist_llist_dtor	todo	(free function)	site_blacklist_llist_dtor	site_blacklist_llist_dtor
2875952	server_blacklist_llist_dtor	todo	(free function)	server_blacklist_llist_dtor	server_blacklist_llist_dtor
2875967	Curl_pipeline_penalized	todo	(free function)	Curl_pipeline_penalized	Curl_pipeline_penalized
2876060	Curl_add_handle_to_pipeline	todo	(free function)	Curl_add_handle_to_pipeline	Curl_add_handle_to_pipeline
2876115	Curl_move_handle_from_send_to_recv_pipe	todo	(free function)	Curl_move_handle_from_send_to_recv_pipe	Curl_move_handle_from_send_to_recv_pipe
2876165	Curl_pipeline_site_blacklisted	todo	(free function)	Curl_pipeline_site_blacklisted	Curl_pipeline_site_blacklisted
2876240	Curl_pipeline_set_site_blacklist	todo	(free function)	Curl_pipeline_set_site_blacklist	Curl_pipeline_set_site_blacklist
2876392	Curl_pipeline_server_blacklisted	todo	(free function)	Curl_pipeline_server_blacklisted	Curl_pipeline_server_blacklisted
2876472	Curl_pipeline_set_server_blacklist	todo	(free function)	Curl_pipeline_set_server_blacklist	Curl_pipeline_set_server_blacklist
2876556	Curl_recvpipe_head	todo	(free function)	Curl_recvpipe_head	Curl_recvpipe_head
2876578	Curl_sendpipe_head	todo	(free function)	Curl_sendpipe_head	Curl_sendpipe_head
2876600	Curl_pipeline_checkget_write	todo	(free function)	Curl_pipeline_checkget_write	Curl_pipeline_checkget_write
2876629	Curl_pipeline_checkget_read	todo	(free function)	Curl_pipeline_checkget_read	Curl_pipeline_checkget_read
2876658	Curl_pipeline_leave_write	todo	(free function)	Curl_pipeline_leave_write	Curl_pipeline_leave_write
2876672	Curl_pipeline_leave_read	todo	(free function)	Curl_pipeline_leave_read	Curl_pipeline_leave_read
2876686	curlx_tvnow	todo	(free function)	curlx_tvnow	curlx_tvnow
2876734	iglNDFE9RgtY	todo	(free function)	iglNDFE9RgtY	iglNDFE9RgtY
2876758	cCRpBDmPORk1Aui	todo	(free function)	cCRpBDmPORk1Aui	cCRpBDmPORk1Aui
2876787	Curl_tvlong	todo	(free function)	Curl_tvlong	Curl_tvlong
2876800	hostcache_timestamp_remove	todo	(free function)	hostcache_timestamp_remove	hostcache_timestamp_remove
2876823	create_hostcache_id	todo	(free function)	create_hostcache_id	create_hostcache_id
2876879	alarmfunc	todo	(free function)	alarmfunc	alarmfunc
2876895	freednsentry	todo	(free function)	freednsentry	freednsentry
2876928	fetch_addr_isra_1	todo	(free function)	fetch_addr_isra_1	fetch_addr_isra_1
2877014	Curl_global_host_cache_init	todo	(free function)	Curl_global_host_cache_init	Curl_global_host_cache_init
2877050	Curl_global_host_cache_dtor	todo	(free function)	Curl_global_host_cache_dtor	Curl_global_host_cache_dtor
2877072	Curl_num_addresses	todo	(free function)	Curl_num_addresses	Curl_num_addresses
2877096	Curl_printable_address	todo	(free function)	Curl_printable_address	Curl_printable_address
2877136	Curl_hostcache_prune	todo	(free function)	Curl_hostcache_prune	Curl_hostcache_prune
2877187	Curl_fetch_addr	todo	(free function)	Curl_fetch_addr	Curl_fetch_addr
2877246	Curl_cache_addr	todo	(free function)	Curl_cache_addr	Curl_cache_addr
2877347	Curl_resolv	todo	(free function)	Curl_resolv	Curl_resolv
2877488	Curl_resolv_timeout	todo	(free function)	Curl_resolv_timeout	Curl_resolv_timeout
2877701	Curl_resolv_unlock	todo	(free function)	Curl_resolv_unlock	Curl_resolv_unlock
2877758	Curl_mk_dnscache	todo	(free function)	Curl_mk_dnscache	Curl_mk_dnscache
2877776	Curl_resolv_unlock_0	todo	(free function)	Curl_resolv_unlock_0	Curl_resolv_unlock_0
2877833	Curl_loadhostpairs	todo	(free function)	Curl_loadhostpairs	Curl_loadhostpairs
2878067	time2str	todo	(free function)	time2str	time2str
2878150	max5data	todo	(free function)	max5data	max5data
2878299	Curl_pgrsResetTimesSizes	todo	(free function)	Curl_pgrsResetTimesSizes	Curl_pgrsResetTimesSizes
2878322	Curl_pgrsTime	todo	(free function)	Curl_pgrsTime	Curl_pgrsTime
2878489	Curl_pgrsStartNow	todo	(free function)	Curl_pgrsStartNow	Curl_pgrsStartNow
2878510	Curl_pgrsSetDownloadCounter	todo	(free function)	Curl_pgrsSetDownloadCounter	Curl_pgrsSetDownloadCounter
2878524	Curl_pgrsSetUploadCounter	todo	(free function)	Curl_pgrsSetUploadCounter	Curl_pgrsSetUploadCounter
2878538	Curl_pgrsSetDownloadSize	todo	(free function)	Curl_pgrsSetDownloadSize	Curl_pgrsSetDownloadSize
2878562	Curl_pgrsSetUploadSize	todo	(free function)	Curl_pgrsSetUploadSize	Curl_pgrsSetUploadSize
2878586	Curl_pgrsUpdate	todo	(free function)	Curl_pgrsUpdate	Curl_pgrsUpdate
2879089	Curl_pgrsDone	todo	(free function)	Curl_pgrsDone	Curl_pgrsDone
2879136	freecookie	todo	(free function)	freecookie	freecookie
2879175	get_netscape_format	todo	(free function)	get_netscape_format	get_netscape_format
2879243	tailmatch	todo	(free function)	tailmatch	tailmatch
2879310	cookie_sort	todo	(free function)	cookie_sort	cookie_sort
2879401	sanitize_cookie_path	todo	(free function)	sanitize_cookie_path	sanitize_cookie_path
2879495	remove_expired_isra_0	todo	(free function)	remove_expired_isra_0	remove_expired_isra_0
2879576	isip	todo	(free function)	isip	isip
2879624	Curl_cookie_add	todo	(free function)	Curl_cookie_add	Curl_cookie_add
2880802	Curl_cookie_getlist	todo	(free function)	Curl_cookie_getlist	Curl_cookie_getlist
2881116	Curl_cookie_freelist	todo	(free function)	Curl_cookie_freelist	Curl_cookie_freelist
2881162	UyEI0VE64tG01Gj	todo	(free function)	UyEI0VE64tG01Gj	UyEI0VE64tG01Gj
2881186	Curl_cookie_clearsess	todo	(free function)	Curl_cookie_clearsess	Curl_cookie_clearsess
2881255	Curl_cookie_cleanup	todo	(free function)	Curl_cookie_cleanup	Curl_cookie_cleanup
2881297	Curl_cookie_init	todo	(free function)	Curl_cookie_init	Curl_cookie_init
2881493	Curl_cookie_loadfiles	todo	(free function)	Curl_cookie_loadfiles	Curl_cookie_loadfiles
2881557	Curl_cookie_list	todo	(free function)	Curl_cookie_list	Curl_cookie_list
2881626	Curl_flush_cookies	todo	(free function)	Curl_flush_cookies	Curl_flush_cookies
2881804	Curl_http_setup_conn	todo	(free function)	Curl_http_setup_conn	Curl_http_setup_conn
2881833	http_getsock_do	todo	(free function)	http_getsock_do	http_getsock_do
2881848	readmoredata	todo	(free function)	readmoredata	readmoredata
2881927	header_append	todo	(free function)	header_append	header_append
2882029	http_perhapsrewind	todo	(free function)	http_perhapsrewind	http_perhapsrewind
2882148	Curl_http_done	todo	(free function)	Curl_http_done	Curl_http_done
2882274	checkhttpprefix_isra_2	todo	(free function)	checkhttpprefix_isra_2	checkhttpprefix_isra_2
2882332	Curl_http_connect	todo	(free function)	Curl_http_connect	Curl_http_connect
2882379	Curl_checkheaders	todo	(free function)	Curl_checkheaders	Curl_checkheaders
2882436	Curl_checkProxyheaders	todo	(free function)	Curl_checkProxyheaders	Curl_checkProxyheaders
2882501	output_auth_headers	todo	(free function)	output_auth_headers	output_auth_headers
2882688	Curl_copy_header_value	todo	(free function)	Curl_copy_header_value	Curl_copy_header_value
2882819	Curl_http_auth_act	todo	(free function)	Curl_http_auth_act	Curl_http_auth_act
2883108	Curl_http_output_auth	todo	(free function)	Curl_http_output_auth	Curl_http_output_auth
2883234	Curl_http_input_auth	todo	(free function)	Curl_http_input_auth	Curl_http_input_auth
2883386	Curl_add_buffer_init	todo	(free function)	Curl_add_buffer_init	Curl_add_buffer_init
2883403	Curl_add_buffer_free	todo	(free function)	Curl_add_buffer_free	Curl_add_buffer_free
2883436	Curl_add_buffer_send	todo	(free function)	Curl_add_buffer_send	Curl_add_buffer_send
2883619	Curl_add_buffer	todo	(free function)	Curl_add_buffer	Curl_add_buffer
2883725	Curl_add_bufferf	todo	(free function)	Curl_add_bufferf	Curl_add_bufferf
2883819	Curl_compareheader	todo	(free function)	Curl_compareheader	Curl_compareheader
2883941	Curl_add_custom_headers	todo	(free function)	Curl_add_custom_headers	Curl_add_custom_headers
2884167	Curl_add_timecondition	todo	(free function)	Curl_add_timecondition	Curl_add_timecondition
2884292	Curl_http	todo	(free function)	Curl_http	Curl_http
2886150	Curl_http_readwrite_headers	todo	(free function)	Curl_http_readwrite_headers	Curl_http_readwrite_headers
2887599	showit	todo	(free function)	showit	showit
2887659	Curl_write	todo	(free function)	Curl_write	Curl_write
2887721	OFJ7PuilQtZ4Bri	todo	(free function)	OFJ7PuilQtZ4Bri	OFJ7PuilQtZ4Bri
2887760	Curl_read	todo	(free function)	Curl_read	Curl_read
2887885	Curl_debug	todo	(free function)	Curl_debug	Curl_debug
2888014	Curl_sendf	todo	(free function)	Curl_sendf	Curl_sendf
2888142	Curl_failf	todo	(free function)	Curl_failf	Curl_failf
2888253	Curl_client_chop_write	todo	(free function)	Curl_client_chop_write	Curl_client_chop_write
2888461	Curl_client_write	todo	(free function)	Curl_client_write	Curl_client_write
2888639	Curl_recv_plain	todo	(free function)	Curl_recv_plain	Curl_recv_plain
2888714	Curl_send_plain	todo	(free function)	Curl_send_plain	Curl_send_plain
2888791	Curl_write_plain	todo	(free function)	Curl_write_plain	Curl_write_plain
2888819	Curl_infof	todo	(free function)	Curl_infof	Curl_infof
2888935	llist_dtor	todo	(free function)	llist_dtor	llist_dtor
2888949	parse_login_details	todo	(free function)	parse_login_details	parse_login_details
2889237	setstropt_userpwd	todo	(free function)	setstropt_userpwd	setstropt_userpwd
2889341	conn_free	todo	(free function)	conn_free	conn_free
2889474	find_oldest_idle_connection_isra_2	todo	(free function)	find_oldest_idle_connection_isra_2	find_oldest_idle_connection_isra_2
2889566	check_noproxy	todo	(free function)	check_noproxy	check_noproxy
2889723	signalPipeClose_constprop_11	todo	(free function)	signalPipeClose_constprop_11	signalPipeClose_constprop_11
2889769	Curl_freeset	todo	(free function)	Curl_freeset	Curl_freeset
2889827	Curl_dupset	todo	(free function)	Curl_dupset	Curl_dupset
2889971	Curl_close	todo	(free function)	Curl_close	Curl_close
2890110	Curl_init_userdefined	todo	(free function)	Curl_init_userdefined	Curl_init_userdefined
2890195	Curl_open	todo	(free function)	Curl_open	Curl_open
2890273	Curl_setopt	todo	(free function)	Curl_setopt	Curl_setopt
2896458	Curl_disconnect	todo	(free function)	Curl_disconnect	Curl_disconnect
2896540	disconnect_if_dead	todo	(free function)	disconnect_if_dead	disconnect_if_dead
2896612	call_disconnect_if_dead	todo	(free function)	call_disconnect_if_dead	call_disconnect_if_dead
2896626	Curl_removeHandleFromPipeline	todo	(free function)	Curl_removeHandleFromPipeline	Curl_removeHandleFromPipeline
2896671	Curl_getoff_all_pipelines	todo	(free function)	Curl_getoff_all_pipelines	Curl_getoff_all_pipelines
2896768	Curl_connected_proxy	todo	(free function)	Curl_connected_proxy	Curl_connected_proxy
2896836	Curl_verboseconnect	todo	(free function)	Curl_verboseconnect	Curl_verboseconnect
2896874	Curl_protocol_getsock	todo	(free function)	Curl_protocol_getsock	Curl_protocol_getsock
2896896	Curl_doing_getsock	todo	(free function)	Curl_doing_getsock	Curl_doing_getsock
2896921	Curl_protocol_connecting	todo	(free function)	Curl_protocol_connecting	Curl_protocol_connecting
2896948	Curl_protocol_doing	todo	(free function)	Curl_protocol_doing	Curl_protocol_doing
2896975	Curl_protocol_connect	todo	(free function)	Curl_protocol_connect	Curl_protocol_connect
2897066	Curl_free_request_state	todo	(free function)	Curl_free_request_state	Curl_free_request_state
2897096	Curl_setup_conn	todo	(free function)	Curl_setup_conn	Curl_setup_conn
2897196	Curl_done	todo	(free function)	Curl_done	Curl_done
2897425	Curl_init_do	todo	(free function)	Curl_init_do	Curl_init_do
2897497	create_conn	todo	(free function)	create_conn	create_conn
2900450	Curl_connect	todo	(free function)	Curl_connect	Curl_connect
2900526	Curl_do	todo	(free function)	Curl_do	Curl_do
2900611	Curl_do_more	todo	(free function)	Curl_do_more	Curl_do_more
2900670	unescape_word	todo	(free function)	unescape_word	unescape_word
2900751	dict_do	todo	(free function)	dict_do	dict_do
2901084	Curl_ipv6_scope	todo	(free function)	Curl_ipv6_scope	Curl_ipv6_scope
2901145	Curl_if_is_interface_name	todo	(free function)	Curl_if_is_interface_name	Curl_if_is_interface_name
2901211	Curl_if2ip	todo	(free function)	Curl_if2ip	Curl_if2ip
2901393	Curl_speedinit	todo	(free function)	Curl_speedinit	Curl_speedinit
2901407	Curl_speedcheck	todo	(free function)	Curl_speedcheck	Curl_speedcheck
2901526	telnet_done	todo	(free function)	telnet_done	telnet_done
2901565	send_telnet_data	todo	(free function)	send_telnet_data	send_telnet_data
2901674	printsub_part_1	todo	(free function)	printsub_part_1	printsub_part_1
2902051	sendsuboption	todo	(free function)	sendsuboption	sendsuboption
2902229	printoption	todo	(free function)	printoption	printoption
2902342	send_negotiation_isra_3	todo	(free function)	send_negotiation_isra_3	send_negotiation_isra_3
2902406	suboption_isra_4	todo	(free function)	suboption_isra_4	suboption_isra_4
2902680	telnet_do	todo	(free function)	telnet_do	telnet_do
2903868	Curl_parsenetrc	todo	(free function)	Curl_parsenetrc	Curl_parsenetrc
2904205	Curl_initinfo	todo	(free function)	Curl_initinfo	Curl_initinfo
2904246	Curl_getinfo	todo	(free function)	Curl_getinfo	Curl_getinfo
2904771	strcpy_url	todo	(free function)	strcpy_url	strcpy_url
2904830	Curl_fillreadbuffer	todo	(free function)	Curl_fillreadbuffer	Curl_fillreadbuffer
2905009	Curl_readrewind	todo	(free function)	Curl_readrewind	Curl_readrewind
2905118	Curl_meets_timecondition	todo	(free function)	Curl_meets_timecondition	Curl_meets_timecondition
2905170	Curl_readwrite	todo	(free function)	Curl_readwrite	Curl_readwrite
2906367	Curl_single_getsock	todo	(free function)	Curl_single_getsock	Curl_single_getsock
2906434	Curl_sleep_time	todo	(free function)	Curl_sleep_time	Curl_sleep_time
2906492	Curl_pretransfer	todo	(free function)	Curl_pretransfer	Curl_pretransfer
2906600	Curl_posttransfer	todo	(free function)	Curl_posttransfer	Curl_posttransfer
2906614	Curl_follow	todo	(free function)	Curl_follow	Curl_follow
2907173	Curl_reconnect_request	todo	(free function)	Curl_reconnect_request	Curl_reconnect_request
2907237	Curl_retry_request	todo	(free function)	Curl_retry_request	Curl_retry_request
2907324	Curl_setup_transfer	todo	(free function)	Curl_setup_transfer	Curl_setup_transfer
2907465	Curl_wildcard_init	todo	(free function)	Curl_wildcard_init	Curl_wildcard_init
2907486	Curl_wildcard_dtor	todo	(free function)	Curl_wildcard_dtor	Curl_wildcard_dtor
2907536	Curl_httpchunk_init	todo	(free function)	Curl_httpchunk_init	Curl_httpchunk_init
2907552	Curl_httpchunk_read	todo	(free function)	Curl_httpchunk_read	Curl_httpchunk_read
2907952	Curl_chunked_strerror	todo	(free function)	Curl_chunked_strerror	Curl_chunked_strerror
2908020	Curl_llist_alloc	todo	(free function)	Curl_llist_alloc	Curl_llist_alloc
2908047	Curl_llist_insert_next	todo	(free function)	Curl_llist_insert_next	Curl_llist_insert_next
2908131	Curl_llist_remove	todo	(free function)	Curl_llist_remove	Curl_llist_remove
2908208	Curl_llist_destroy	todo	(free function)	Curl_llist_destroy	Curl_llist_destroy
2908254	Curl_llist_count	todo	(free function)	Curl_llist_count	Curl_llist_count
2908268	Curl_llist_move	todo	(free function)	Curl_llist_move	Curl_llist_move
2908358	hash_element_dtor	todo	(free function)	hash_element_dtor	hash_element_dtor
2908399	Curl_hash_init	todo	(free function)	Curl_hash_init	Curl_hash_init
2908527	Curl_hash_add	todo	(free function)	Curl_hash_add	Curl_hash_add
2908651	Curl_hash_delete	todo	(free function)	Curl_hash_delete	Curl_hash_delete
2908724	Curl_hash_pick	todo	(free function)	Curl_hash_pick	Curl_hash_pick
2908797	Curl_hash_destroy	todo	(free function)	Curl_hash_destroy	Curl_hash_destroy
2908843	Curl_hash_clean_with_criterium	todo	(free function)	Curl_hash_clean_with_criterium	Curl_hash_clean_with_criterium
2908932	Curl_hash_clean	todo	(free function)	Curl_hash_clean	Curl_hash_clean
2908947	Curl_hash_str	todo	(free function)	Curl_hash_str	Curl_hash_str
2908979	Curl_str_key_compare	todo	(free function)	Curl_str_key_compare	Curl_str_key_compare
2909007	Curl_hash_start_iterate	todo	(free function)	Curl_hash_start_iterate	Curl_hash_start_iterate
2909023	Curl_hash_next_element	todo	(free function)	Curl_hash_next_element	Curl_hash_next_element
2909447	Curl_share_lock	todo	(free function)	Curl_share_lock	Curl_share_lock
2909485	Curl_share_unlock	todo	(free function)	Curl_share_unlock	Curl_share_unlock
2909523	Curl_input_digest	todo	(free function)	Curl_input_digest	Curl_input_digest
2909586	Curl_output_digest	todo	(free function)	Curl_output_digest	Curl_output_digest
2909747	Curl_digest_cleanup	todo	(free function)	Curl_digest_cleanup	Curl_digest_cleanup
2909766	Curl_ipv6works	todo	(free function)	Curl_ipv6works	Curl_ipv6works
2909814	Curl_ipvalid	todo	(free function)	Curl_ipvalid	Curl_ipvalid
2909833	Curl_getaddrinfo	todo	(free function)	Curl_getaddrinfo	Curl_getaddrinfo
2909977	Curl_set_dns_servers	todo	(free function)	Curl_set_dns_servers	Curl_set_dns_servers
2909990	Curl_set_dns_interface	todo	(free function)	Curl_set_dns_interface	Curl_set_dns_interface
2910003	Curl_set_dns_local_ip4	todo	(free function)	Curl_set_dns_local_ip4	Curl_set_dns_local_ip4
2910016	Curl_set_dns_local_ip6	todo	(free function)	Curl_set_dns_local_ip6	Curl_set_dns_local_ip6
2910657	JUhLP65fRe2	todo	(free function)	JUhLP65fRe2	JUhLP65fRe2
2910681	tftp_translate_code	todo	(free function)	tftp_translate_code	tftp_translate_code
2910758	tftp_disconnect	todo	(free function)	tftp_disconnect	tftp_disconnect
2910795	tftp_getsock	todo	(free function)	tftp_getsock	tftp_getsock
2910816	tftp_rx	todo	(free function)	tftp_rx	tftp_rx
2911043	tftp_set_timeouts	todo	(free function)	tftp_set_timeouts	tftp_set_timeouts
2911220	ZLkAeYKx	todo	(free function)	ZLkAeYKx	ZLkAeYKx
2911264	tftp_tx	todo	(free function)	tftp_tx	tftp_tx
2911522	FDcyeJSe	todo	(free function)	FDcyeJSe	FDcyeJSe
2911566	tftp_connect	todo	(free function)	tftp_connect	tftp_connect
2911708	tftp_done	todo	(free function)	tftp_done	tftp_done
2911744	tftp_setup_connection	todo	(free function)	tftp_setup_connection	tftp_setup_connection
2911806	tftp_option_add_isra_1	todo	(free function)	tftp_option_add_isra_1	tftp_option_add_isra_1
2911854	tftp_state_machine	todo	(free function)	tftp_state_machine	tftp_state_machine
2912173	tftp_multi_statemach	todo	(free function)	tftp_multi_statemach	tftp_multi_statemach
2912658	tftp_do	todo	(free function)	tftp_do	tftp_do
2912733	tftp_doing	todo	(free function)	tftp_doing	tftp_doing
2912788	Curl_memdup	todo	(free function)	Curl_memdup	Curl_memdup
2912829	Curl_blockread_all	todo	(free function)	Curl_blockread_all	Curl_blockread_all
2912937	Curl_SOCKS4	todo	(free function)	Curl_SOCKS4	Curl_SOCKS4
2913385	Curl_SOCKS5	todo	(free function)	Curl_SOCKS5	Curl_SOCKS5
2914122	Curl_raw_toupper	todo	(free function)	Curl_raw_toupper	Curl_raw_toupper
2914328	Curl_raw_equal	todo	(free function)	Curl_raw_equal	Curl_raw_equal
2914416	Curl_raw_nequal	todo	(free function)	Curl_raw_nequal	Curl_raw_nequal
2914496	Curl_strntoupper	todo	(free function)	Curl_strntoupper	Curl_strntoupper
2914535	Curl_freeaddrinfo	todo	(free function)	Curl_freeaddrinfo	Curl_freeaddrinfo
2914577	Curl_getaddrinfo_ex	todo	(free function)	Curl_getaddrinfo_ex	Curl_getaddrinfo_ex
2914761	Curl_he2ai	todo	(free function)	Curl_he2ai	Curl_he2ai
2914912	Curl_ip2addr	todo	(free function)	Curl_ip2addr	Curl_ip2addr
2915022	Curl_str2addr	todo	(free function)	Curl_str2addr	Curl_str2addr
2915089	Curl_unix2addr	todo	(free function)	Curl_unix2addr	Curl_unix2addr
2915164	Curl_memrchr	todo	(free function)	Curl_memrchr	Curl_memrchr
2915207	xr9y0uByTtlWz	todo	(free function)	xr9y0uByTtlWz	xr9y0uByTtlWz
2915242	imap_sendf	todo	(free function)	imap_sendf	imap_sendf
2915366	imap_disconnect	todo	(free function)	imap_disconnect	imap_disconnect
2915433	imap_getsock	todo	(free function)	imap_getsock	imap_getsock
2915447	imap_get_message	todo	(free function)	imap_get_message	imap_get_message
2915520	imap_atom	todo	(free function)	imap_atom	imap_atom
2915670	imap_perform_list	todo	(free function)	imap_perform_list	imap_perform_list
2915737	imap_continue_authenticate	todo	(free function)	imap_continue_authenticate	imap_continue_authenticate
2915753	imap_done	todo	(free function)	imap_done	imap_done
2915873	imap_matchresp	todo	(free function)	imap_matchresp	imap_matchresp
2915974	imap_endofresp	todo	(free function)	imap_endofresp	imap_endofresp
2916310	k1yJvVBXw0640AG	todo	(free function)	k1yJvVBXw0640AG	k1yJvVBXw0640AG
2916336	imap_multi_statemach	todo	(free function)	imap_multi_statemach	imap_multi_statemach
2916382	imap_doing	todo	(free function)	imap_doing	imap_doing
2916439	imap_perform_login_part_9	todo	(free function)	imap_perform_login_part_9	imap_perform_login_part_9
2916500	imap_connect	todo	(free function)	imap_connect	imap_connect
2916660	imap_perform_search	todo	(free function)	imap_perform_search	imap_perform_search
2916700	imap_perform_fetch	todo	(free function)	imap_perform_fetch	imap_perform_fetch
2916758	imap_setup_connection	todo	(free function)	imap_setup_connection	imap_setup_connection
2916833	imap_perform_authentication	todo	(free function)	imap_perform_authentication	imap_perform_authentication
2916912	imap_statemach_act	todo	(free function)	imap_statemach_act	imap_statemach_act
2917611	imap_do	todo	(free function)	imap_do	imap_do
2918227	pop3_done	todo	(free function)	pop3_done	pop3_done
2918279	pop3_continue_auth	todo	(free function)	pop3_continue_auth	pop3_continue_auth
2918295	pop3_disconnect	todo	(free function)	pop3_disconnect	pop3_disconnect
2918360	pop3_getsock	todo	(free function)	pop3_getsock	pop3_getsock
2918374	imap_get_message_0	todo	(free function)	imap_get_message_0	imap_get_message_0
2918446	pop3_perform_auth	todo	(free function)	pop3_perform_auth	pop3_perform_auth
2918472	pop3_multi_statemach	todo	(free function)	pop3_multi_statemach	pop3_multi_statemach
2918518	pop3_doing	todo	(free function)	pop3_doing	pop3_doing
2918530	pop3_connect	todo	(free function)	pop3_connect	pop3_connect
2918718	pop3_endofresp	todo	(free function)	pop3_endofresp	pop3_endofresp
2918810	pop3_setup_connection	todo	(free function)	pop3_setup_connection	pop3_setup_connection
2918885	pop3_perform_apop_part_13	todo	(free function)	pop3_perform_apop_part_13	pop3_perform_apop_part_13
2918973	pop3_perform_authentication	todo	(free function)	pop3_perform_authentication	pop3_perform_authentication
2919094	pop3_do	todo	(free function)	pop3_do	pop3_do
2919241	Curl_pop3_write	todo	(free function)	Curl_pop3_write	Curl_pop3_write
2919450	pop3_statemach_act	todo	(free function)	pop3_statemach_act	pop3_statemach_act
2920027	smtp_continue_auth	todo	(free function)	smtp_continue_auth	smtp_continue_auth
2920043	smtp_perform_command	todo	(free function)	smtp_perform_command	smtp_perform_command
2920113	smtp_perform_rcpt_to	todo	(free function)	smtp_perform_rcpt_to	smtp_perform_rcpt_to
2920151	smtp_disconnect	todo	(free function)	smtp_disconnect	smtp_disconnect
2920216	smtp_getsock	todo	(free function)	smtp_getsock	smtp_getsock
2920230	smtp_get_message	todo	(free function)	smtp_get_message	smtp_get_message
2920302	smtp_parse_url_path	todo	(free function)	smtp_parse_url_path	smtp_parse_url_path
2920356	smtp_done	todo	(free function)	smtp_done	smtp_done
2920510	smtp_perform_auth	todo	(free function)	smtp_perform_auth	smtp_perform_auth
2920536	smtp_multi_statemach	todo	(free function)	smtp_multi_statemach	smtp_multi_statemach
2920582	smtp_do	todo	(free function)	smtp_do	smtp_do
2920861	smtp_doing	todo	(free function)	smtp_doing	smtp_doing
2920918	smtp_connect	todo	(free function)	smtp_connect	smtp_connect
2921064	smtp_endofresp	todo	(free function)	smtp_endofresp	smtp_endofresp
2921155	smtp_setup_connection	todo	(free function)	smtp_setup_connection	smtp_setup_connection
2921212	smtp_perform_authentication	todo	(free function)	smtp_perform_authentication	smtp_perform_authentication
2921276	smtp_statemach_act	todo	(free function)	smtp_statemach_act	smtp_statemach_act
2921915	Curl_smtp_escape_eob	todo	(free function)	Curl_smtp_escape_eob	Curl_smtp_escape_eob
2922127	Curl_pp_state_timeout	todo	(free function)	Curl_pp_state_timeout	Curl_pp_state_timeout
2922201	Curl_pp_statemach	todo	(free function)	Curl_pp_statemach	Curl_pp_statemach
2922348	Curl_pp_init	todo	(free function)	Curl_pp_init	Curl_pp_init
2922371	Curl_pp_vsendf	todo	(free function)	Curl_pp_vsendf	Curl_pp_vsendf
2922490	___asprintf_1	todo	(free function)	___asprintf_1	___asprintf_1
2922549	Curl_pp_readresp	todo	(free function)	Curl_pp_readresp	Curl_pp_readresp
2922824	Curl_pp_getsock	todo	(free function)	Curl_pp_getsock	Curl_pp_getsock
2922849	Curl_pp_flushsend	todo	(free function)	Curl_pp_flushsend	Curl_pp_flushsend
2922909	Curl_pp_disconnect	todo	(free function)	Curl_pp_disconnect	Curl_pp_disconnect
2922930	Curl_pp_moredata	todo	(free function)	Curl_pp_moredata	Curl_pp_moredata
2922954	rtsp_getsock_do	todo	(free function)	rtsp_getsock_do	rtsp_getsock_do
2922969	rtsp_setup_connection	todo	(free function)	rtsp_setup_connection	rtsp_setup_connection
2922992	rtsp_disconnect	todo	(free function)	rtsp_disconnect	rtsp_disconnect
2923012	rtsp_rtp_readwrite	todo	(free function)	rtsp_rtp_readwrite	rtsp_rtp_readwrite
2923287	rtsp_connect	todo	(free function)	rtsp_connect	rtsp_connect
2923323	rtsp_done	todo	(free function)	rtsp_done	rtsp_done
2923399	rtsp_do	todo	(free function)	rtsp_do	rtsp_do
2924110	Curl_rtsp_connisdead	todo	(free function)	Curl_rtsp_connisdead	Curl_rtsp_connisdead
2924154	Curl_rtsp_parseheader	todo	(free function)	Curl_rtsp_parseheader	Curl_rtsp_parseheader
2924348	Curl_gethostname	todo	(free function)	Curl_gethostname	Curl_gethostname
2924391	gopher_do	todo	(free function)	gopher_do	gopher_do
2924569	Curl_proxyCONNECT	todo	(free function)	Curl_proxyCONNECT	Curl_proxyCONNECT
2925485	Curl_proxy_connect	todo	(free function)	Curl_proxy_connect	Curl_proxy_connect
2925548	sasl_create_plain_message	todo	(free function)	sasl_create_plain_message	sasl_create_plain_message
2925647	sasl_create_xoauth2_message	todo	(free function)	sasl_create_xoauth2_message	sasl_create_xoauth2_message
2925703	auth_digest_md5_to_ascii	todo	(free function)	auth_digest_md5_to_ascii	auth_digest_md5_to_ascii
2925738	sasl_digest_get_key_value	todo	(free function)	sasl_digest_get_key_value	sasl_digest_get_key_value
2925805	Curl_auth_create_login_message	todo	(free function)	Curl_auth_create_login_message	Curl_auth_create_login_message
2925875	Curl_sasl_digest_get_pair	todo	(free function)	Curl_sasl_digest_get_pair	Curl_sasl_digest_get_pair
2926020	Curl_sasl_build_spn	todo	(free function)	Curl_sasl_build_spn	Curl_sasl_build_spn
2926036	Curl_sasl_create_digest_md5_message	todo	(free function)	Curl_sasl_create_digest_md5_message	Curl_sasl_create_digest_md5_message
2926810	Curl_sasl_create_digest_http_message	todo	(free function)	Curl_sasl_create_digest_http_message	Curl_sasl_create_digest_http_message
2927236	Curl_auth_digest_cleanup	todo	(free function)	Curl_auth_digest_cleanup	Curl_auth_digest_cleanup
2927278	Curl_sasl_decode_digest_http_message	todo	(free function)	Curl_sasl_decode_digest_http_message	Curl_sasl_decode_digest_http_message
2927641	Curl_sasl_cleanup	todo	(free function)	Curl_sasl_cleanup	Curl_sasl_cleanup
2927655	Curl_sasl_decode_mech	todo	(free function)	Curl_sasl_decode_mech	Curl_sasl_decode_mech
2927743	Curl_sasl_parse_url_auth_option	todo	(free function)	Curl_sasl_parse_url_auth_option	Curl_sasl_parse_url_auth_option
2927821	Curl_sasl_init	todo	(free function)	Curl_sasl_init	Curl_sasl_init
2927842	Curl_sasl_can_authenticate	todo	(free function)	Curl_sasl_can_authenticate	Curl_sasl_can_authenticate
2927864	Curl_sasl_start	todo	(free function)	Curl_sasl_start	Curl_sasl_start
2928117	Curl_sasl_continue	todo	(free function)	Curl_sasl_continue	Curl_sasl_continue
2928571	Curl_dedotdotify	todo	(free function)	Curl_dedotdotify	Curl_dedotdotify
2928828	safe_strequal	todo	(free function)	safe_strequal	safe_strequal
2928864	Curl_ssl_config_matches	todo	(free function)	Curl_ssl_config_matches	Curl_ssl_config_matches
2928928	Curl_clone_ssl_config	todo	(free function)	Curl_clone_ssl_config	Curl_clone_ssl_config
2929047	Curl_free_ssl_config	todo	(free function)	Curl_free_ssl_config	Curl_free_ssl_config
2929083	Curl_rand	todo	(free function)	Curl_rand	Curl_rand
2929130	Curl_ssl_backend	todo	(free function)	Curl_ssl_backend	Curl_ssl_backend
2929143	file_setup_connection	todo	(free function)	file_setup_connection	file_setup_connection
2929176	file_disconnect	todo	(free function)	file_disconnect	file_disconnect
2929209	file_done	todo	(free function)	file_done	file_done
2929243	file_connect	todo	(free function)	file_connect	file_connect
2929330	file_do	todo	(free function)	file_do	file_do
2929921	base64_encode_isra_0	todo	(free function)	base64_encode_isra_0	base64_encode_isra_0
2930096	Curl_base64_decode	todo	(free function)	Curl_base64_decode	Curl_base64_decode
2930321	Curl_base64_encode	todo	(free function)	Curl_base64_encode	Curl_base64_encode
2930335	Curl_base64url_encode	todo	(free function)	Curl_base64url_encode	Curl_base64url_encode
2930348	readfromfile	todo	(free function)	readfromfile	readfromfile
2930435	formboundary	todo	(free function)	formboundary	formboundary
2930465	AddFormData	todo	(free function)	AddFormData	AddFormData
2930605	AddFormDataf	todo	(free function)	AddFormDataf	AddFormDataf
2930688	formdata_add_filename_isra_0	todo	(free function)	formdata_add_filename_isra_0	formdata_add_filename_isra_0
2931963	Curl_formclean	todo	(free function)	Curl_formclean	Curl_formclean
2932088	Curl_getformdata	todo	(free function)	Curl_getformdata	Curl_getformdata
2932673	Curl_FormInit	todo	(free function)	Curl_FormInit	Curl_FormInit
2932695	Curl_FormReader	todo	(free function)	Curl_FormReader	Curl_FormReader
2932793	FQ7nGU7ieY4u2A8	todo	(free function)	FQ7nGU7ieY4u2A8	FQ7nGU7ieY4u2A8
2932819	freedirs	todo	(free function)	freedirs	freedirs
2932888	ftp_state_user	todo	(free function)	ftp_state_user	ftp_state_user
2932920	ftp_state_pwd	todo	(free function)	ftp_state_pwd	ftp_state_pwd
2932944	ftp_state_loggedin	todo	(free function)	ftp_state_loggedin	ftp_state_loggedin
2932978	ftp_disconnect	todo	(free function)	ftp_disconnect	ftp_disconnect
2933086	ftp_multi_statemach	todo	(free function)	ftp_multi_statemach	ftp_multi_statemach
2933117	ftp_getsock	todo	(free function)	ftp_getsock	ftp_getsock
2933131	ftp_connect	todo	(free function)	ftp_connect	ftp_connect
2933176	ftp_state_retr	todo	(free function)	ftp_state_retr	ftp_state_retr
2933323	ftp_state_use_pasv	todo	(free function)	ftp_state_use_pasv	ftp_state_use_pasv
2933387	ftp_readresp	todo	(free function)	ftp_readresp	ftp_readresp
2933441	ftp_state_ul_setup	todo	(free function)	ftp_state_ul_setup	ftp_state_ul_setup
2933620	hyxoWdFqgyh5Tu	todo	(free function)	hyxoWdFqgyh5Tu	hyxoWdFqgyh5Tu
2933654	ftp_state_use_port	todo	(free function)	ftp_state_use_port	ftp_state_use_port
2934314	ftp_timeleft_accept	todo	(free function)	ftp_timeleft_accept	ftp_timeleft_accept
2934375	AcceptServerConnect	todo	(free function)	AcceptServerConnect	AcceptServerConnect
2934482	InitiateTransfer	todo	(free function)	InitiateTransfer	InitiateTransfer
2934556	wc_data_dtor	todo	(free function)	wc_data_dtor	wc_data_dtor
2934579	ftp_parse_url_path	todo	(free function)	ftp_parse_url_path	ftp_parse_url_path
2934984	ftp_setup_connection	todo	(free function)	ftp_setup_connection	ftp_setup_connection
2935119	ftp_state_user_resp_isra_1	todo	(free function)	ftp_state_user_resp_isra_1	ftp_state_user_resp_isra_1
2935227	ftp_domore_getsock	todo	(free function)	ftp_domore_getsock	ftp_domore_getsock
2935296	ftp_endofresp	todo	(free function)	ftp_endofresp	ftp_endofresp
2935356	ftp_epsv_disable	todo	(free function)	ftp_epsv_disable	ftp_epsv_disable
2935403	ftp_nb_type	todo	(free function)	ftp_nb_type	ftp_nb_type
2935459	ftp_state_type	todo	(free function)	ftp_state_type	ftp_state_type
2935494	ftp_state_mdtm	todo	(free function)	ftp_state_mdtm	ftp_state_mdtm
2935538	ftp_state_quote	todo	(free function)	ftp_state_quote	ftp_state_quote
2935747	ftp_state_prepare_transfer	todo	(free function)	ftp_state_prepare_transfer	ftp_state_prepare_transfer
2935848	ftp_state_rest	todo	(free function)	ftp_state_rest	ftp_state_rest
2935889	ftp_state_size	todo	(free function)	ftp_state_size	ftp_state_size
2935930	ftp_state_type_resp	todo	(free function)	ftp_state_type_resp	ftp_state_type_resp
2936121	Curl_GetFTPResponse	todo	(free function)	Curl_GetFTPResponse	Curl_GetFTPResponse
2936282	ReceivedServerConnect	todo	(free function)	ReceivedServerConnect	ReceivedServerConnect
2936414	AllowServerConnect	todo	(free function)	AllowServerConnect	AllowServerConnect
2936505	ftp_do_more	todo	(free function)	ftp_do_more	ftp_do_more
2936922	ftp_dophase_done	todo	(free function)	ftp_dophase_done	ftp_dophase_done
2937009	ftp_doing	todo	(free function)	ftp_doing	ftp_doing
2937048	ftp_statemach_act	todo	(free function)	ftp_statemach_act	ftp_statemach_act
2938689	ftp_do	todo	(free function)	ftp_do	ftp_do
2939184	ftp_done	todo	(free function)	ftp_done	ftp_done
2939635	Curl_ftpsendf	todo	(free function)	Curl_ftpsendf	Curl_ftpsendf
2939765	Curl_fileinfo_alloc	todo	(free function)	Curl_fileinfo_alloc	Curl_fileinfo_alloc
2939867	Curl_fileinfo_dtor	todo	(free function)	Curl_fileinfo_dtor	Curl_fileinfo_dtor
2939907	PL_ERROR_isra_1	todo	(free function)	PL_ERROR_isra_1	PL_ERROR_isra_1
2939942	ftp_pl_insert_finfo_isra_2	todo	(free function)	ftp_pl_insert_finfo_isra_2	ftp_pl_insert_finfo_isra_2
2940047	Curl_ftp_parselist_data_alloc	todo	(free function)	Curl_ftp_parselist_data_alloc	Curl_ftp_parselist_data_alloc
2940063	Curl_ftp_parselist_data_free	todo	(free function)	Curl_ftp_parselist_data_free	Curl_ftp_parselist_data_free
2940082	Curl_ftp_parselist_geterror	todo	(free function)	Curl_ftp_parselist_geterror	Curl_ftp_parselist_geterror
2940096	Curl_ftp_parselist	todo	(free function)	Curl_ftp_parselist	Curl_ftp_parselist
2941470	body	todo	(free function)	body	body
2942065	MD5Init	todo	(free function)	MD5Init	MD5Init
2942084	MD5_Final	todo	(free function)	MD5_Final	MD5_Final
2942275	MD5_Update	todo	(free function)	MD5_Update	MD5_Update
2942365	Curl_md5it	todo	(free function)	Curl_md5it	Curl_md5it
2942423	Curl_MD5_init	todo	(free function)	Curl_MD5_init	Curl_MD5_init
2942475	Curl_MD5_update	todo	(free function)	Curl_MD5_update	Curl_MD5_update
2942495	Curl_MD5_final	todo	(free function)	Curl_MD5_final	Curl_MD5_final
2942529	Curl_HMAC_init	todo	(free function)	Curl_HMAC_init	Curl_HMAC_init
2942646	Curl_HMAC_update	todo	(free function)	Curl_HMAC_update	Curl_HMAC_update
2942665	Curl_HMAC_final	todo	(free function)	Curl_HMAC_final	Curl_HMAC_final
2942722	loop	todo	(free function)	loop	loop
2943531	Curl_fnmatch	todo	(free function)	Curl_fnmatch	Curl_fnmatch
2943558	opus_decode_frame	todo	(free function)	opus_decode_frame	opus_decode_frame
2945031	opus_decoder_get_size	todo	(free function)	opus_decoder_get_size	opus_decoder_get_size
2945083	opus_decoder_init	todo	(free function)	opus_decoder_init	opus_decoder_init
2945216	opus_decoder_create	todo	(free function)	opus_decoder_create	opus_decoder_create
2945334	opus_decode_native	todo	(free function)	opus_decode_native	opus_decode_native
2945756	opus_decode	todo	(free function)	opus_decode	opus_decode
2945863	opus_decode_float	todo	(free function)	opus_decode_float	opus_decode_float
2945895	opus_decoder_ctl	todo	(free function)	opus_decoder_ctl	opus_decoder_ctl
2946222	opus_decoder_destroy	todo	(free function)	opus_decoder_destroy	opus_decoder_destroy
2946235	opus_packet_get_bandwidth	todo	(free function)	opus_packet_get_bandwidth	opus_packet_get_bandwidth
2946278	opus_packet_get_samples_per_frame	todo	(free function)	opus_packet_get_samples_per_frame	opus_packet_get_samples_per_frame
2946367	opus_packet_get_nb_channels	todo	(free function)	opus_packet_get_nb_channels	opus_packet_get_nb_channels
2946385	opus_packet_get_nb_frames	todo	(free function)	opus_packet_get_nb_frames	opus_packet_get_nb_frames
2946430	opus_packet_get_nb_samples	todo	(free function)	opus_packet_get_nb_samples	opus_packet_get_nb_samples
2946562	opus_decoder_get_nb_samples	todo	(free function)	opus_decoder_get_nb_samples	opus_decoder_get_nb_samples
2946692	opus_copy_channel_out_float	todo	(free function)	opus_copy_channel_out_float	opus_copy_channel_out_float
2946753	opus_copy_channel_out_short	todo	(free function)	opus_copy_channel_out_short	opus_copy_channel_out_short
2946852	opus_multistream_decoder_ctl_constprop_2	todo	(free function)	opus_multistream_decoder_ctl_constprop_2	opus_multistream_decoder_ctl_constprop_2
2946906	opus_multistream_decode_native	todo	(free function)	opus_multistream_decode_native	opus_multistream_decode_native
2947296	opus_multistream_decoder_get_size	todo	(free function)	opus_multistream_decoder_get_size	opus_multistream_decoder_get_size
2947348	opus_multistream_decoder_init	todo	(free function)	opus_multistream_decoder_init	opus_multistream_decoder_init
2947547	opus_multistream_decoder_create	todo	(free function)	opus_multistream_decoder_create	opus_multistream_decoder_create
2947667	opus_multistream_decode	todo	(free function)	opus_multistream_decode	opus_multistream_decode
2947691	opus_multistream_decode_float	todo	(free function)	opus_multistream_decode_float	opus_multistream_decode_float
2947717	opus_multistream_decoder_ctl	todo	(free function)	opus_multistream_decoder_ctl	opus_multistream_decoder_ctl
2948082	opus_multistream_decoder_destroy	todo	(free function)	opus_multistream_decoder_destroy	opus_multistream_decoder_destroy
2948098	opus_pcm_soft_clip	todo	(free function)	opus_pcm_soft_clip	opus_pcm_soft_clip
2948495	encode_size	todo	(free function)	encode_size	encode_size
2948523	opus_packet_parse_impl	todo	(free function)	opus_packet_parse_impl	opus_packet_parse_impl
2949005	opus_packet_parse	todo	(free function)	opus_packet_parse	opus_packet_parse
2949031	ec_dec_init	todo	(free function)	ec_dec_init	ec_dec_init
2949145	ec_decode	todo	(free function)	ec_decode	ec_decode
2949178	ec_decode_bin	todo	(free function)	ec_decode_bin	ec_decode_bin
2949211	ec_dec_update	todo	(free function)	ec_dec_update	ec_dec_update
2949288	ec_dec_bit_logp	todo	(free function)	ec_dec_bit_logp	ec_dec_bit_logp
2949364	ec_dec_icdf	todo	(free function)	ec_dec_icdf	ec_dec_icdf
2949448	ec_dec_uint	todo	(free function)	ec_dec_uint	ec_dec_uint
2949687	ec_dec_bits	todo	(free function)	ec_dec_bits	ec_dec_bits
2949739	deemphasis_isra_1	todo	(free function)	deemphasis_isra_1	deemphasis_isra_1
2949863	celt_decode_lost	todo	(free function)	celt_decode_lost	celt_decode_lost
2951395	celt_decoder_get_size	todo	(free function)	celt_decoder_get_size	celt_decoder_get_size
2951424	celt_decode_with_ec	todo	(free function)	celt_decode_with_ec	celt_decode_with_ec
2953823	opus_custom_decoder_ctl	todo	(free function)	opus_custom_decoder_ctl	opus_custom_decoder_ctl
2954149	celt_decoder_init	todo	(free function)	celt_decoder_init	celt_decoder_init
2954237	resampling_factor	todo	(free function)	resampling_factor	resampling_factor
2954278	comb_filter	todo	(free function)	comb_filter	comb_filter
2954484	init_caps	todo	(free function)	init_caps	init_caps
2954536	opus_strerror	todo	(free function)	opus_strerror	opus_strerror
2954558	opus_get_version_string	todo	(free function)	opus_get_version_string	opus_get_version_string
2954572	opus_custom_mode_create	todo	(free function)	opus_custom_mode_create	opus_custom_mode_create
2954625	silk_Get_Decoder_Size	todo	(free function)	silk_Get_Decoder_Size	silk_Get_Decoder_Size
2954641	silk_InitDecoder	todo	(free function)	silk_InitDecoder	silk_InitDecoder
2954665	silk_Decode	todo	(free function)	silk_Decode	silk_Decode
2955828	silk_decode_frame	todo	(free function)	silk_decode_frame	silk_decode_frame
2955981	silk_PLC_conceal	todo	(free function)	silk_PLC_conceal	silk_PLC_conceal
2956963	silk_PLC_Reset	todo	(free function)	silk_PLC_Reset	silk_PLC_Reset
2956984	silk_PLC	todo	(free function)	silk_PLC	silk_PLC
2957220	silk_PLC_glue_frames	todo	(free function)	silk_PLC_glue_frames	silk_PLC_glue_frames
2957445	silk_LPC_inverse_pred_gain	todo	(free function)	silk_LPC_inverse_pred_gain	silk_LPC_inverse_pred_gain
2957795	silk_sum_sqr_shift	todo	(free function)	silk_sum_sqr_shift	silk_sum_sqr_shift
2957918	validate_layout	todo	(free function)	validate_layout	validate_layout
2957968	get_left_channel	todo	(free function)	get_left_channel	get_left_channel
2958016	get_right_channel	todo	(free function)	get_right_channel	get_right_channel
2958065	get_mono_channel	todo	(free function)	get_mono_channel	get_mono_channel
2958113	quant_coarse_energy_impl_isra_3	todo	(free function)	quant_coarse_energy_impl_isra_3	quant_coarse_energy_impl_isra_3
2958516	quant_coarse_energy	todo	(free function)	quant_coarse_energy	quant_coarse_energy
2959038	quant_fine_energy	todo	(free function)	quant_fine_energy	quant_fine_energy
2959169	quant_energy_finalise	todo	(free function)	quant_energy_finalise	quant_energy_finalise
2959317	unquant_coarse_energy	todo	(free function)	unquant_coarse_energy	unquant_coarse_energy
2959490	unquant_fine_energy	todo	(free function)	unquant_fine_energy	unquant_fine_energy
2959572	unquant_energy_finalise	todo	(free function)	unquant_energy_finalise	unquant_energy_finalise
2959710	amp2Log2	todo	(free function)	amp2Log2	amp2Log2
2959861	_celt_lpc	todo	(free function)	_celt_lpc	_celt_lpc
2960032	celt_fir	todo	(free function)	celt_fir	celt_fir
2960523	celt_iir	todo	(free function)	celt_iir	celt_iir
2961067	_celt_autocorr	todo	(free function)	_celt_autocorr	_celt_autocorr
2961252	ec_enc_normalize	todo	(free function)	ec_enc_normalize	ec_enc_normalize
2961359	ec_enc_init	todo	(free function)	ec_enc_init	ec_enc_init
2961384	ec_encode	todo	(free function)	ec_encode	ec_encode
2961423	ec_encode_bin	todo	(free function)	ec_encode_bin	ec_encode_bin
2961465	ec_enc_bit_logp	todo	(free function)	ec_enc_bit_logp	ec_enc_bit_logp
2961497	ec_enc_icdf	todo	(free function)	ec_enc_icdf	ec_enc_icdf
2961538	ec_enc_uint	todo	(free function)	ec_enc_uint	ec_enc_uint
2961685	ec_enc_bits	todo	(free function)	ec_enc_bits	ec_enc_bits
2961746	ec_enc_patch_initial_bits	todo	(free function)	ec_enc_patch_initial_bits	ec_enc_patch_initial_bits
2961811	ec_enc_shrink	todo	(free function)	ec_enc_shrink	ec_enc_shrink
2961846	ec_enc_done	todo	(free function)	ec_enc_done	ec_enc_done
2962140	deinterleave_hadamard	todo	(free function)	deinterleave_hadamard	deinterleave_hadamard
2962298	interleave_hadamard	todo	(free function)	interleave_hadamard	interleave_hadamard
2962455	compute_theta	todo	(free function)	compute_theta	compute_theta
2963436	quant_partition	todo	(free function)	quant_partition	quant_partition
2964054	quant_band_constprop_2	todo	(free function)	quant_band_constprop_2	quant_band_constprop_2
2964839	quant_band	todo	(free function)	quant_band	quant_band
2965629	hysteresis_decision	todo	(free function)	hysteresis_decision	hysteresis_decision
2965700	celt_lcg_rand	todo	(free function)	celt_lcg_rand	celt_lcg_rand
2965716	compute_band_energies	todo	(free function)	compute_band_energies	compute_band_energies
2965845	normalise_bands	todo	(free function)	normalise_bands	normalise_bands
2966018	denormalise_bands	todo	(free function)	denormalise_bands	denormalise_bands
2966309	anti_collapse	todo	(free function)	anti_collapse	anti_collapse
2966585	spreading_decision	todo	(free function)	spreading_decision	spreading_decision
2966838	haar1	todo	(free function)	haar1	haar1
2966896	quant_all_bands	todo	(free function)	quant_all_bands	quant_all_bands
2968435	exp_rotation1	todo	(free function)	exp_rotation1	exp_rotation1
2968572	exp_rotation1_constprop_5	todo	(free function)	exp_rotation1_constprop_5	exp_rotation1_constprop_5
2968647	alg_quant	todo	(free function)	alg_quant	alg_quant
2969425	alg_unquant	todo	(free function)	alg_unquant	alg_unquant
2969980	renormalise_vector	todo	(free function)	renormalise_vector	renormalise_vector
2970106	stereo_itheta	todo	(free function)	stereo_itheta	stereo_itheta
2970214	ec_laplace_encode	todo	(free function)	ec_laplace_encode	ec_laplace_encode
2970311	ec_laplace_decode	todo	(free function)	ec_laplace_decode	ec_laplace_decode
2970428	clt_mdct_forward	todo	(free function)	clt_mdct_forward	clt_mdct_forward
2970738	clt_mdct_backward	todo	(free function)	clt_mdct_backward	clt_mdct_backward
2970985	isqrt32	todo	(free function)	isqrt32	isqrt32
2971023	pitch_downsample	todo	(free function)	pitch_downsample	pitch_downsample
2971241	celt_pitch_xcorr_c	todo	(free function)	celt_pitch_xcorr_c	celt_pitch_xcorr_c
2971439	pitch_search	todo	(free function)	pitch_search	pitch_search
2971930	remove_doubling	todo	(free function)	remove_doubling	remove_doubling
2972506	encode_pulses	todo	(free function)	encode_pulses	encode_pulses
2972615	decode_pulses	todo	(free function)	decode_pulses	decode_pulses
2972827	compute_allocation	todo	(free function)	compute_allocation	compute_allocation
2974499	ec_tell_frac	todo	(free function)	ec_tell_frac	ec_tell_frac
2974544	silk_init_decoder	todo	(free function)	silk_init_decoder	silk_init_decoder
2974624	silk_decoder_set_fs	todo	(free function)	silk_decoder_set_fs	silk_decoder_set_fs
2974873	silk_decode_parameters	todo	(free function)	silk_decode_parameters	silk_decode_parameters
2975140	silk_resampler_init	todo	(free function)	silk_resampler_init	silk_resampler_init
2975512	silk_resampler	todo	(free function)	silk_resampler	silk_resampler
2975649	silk_decode_pitch	todo	(free function)	silk_decode_pitch	silk_decode_pitch
2975754	silk_CNG_Reset	todo	(free function)	silk_CNG_Reset	silk_CNG_Reset
2975791	silk_CNG	todo	(free function)	silk_CNG	silk_CNG
2976476	silk_stereo_MS_to_LR	todo	(free function)	silk_stereo_MS_to_LR	silk_stereo_MS_to_LR
2976703	silk_stereo_decode_pred	todo	(free function)	silk_stereo_decode_pred	silk_stereo_decode_pred
2976809	silk_stereo_decode_mid_only	todo	(free function)	silk_stereo_decode_mid_only	silk_stereo_decode_mid_only
2976831	silk_decode_core	todo	(free function)	silk_decode_core	silk_decode_core
2978277	silk_decode_pulses	todo	(free function)	silk_decode_pulses	silk_decode_pulses
2978526	silk_LPC_analysis_filter	todo	(free function)	silk_LPC_analysis_filter	silk_LPC_analysis_filter
2978650	silk_bwexpander	todo	(free function)	silk_bwexpander	silk_bwexpander
2978697	silk_gains_quant	todo	(free function)	silk_gains_quant	silk_gains_quant
2978861	silk_gains_dequant	todo	(free function)	silk_gains_dequant	silk_gains_dequant
2978958	silk_gains_ID	todo	(free function)	silk_gains_ID	silk_gains_ID
2978989	silk_decode_indices	todo	(free function)	silk_decode_indices	silk_decode_indices
2979283	silk_NLSF_decode	todo	(free function)	silk_NLSF_decode	silk_NLSF_decode
2979490	silk_log2lin	todo	(free function)	silk_log2lin	silk_log2lin
2979555	silk_resampler_private_up2_HQ	todo	(free function)	silk_resampler_private_up2_HQ	silk_resampler_private_up2_HQ
2979705	silk_resampler_private_up2_HQ_wrapper	todo	(free function)	silk_resampler_private_up2_HQ_wrapper	silk_resampler_private_up2_HQ_wrapper
2979721	opus_fft	todo	(free function)	opus_fft	opus_fft
2980409	opus_ifft	todo	(free function)	opus_ifft	opus_ifft
2981090	silk_resampler_private_down_FIR	todo	(free function)	silk_resampler_private_down_FIR	silk_resampler_private_down_FIR
2981819	silk_resampler_private_AR2	todo	(free function)	silk_resampler_private_AR2	silk_resampler_private_AR2
2981873	silk_resampler_private_IIR_FIR	todo	(free function)	silk_resampler_private_IIR_FIR	silk_resampler_private_IIR_FIR
2982042	silk_shell_encoder	todo	(free function)	silk_shell_encoder	silk_shell_encoder
2982314	silk_shell_decoder	todo	(free function)	silk_shell_decoder	silk_shell_decoder
2982599	silk_NLSF2A	todo	(free function)	silk_NLSF2A	silk_NLSF2A
2983245	silk_NLSF_VQ_weights_laroia	todo	(free function)	silk_NLSF_VQ_weights_laroia	silk_NLSF_VQ_weights_laroia
2983351	silk_NLSF_stabilize	todo	(free function)	silk_NLSF_stabilize	silk_NLSF_stabilize
2983756	silk_encode_signs	todo	(free function)	silk_encode_signs	silk_encode_signs
2984081	silk_decode_signs	todo	(free function)	silk_decode_signs	silk_decode_signs
2984342	silk_bwexpander_32	todo	(free function)	silk_bwexpander_32	silk_bwexpander_32
2984410	silk_lin2log	todo	(free function)	silk_lin2log	silk_lin2log
2984482	silk_insertion_sort_increasing	todo	(free function)	silk_insertion_sort_increasing	silk_insertion_sort_increasing
2984733	silk_insertion_sort_increasing_all_values_int16	todo	(free function)	silk_insertion_sort_increasing_all_values_int16	silk_insertion_sort_increasing_all_values_int16
2984798	silk_NLSF_unpack	todo	(free function)	silk_NLSF_unpack	silk_NLSF_unpack
2984868	oggpackB_write_part_0	todo	(free function)	oggpackB_write_part_0	oggpackB_write_part_0
2984946	oggpackB_write	todo	(free function)	oggpackB_write	oggpackB_write
2985023	oggpack_write	todo	(free function)	oggpack_write	oggpack_write
2985165	oggpack_writeinit	todo	(free function)	oggpack_writeinit	oggpack_writeinit
2985194	oggpack_writeinit_0	todo	(free function)	oggpack_writeinit_0	oggpack_writeinit_0
2985221	oggpack_writecheck	todo	(free function)	oggpack_writecheck	oggpack_writecheck
2985246	oggpackB_writecheck	todo	(free function)	oggpackB_writecheck	oggpackB_writecheck
2985271	oggpack_writetrunc	todo	(free function)	oggpack_writetrunc	oggpack_writetrunc
2985301	oggpackB_writetrunc	todo	(free function)	oggpackB_writetrunc	oggpackB_writetrunc
2985330	oggpack_writealign	todo	(free function)	oggpack_writealign	oggpack_writealign
2985353	oggpackB_writealign	todo	(free function)	oggpackB_writealign	oggpackB_writealign
2985434	oggpack_writecopy	todo	(free function)	oggpack_writecopy	oggpack_writecopy
2985678	oggpackB_writecopy	todo	(free function)	oggpackB_writecopy	oggpackB_writecopy
2985897	oggpack_reset	todo	(free function)	oggpack_reset	oggpack_reset
2985922	oggpack_reset_0	todo	(free function)	oggpack_reset_0	oggpack_reset_0
2985945	oggpack_writeclear	todo	(free function)	oggpack_writeclear	oggpack_writeclear
2985974	oggpack_writeclear_0	todo	(free function)	oggpack_writeclear_0	oggpack_writeclear_0
2986001	oggpack_readinit	todo	(free function)	oggpack_readinit	oggpack_readinit
2986021	oggpackB_readinit	todo	(free function)	oggpackB_readinit	oggpackB_readinit
2986041	oggpack_look	todo	(free function)	oggpack_look	oggpack_look
2986136	oggpackB_look	todo	(free function)	oggpackB_look	oggpackB_look
2986234	oggpack_look1	todo	(free function)	oggpack_look1	oggpack_look1
2986262	oggpackB_look1	todo	(free function)	oggpackB_look1	oggpackB_look1
2986291	oggpack_adv	todo	(free function)	oggpack_adv	oggpack_adv
2986334	oggpack_adv_0	todo	(free function)	oggpack_adv_0	oggpack_adv_0
2986376	oggpack_adv1	todo	(free function)	oggpack_adv1	oggpack_adv1
2986403	oggpack_adv1_0	todo	(free function)	oggpack_adv1_0	oggpack_adv1_0
2986429	oggpack_read	todo	(free function)	oggpack_read	oggpack_read
2986539	oggpackB_read	todo	(free function)	oggpackB_read	oggpackB_read
2986654	oggpack_read1	todo	(free function)	oggpack_read1	oggpack_read1
2986700	oggpackB_read1	todo	(free function)	oggpackB_read1	oggpackB_read1
2986747	oggpack_bytes	todo	(free function)	oggpack_bytes	oggpack_bytes
2986768	oggpack_bits	todo	(free function)	oggpack_bits	oggpack_bits
2986784	oggpackB_bytes	todo	(free function)	oggpackB_bytes	oggpackB_bytes
2986804	oggpackB_bits	todo	(free function)	oggpackB_bits	oggpackB_bits
2986820	oggpack_get_buffer	todo	(free function)	oggpack_get_buffer	oggpack_get_buffer
2986835	oggpackB_get_buffer	todo	(free function)	oggpackB_get_buffer	oggpackB_get_buffer
2986850	_ZN14TXMLFileWriter11FinishWriteEv	todo	TXMLFileWriter	FinishWrite	TXMLFileWriter::FinishWrite()
2986897	_ZN14TXMLFileWriterC2ERK10wxFileName	todo	TXMLFileWriter	TXMLFileWriter	TXMLFileWriter::TXMLFileWriter(wxFileName const&)
2986943	_ZN14TXMLFileWriter9StartTagSERK8wxString	todo	TXMLFileWriter	StartTagS	TXMLFileWriter::StartTagS(wxString const&)
2987083	_ZN14TXMLFileWriterD2Ev	todo	TXMLFileWriter	~TXMLFileWriter	TXMLFileWriter::~TXMLFileWriter()
2987099	_ZN14TXMLFileWriterD0Ev	todo	TXMLFileWriter	~TXMLFileWriter	TXMLFileWriter::~TXMLFileWriter()
2987120	_Z34ix86_override_options_after_changev_109	todo	(free function)	ix86_override_options_after_change	ix86_override_options_after_change()
2987143	_ZN9RadixSortC2Ev	todo	RadixSort	RadixSort	RadixSort::RadixSort()
2987162	_ZN9RadixSortD2Ev	todo	RadixSort	~RadixSort	RadixSort::~RadixSort()
2987195	_ZN9RadixSort6ResizeEjjj	todo	RadixSort	Resize	RadixSort::Resize(unsigned int, unsigned int, unsigned int)
2987297	_ZN9RadixSort4GrowEjjj	todo	RadixSort	Grow	RadixSort::Grow(unsigned int, unsigned int, unsigned int)
2987397	_ZN9RadixSort12ResetIndicesEj	todo	RadixSort	ResetIndices	RadixSort::ResetIndices(unsigned int)
2987454	_ZN9RadixSort4SortEPKfj	todo	RadixSort	Sort	RadixSort::Sort(float const*, unsigned int)
2987929	_Z34ix86_override_options_after_changev_110	todo	(free function)	ix86_override_options_after_change	ix86_override_options_after_change()
2988208	__cxa_bad_cast	todo	(free function)	__cxa_bad_cast	__cxa_bad_cast
2988438	_ZNK12_GLOBAL__N_121future_error_category4nameEv	todo	(free function)		(anonymous namespace)::future_error_category::name() const
2988453	_ZN12_GLOBAL__N_121future_error_categoryD2Ev	todo	(free function)		(anonymous namespace)::future_error_category::~future_error_category()
2988602	_ZN12_GLOBAL__N_126__future_category_instanceEv	todo	(free function)		(anonymous namespace)::__future_category_instance()
2988644	_ZN12_GLOBAL__N_121future_error_categoryD0Ev	todo	(free function)		(anonymous namespace)::future_error_category::~future_error_category()
2988723	_ZNK12_GLOBAL__N_121future_error_category7messageEi	todo	(free function)		(anonymous namespace)::future_error_category::message(int) const
2988848	_GLOBAL__sub_I_future_cc	todo	(free function)	_GLOBAL__sub_I_future_cc	_GLOBAL__sub_I_future_cc
2988923	__libc_csu_fini	todo	(free function)	__libc_csu_fini	__libc_csu_fini
2988939	__libc_csu_init	todo	(free function)	__libc_csu_init	__libc_csu_init
2988997	atexit	todo	(free function)	atexit	atexit
2989023	stat64	todo	(free function)	stat64	stat64
2989037	lstat64	todo	(free function)	lstat64	lstat64
2989061	_term_proc	todo	(free function)	_term_proc	_term_proc
